time,high,low,close,date
1555113600,5099,5004,5045.22,13/04/2019
1555200000,5152.99,5000,5131.3,14/04/2019
1555286400,5167.38,4950,5024.95,15/04/2019
1555372800,5197.72,5003.94,5173.72,16/04/2019
1555459200,5230.4,5146.8,5202.82,17/04/2019
1555545600,5287,5198.8,5258.44,18/04/2019
1555632000,5320,5175,5258.68,19/04/2019
1555718400,5333.42,5230.1,5291.73,20/04/2019
1555804800,5314.35,5165,5256.14,21/04/2019
1555891200,5400,5208.35,5357.14,22/04/2019
1555977600,5600,5332.41,5493.31,23/04/2019
1556064000,5582.2,5333.35,5415,24/04/2019
1556150400,5491.84,5102,5219.9,25/04/2019
1556236800,5510,5161.62,5314.1,26/04/2019
1556323200,5342.5,5257.67,5295.69,27/04/2019
1556409600,5340,5259.48,5307.52,28/04/2019
1556496000,5332,5178.8,5238.14,29/04/2019
1556582400,5339.98,5192.15,5320.81,30/04/2019
1556668800,5402,5316.2,5383.2,01/05/2019
1556755200,5538,5370,5492.87,02/05/2019
1556841600,5844,5477.57,5772.69,03/05/2019
1556928000,5900,5587.45,5829.45,04/05/2019
1557014400,5839.9,5696,5775.62,05/05/2019
1557100800,5805,5619.14,5747.79,06/05/2019
1557187200,6028.41,5747.74,5846.34,07/05/2019
1557273600,6014.72,5772.2,5987.29,08/05/2019
1557360000,6224.55,5983.71,6209.18,09/05/2019
1557446400,6468.92,6172,6373.33,10/05/2019
1557532800,7343.99,6372.85,7076.22,11/05/2019
1557619200,7521.78,6750,6967.31,12/05/2019
1557705600,8100,6870,7790.71,13/05/2019
1557792000,8366,7599.56,7947.56,14/05/2019
1557878400,8249,7850,8169.87,15/05/2019
1557964800,8320,7705,7866.59,16/05/2019
1558051200,7925,6913,7355.26,17/05/2019
1558137600,7458,7156.61,7257.45,18/05/2019
1558224000,8275.09,7243.08,8148.48,19/05/2019
1558310400,8156.03,7553,7938.15,20/05/2019
1558396800,8042.32,7771,7904.87,21/05/2019
1558483200,8016,7465,7628.43,22/05/2019
1558569600,7940.98,7461,7851.51,23/05/2019
1558656000,8130,7766,7964.87,24/05/2019
1558742400,8091.8,7908.34,8025.41,25/05/2019
1558828800,8740,7833.42,8614.43,26/05/2019
1558915200,8908.32,8589,8756.32,27/05/2019
1559001600,8798.49,8510.63,8715.64,28/05/2019
1559088000,8750,8406.6,8645.68,29/05/2019
1559174400,9074.26,8005,8269.54,30/05/2019
1559260800,8594,8108.5,8555,31/05/2019
1559347200,8626,8442.36,8544.07,01/06/2019
1559433600,8814.78,8524,8725.98,02/06/2019
1559520000,8800.95,8080.8,8115.82,03/06/2019
1559606400,8115.66,7481.02,7687.03,04/06/2019
1559692800,7896.7,7572.78,7776.5,05/06/2019
1559779200,7868.13,7444.58,7786.7,06/06/2019
1559865600,8100,7737.49,7980.53,07/06/2019
1559952000,8044.65,7751,7893.62,08/06/2019
1560038400,7935,7506.66,7628.13,09/06/2019
1560124800,8020,7511,7982.75,10/06/2019
1560211200,8010,7692.23,7884.9,11/06/2019
1560297600,8200,7788.99,8127.64,12/06/2019
1560384000,8309.82,8010.03,8218.54,13/06/2019
1560470400,8684.41,8144.32,8650,14/06/2019
1560556800,8864.99,8567.63,8808.7,15/06/2019
1560643200,9333,8760,8953.33,16/06/2019
1560729600,9444,8950,9313.96,17/06/2019
1560816000,9336.36,8950,9081.55,18/06/2019
1560902400,9304,8960,9255.49,19/06/2019
1560988800,9590,9175.2,9517.12,20/06/2019
1561075200,10174.99,9518.06,10159.86,21/06/2019
1561161600,11160,9921.72,10729.5,22/06/2019
1561248000,11392.64,10555.18,10906.07,23/06/2019
1561334400,11143.63,10620.8,11056.59,24/06/2019
1561420800,11850,11026,11820.86,25/06/2019
1561507200,13970,11741,13093.8,26/06/2019
1561593600,13478.04,10525.1,11329.99,27/06/2019
1561680000,12480,10982.88,12400.63,28/06/2019
1561766400,12441.54,11475.02,11903.13,29/06/2019
1561852800,12180,10766.03,10854.1,30/06/2019
1561939200,11282.28,10030,10624.93,01/07/2019
1562025600,10938.75,9727,10842.85,02/07/2019
1562112000,11991.89,10841.04,11940,03/07/2019
1562198400,12000,11055,11145.67,04/07/2019
1562284800,11406.83,10796.44,10970.73,05/07/2019
1562371200,11665,10964.51,11256.49,06/07/2019
1562457600,11538,11094.37,11406.24,07/07/2019
1562544000,12338.03,11220,12238.6,08/07/2019
1562630400,12794.73,12068,12543.41,09/07/2019
1562716800,13147.08,11569,12108.37,10/07/2019
1562803200,12111.73,11000,11342.89,11/07/2019
1562889600,11885,11073,11757.22,12/07/2019
1562976000,11799.98,10830,11355.76,13/07/2019
1563062400,11452,10103,10174.18,14/07/2019
1563148800,11100,9860,10838.72,15/07/2019
1563235200,11028,9350.01,9439.59,16/07/2019
1563321600,9957,9060,9667.92,17/07/2019
1563408000,10788,9252,10627.16,18/07/2019
1563494400,10769.71,10121.84,10504.29,19/07/2019
1563580800,11068.99,10350,10740.23,20/07/2019
1563667200,10817.9,10288,10589.45,21/07/2019
1563753600,10683.16,10100,10340.31,22/07/2019
1563840000,10343.97,9822,9864.91,23/07/2019
1563926400,9937,9525,9763.28,24/07/2019
1564012800,10175,9720.03,9879.87,25/07/2019
1564099200,9889.98,9637,9824,26/07/2019
1564185600,10188.66,9333,9476.52,27/07/2019
1564272000,9594.99,9165,9541.54,28/07/2019
1564358400,9729,9395,9507.64,29/07/2019
1564444800,9714.28,9402,9574.21,30/07/2019
1564531200,10109.8,9555,10080.53,31/07/2019
1564617600,10467.86,9863.46,10374.99,01/08/2019
1564704000,10670,10281.35,10523.75,02/08/2019
1564790400,10904.77,10497.93,10816.86,03/08/2019
1564876800,11040,10552,10929.23,04/08/2019
1564963200,11937.52,10927.8,11828.8,05/08/2019
1565049600,12330.7,11226.7,11481.69,06/08/2019
1565136000,12141.17,11382.84,11975.03,07/08/2019
1565222400,12060,11521,11999.77,08/08/2019
1565308800,12045.68,11700,11879.99,09/08/2019
1565395200,11985,11270,11309.31,10/08/2019
1565481600,11600,11112.11,11549.97,11/08/2019
1565568000,11577.89,11235.32,11396.08,12/08/2019
1565654400,11456.16,10788.45,10892.71,13/08/2019
1565740800,10897.48,9928.1,10050.37,14/08/2019
1565827200,10460,9911,10293.93,15/08/2019
1565913600,10536.03,9750,10331.54,16/08/2019
1566000000,10465.14,10000,10216.02,17/08/2019
1566086400,10500,10080,10306.78,18/08/2019
1566172800,10930,10258.6,10915.54,19/08/2019
1566259200,10949.96,10560,10760.51,20/08/2019
1566345600,10804.13,9858,10142.57,21/08/2019
1566432000,10242,9762,10099.88,22/08/2019
1566518400,10445,10019.79,10389.55,23/08/2019
1566604800,10419.42,9890,10134.35,24/08/2019
1566691200,10333,9906.97,10142.69,25/08/2019
1566777600,10604,10137.93,10372.25,26/08/2019
1566864000,10391.08,10051.08,10185.05,27/08/2019
1566950400,10299,9601.01,9721,28/08/2019
1567036800,9724,9320,9498.44,29/08/2019
1567123200,9696,9350.41,9584.54,30/08/2019
1567209600,9684.51,9420.75,9587.47,31/08/2019
1567296000,9830,9520,9724.98,01/09/2019
1567382400,10450,9712.5,10340,02/09/2019
1567468800,10773,10272,10615.28,03/09/2019
1567555200,10799,10369.89,10567.02,04/09/2019
1567641600,10900,10450,10564.49,05/09/2019
1567728000,10905.87,10150,10298.73,06/09/2019
1567814400,10558,10288.57,10455.88,07/09/2019
1567900800,10592.5,10208,10381.18,08/09/2019
1567987200,10480,10068.5,10303.12,09/09/2019
1568073600,10384.99,9953,10098.15,10/09/2019
1568160000,10293,9880,10158.33,11/09/2019
1568246400,10448.81,10040,10415.01,12/09/2019
1568332800,10439,10153,10342.06,13/09/2019
1568419200,10419.99,10222.33,10335.02,14/09/2019
1568505600,10360,10252.15,10302.01,15/09/2019
1568592000,10355,10078,10251.31,16/09/2019
1568678400,10275,10128.01,10187.82,17/09/2019
1568764800,10258.02,10100,10156.99,18/09/2019
1568851200,10325,9653,10244.29,19/09/2019
1568937600,10281,10061.39,10168.59,20/09/2019
1569024000,10176.7,9900,9986.39,21/09/2019
1569110400,10089,9853.97,10028.87,22/09/2019
1569196800,10049.99,9615.77,9702.25,23/09/2019
1569283200,9794.99,7800,8493.14,24/09/2019
1569369600,8730,8215.64,8430.05,25/09/2019
1569456000,8465.99,7750,8063.73,26/09/2019
1569542400,8265,7852.15,8177.91,27/09/2019
1569628800,8315,8001.09,8198.81,28/09/2019
1569715200,8229.13,7890,8043.82,29/09/2019
1569801600,8337.26,7710,8289.34,30/09/2019
1569888000,8500,8173.05,8292.44,01/10/2019
1569974400,8373.91,8151.22,8359.94,02/10/2019
1570060800,8393,8060,8223.96,03/10/2019
1570147200,8232.41,8005,8137.13,04/10/2019
1570233600,8183.41,8012.98,8126.19,05/10/2019
1570320000,8153.87,7785,7854.25,06/10/2019
1570406400,8299.92,7762,8190.09,07/10/2019
1570492800,8325,8088.75,8168.39,08/10/2019
1570579200,8670,8115,8560.74,09/10/2019
1570665600,8644,8414.52,8558.03,10/10/2019
1570752000,8779.51,8212.38,8258.5,11/10/2019
1570838400,8400,8250,8300.09,12/10/2019
1570924800,8451.37,8160,8275.01,13/10/2019
1571011200,8388.85,8203,8348.2,14/10/2019
1571097600,8403,8090,8159.29,15/10/2019
1571184000,8181.16,7917,7991.74,16/10/2019
1571270400,8124.92,7929.03,8070.58,17/10/2019
1571356800,8115,7816.01,7947.01,18/10/2019
1571443200,8098.1,7866.92,7948.01,19/10/2019
1571529600,8297,7870,8223.35,20/10/2019
1571616000,8333,8142.03,8197.27,21/10/2019
1571702400,8297.99,8000,8020,22/10/2019
1571788800,8047.59,7300,7466.62,23/10/2019
1571875200,7503.68,7337.99,7412.41,24/10/2019
1571961600,8799,7361,8655.02,25/10/2019
1572048000,10370,8470.38,9230,26/10/2019
1572134400,9794.98,9074.34,9529.93,27/10/2019
1572220800,9902.1,9160,9205.14,28/10/2019
1572307200,9550,9072,9407.62,29/10/2019
1572393600,9409.84,9001.01,9154.72,30/10/2019
1572480000,9405,8913,9140.85,31/10/2019
1572566400,9279,9030,9231.61,01/11/2019
1572652800,9373.74,9186.21,9289.52,02/11/2019
1572739200,9362.57,9066.14,9194.71,03/11/2019
1572825600,9513.68,9115.84,9393.35,04/11/2019
1572912000,9454.95,9175.76,9308.66,05/11/2019
1572998400,9440.91,9250.01,9339.05,06/11/2019
1573084800,9375,9101,9216.2,07/11/2019
1573171200,9261,8696,8773.73,08/11/2019
1573257600,8880,8724.88,8809.41,09/11/2019
1573344000,9147.19,8750,9039.47,10/11/2019
1573430400,9072.32,8618.68,8733.27,11/11/2019
1573516800,8888,8567.6,8821.94,12/11/2019
1573603200,8844.99,8702,8777.12,13/11/2019
1573689600,8800,8582.6,8646.68,14/11/2019
1573776000,8790,8400,8471.73,15/11/2019
1573862400,8543,8400,8491.02,16/11/2019
1573948800,8635,8350.68,8502.4,17/11/2019
1574035200,8503.52,8060,8187.17,18/11/2019
1574121600,8218.63,8003,8133.64,19/11/2019
1574208000,8264.29,8038.4,8098.01,20/11/2019
1574294400,8134.73,7500,7627.74,21/11/2019
1574380800,7750,6790,7268.23,22/11/2019
1574467200,7344.48,7080.01,7311.57,23/11/2019
1574553600,7330.39,6861,6903.28,24/11/2019
1574640000,7377.69,6515,7109.57,25/11/2019
1574726400,7340,7017.48,7156.14,26/11/2019
1574812800,7655,6840,7508.52,27/11/2019
1574899200,7643,7360,7419.49,28/11/2019
1574985600,7850,7362.3,7739.68,29/11/2019
1575072000,7810,7441,7541.89,30/11/2019
1575158400,7541.85,7210,7390.89,01/12/2019
1575244800,7420.56,7151.1,7294.28,02/12/2019
1575331200,7400,7241.35,7292.71,03/12/2019
1575417600,7750,7067,7194.32,04/12/2019
1575504000,7485,7150,7389,05/12/2019
1575590400,7590.03,7305,7527.47,06/12/2019
1575676800,7619.62,7470.16,7488.21,07/12/2019
1575763200,7564,7374.86,7510.11,08/12/2019
1575849600,7650,7273,7338.64,09/12/2019
1575936000,7407.6,7157.1,7224.13,10/12/2019
1576022400,7275.5,7125.66,7210,11/12/2019
1576108800,7295,7080.3,7198.08,12/12/2019
1576195200,7309.05,7190.76,7258.48,13/12/2019
1576281600,7271.77,7012,7064.05,14/12/2019
1576368000,7200.3,7008.35,7118.59,15/12/2019
1576454400,7150,6836,6891.72,16/12/2019
1576540800,6942.21,6560,6623.82,17/12/2019
1576627200,7440,6435,7277.83,18/12/2019
1576713600,7380,7038.31,7150.3,19/12/2019
1576800000,7220,7079.5,7187.83,20/12/2019
1576886400,7190.58,7105,7132.75,21/12/2019
1576972800,7518.54,7122.47,7501.44,22/12/2019
1577059200,7695.38,7265.84,7317.09,23/12/2019
1577145600,7436.68,7157.04,7255.77,24/12/2019
1577232000,7271.77,7128.86,7204.63,25/12/2019
1577318400,7435,7157.12,7202,26/12/2019
1577404800,7275.86,7076.42,7254.74,27/12/2019
1577491200,7365.01,7238.67,7316.14,28/12/2019
1577577600,7528.45,7288,7388.24,29/12/2019
1577664000,7408.24,7220,7246,30/12/2019
1577750400,7320,7145.01,7195.23,31/12/2019
1577836800,7255,7175.15,7200.85,01/01/2020
1577923200,7212.5,6924.74,6965.71,02/01/2020
1578009600,7405,6871.04,7344.96,03/01/2020
1578096000,7404,7272.21,7354.11,04/01/2020
1578182400,7495,7318,7358.75,05/01/2020
1578268800,7795.34,7346.76,7758,06/01/2020
1578355200,8207.68,7723.71,8145.28,07/01/2020
1578441600,8455,7870,8055.98,08/01/2020
1578528000,8055.96,7750,7817.76,09/01/2020
1578614400,8199,7672,8197.02,10/01/2020
1578700800,8286.34,8003.16,8020.01,11/01/2020
1578787200,8197,7960,8184.98,12/01/2020
1578873600,8196,8055.89,8110.34,13/01/2020
1578960000,8880,8105.54,8810.01,14/01/2020
1579046400,8916.48,8564,8821.41,15/01/2020
1579132800,8859.81,8586,8720.01,16/01/2020
1579219200,9041.65,8672.44,8913.28,17/01/2020
1579305600,8988.88,8806.38,8915.96,18/01/2020
1579392000,9198.98,8466,8701.7,19/01/2020
1579478400,8746.99,8521.28,8642.35,20/01/2020
1579564800,8789,8488,8736.03,21/01/2020
1579651200,8818,8590,8682.36,22/01/2020
1579737600,8691.81,8306.39,8404.52,23/01/2020
1579824000,8528.02,8238,8439,24/01/2020
1579910400,8451.26,8254.9,8340.58,25/01/2020
1579996800,8618.13,8293.66,8615,26/01/2020
1580083200,9000,8535,8907.57,27/01/2020
1580169600,9400,8862.4,9374.21,28/01/2020
1580256000,9449.24,9216,9301.53,29/01/2020
1580342400,9578,9204.44,9513.21,30/01/2020
1580428800,9530.22,9210.01,9352.89,31/01/2020
1580515200,9464.53,9281,9384.61,01/02/2020
1580601600,9477.03,9120,9331.51,02/02/2020
1580688000,9618.79,9234,9292.24,03/02/2020
1580774400,9350,9093.01,9197.02,04/02/2020
1580860800,9744.45,9177.22,9612.04,05/02/2020
1580947200,9862.57,9526.35,9772,06/02/2020
1581033600,9885,9730,9813.73,07/02/2020
1581120000,9940,9667.11,9895.05,08/02/2020
1581206400,10166,9880.75,10151.75,09/02/2020
1581292800,10188,9756,9851.83,10/02/2020
1581379200,10323.59,9700,10223.08,11/02/2020
1581465600,10450,10223.08,10326.46,12/02/2020
1581552000,10500,10080,10229.63,13/02/2020
1581638400,10381.56,10111.37,10344.36,14/02/2020
1581724800,10375,9801,9904.72,15/02/2020
1581811200,10050,9638.12,9917.27,16/02/2020
1581897600,9964.16,9452.67,9706,17/02/2020
1581984000,10250,9576.01,10164.71,18/02/2020
1582070400,10250,9350,9593.79,19/02/2020
1582156800,9699,9400,9596.42,20/02/2020
1582243200,9755.51,9550.21,9677.05,21/02/2020
1582329600,9709.17,9560.02,9650.86,22/02/2020
1582416000,9990,9645,9936.4,23/02/2020
1582502400,9990,9473.56,9656.13,24/02/2020
1582588800,9675,9250,9315.84,25/02/2020
1582675200,9377.44,8633.63,8785.25,26/02/2020
1582761600,8971.77,8531,8823.21,27/02/2020
1582848000,8900,8445,8692.91,28/02/2020
1582934400,8790,8523.55,8523.61,29/02/2020
1583020800,8750,8411,8531.88,01/03/2020
1583107200,8965.75,8498,8915.24,02/03/2020
1583193600,8919.65,8651,8760.07,03/03/2020
1583280000,8848.29,8660,8750.87,04/03/2020
1583366400,9159.42,8746.54,9054.68,05/03/2020
1583452800,9170,8985.5,9131.88,06/03/2020
1583539200,9188,8835,8886.66,07/03/2020
1583625600,8886.76,8000,8033.31,08/03/2020
1583712000,8179.31,7632.01,7929.87,09/03/2020
1583798400,8149,7728.01,7894.56,10/03/2020
1583884800,7980,7590,7934.52,11/03/2020
1583971200,7966.17,4410,4800,12/03/2020
1584057600,5955,3782.13,5578.6,13/03/2020
1584144000,5640.52,5055.13,5172.06,14/03/2020
1584230400,5940,5093.1,5361.3,15/03/2020
1584316800,5365.42,4442.12,5028.97,16/03/2020
1584403200,5525,4921.45,5312.64,17/03/2020
1584489600,5436.17,5009.37,5393.04,18/03/2020
1584576000,6400,5252.53,6162.37,19/03/2020
1584662400,6900,5670,6208.36,20/03/2020
1584748800,6456.98,5860.02,6186.98,21/03/2020
1584835200,6407.87,5734.01,5816.19,22/03/2020
1584921600,6600,5688,6467.31,23/03/2020
1585008000,6833,6371.33,6744.72,24/03/2020
1585094400,6957.96,6450,6677.43,25/03/2020
1585180800,6780,6510,6737.36,26/03/2020
1585267200,6842.59,6261,6359.11,27/03/2020
1585353600,6360,6024,6236.65,28/03/2020
1585440000,6266,5866.56,5881.42,29/03/2020
1585526400,6599,5857.76,6394.38,30/03/2020
1585612800,6523.23,6321.4,6410.44,31/03/2020
1585699200,6679.94,6150.11,6642.92,01/04/2020
1585785600,7198,6551,6794.09,02/04/2020
1585872000,7048,6602.1,6734.1,03/04/2020
1585958400,6990.41,6650.01,6856.99,04/04/2020
1586044800,6895.54,6677.52,6772.78,05/04/2020
1586131200,7355.14,6765,7329.9,06/04/2020
1586217600,7459.69,7077,7197.32,07/04/2020
1586304000,7420,7150,7361.28,08/04/2020
1586390400,7371.92,7108.08,7283.54,09/04/2020
1586476800,7295.75,6739.98,6858.92,10/04/2020
1586563200,6944.3,6760,6876.83,11/04/2020
1586649600,7177,6780,6903.79,12/04/2020
1586736000,6903.79,6575,6837.91,13/04/2020
1586822400,6978,6754.28,6868.7,14/04/2020
1586908800,6933,6605,6621.24,15/04/2020
1586995200,7190,6468.27,7101.94,16/04/2020
1587081600,7148.12,6972.98,7027.55,17/04/2020
1587168000,7293.08,7014.4,7248.6,18/04/2020
1587254400,7266.15,7055.6,7120.74,19/04/2020
1587340800,7220,6751,6826.83,20/04/2020
1587427200,6940,6762,6841.37,21/04/2020
1587513600,7156.38,6818,7125.14,22/04/2020
1587600000,7738,7020,7482.39,23/04/2020
1587686400,7615.96,7388,7505,24/04/2020
1587772800,7705,7431.07,7538.67,25/04/2020
1587859200,7700,7480,7693.1,26/04/2020
1587945600,7792.02,7606,7774.62,27/04/2020
1588032000,7780,7659.12,7738.98,28/04/2020
1588118400,8952.89,7710.05,8778.57,29/04/2020
1588204800,9460,8401,8620,30/04/2020
1588291200,9059.18,8613.56,8826.96,01/05/2020
1588377600,9010,8753,8972.05,02/05/2020
1588464000,9200,8712,8894.16,03/05/2020
1588550400,8950,8522,8871.96,04/05/2020
1588636800,9118.58,8760,9021.83,05/05/2020
1588723200,9395,8906.21,9142.92,06/05/2020
1588809600,10067,9021,9986.4,07/05/2020
1588896000,10035.96,9705,9800.01,08/05/2020
1588982400,9914.25,9520,9539.4,09/05/2020
1589068800,9574.83,8117,8722.77,10/05/2020
1589155200,9168,8200,8561.52,11/05/2020
1589241600,8978.26,8528.78,8810.79,12/05/2020
1589328000,9398,8792.99,9309.37,13/05/2020
1589414400,9939,9256.76,9791.98,14/05/2020
1589500800,9845.62,9150,9316.42,15/05/2020
1589587200,9588,9220,9381.27,16/05/2020
1589673600,9888,9322.1,9680.04,17/05/2020
1589760000,9950,9464.23,9733.93,18/05/2020
1589846400,9897.21,9474,9775.53,19/05/2020
1589932800,9842,9326,9511.43,20/05/2020
1590019200,9578.47,8815,9068.65,21/05/2020
1590105600,9271,8933.52,9170,22/05/2020
1590192000,9307.85,9070,9179.15,23/05/2020
1590278400,9298,8700,8720.34,24/05/2020
1590364800,8979.66,8642.72,8900.35,25/05/2020
1590451200,9017.67,8700,8841.18,26/05/2020
1590537600,9225,8811.73,9204.07,27/05/2020
1590624000,9625.47,9110,9575.89,28/05/2020
1590710400,9605.26,9330,9427.07,29/05/2020
1590796800,9740,9331.23,9697.72,30/05/2020
1590883200,9700,9381.41,9448.27,31/05/2020
1590969600,10380,9421.67,10200.77,01/06/2020
1591056000,10228.99,9266,9518.04,02/06/2020
1591142400,9690,9365.21,9666.24,03/06/2020
1591228800,9881.63,9450,9789.06,04/06/2020
1591315200,9854.75,9581,9621.16,05/06/2020
1591401600,9735,9531.05,9666.3,06/06/2020
1591488000,9802,9372.46,9746.99,07/06/2020
1591574400,9800,9633,9782.01,08/06/2020
1591660800,9877,9570,9772.43,09/06/2020
1591747200,9992.72,9704.18,9885,10/06/2020
1591833600,9964,9113,9280.4,11/06/2020
1591920000,9557.12,9232.51,9465.13,12/06/2020
1592006400,9494.73,9351,9473.34,13/06/2020
1592092800,9480.99,9245,9342.1,14/06/2020
1592179200,9495,8910.45,9426.02,15/06/2020
1592265600,9589,9373.09,9525.59,16/06/2020
1592352000,9565,9236.61,9465.14,17/06/2020
1592438400,9489,9280,9386.32,18/06/2020
1592524800,9438.3,9215.79,9310.23,19/06/2020
1592611200,9395,9170.95,9358.95,20/06/2020
1592697600,9422,9281.54,9294.69,21/06/2020
1592784000,9780,9277.09,9685.69,22/06/2020
1592870400,9720,9577.03,9624.89,23/06/2020
1592956800,9670,9208,9296.49,24/06/2020
1593043200,9340,9009.69,9249.49,25/06/2020
1593129600,9298,9045.45,9162.21,26/06/2020
1593216000,9196.24,8833,9012,27/06/2020
1593302400,9191,8948.06,9116.35,28/06/2020
1593388800,9238,9024.67,9192.56,29/06/2020
1593475200,9205,9064.89,9138.55,30/06/2020
1593561600,9292,9080.1,9232,01/07/2020
1593648000,9261.96,8940,9086.54,02/07/2020
1593734400,9125,9037.47,9058.26,03/07/2020
1593820800,9190,9040.04,9135.46,04/07/2020
1593907200,9145.24,8893.03,9069.41,05/07/2020
1593993600,9375,9055.92,9344.2,06/07/2020
1594080000,9379.42,9203,9257.39,07/07/2020
1594166400,9470,9231,9436.06,08/07/2020
1594252800,9440.79,9160,9232.43,09/07/2020
1594339200,9317.48,9125,9288.34,10/07/2020
1594425600,9299.28,9178.25,9234.03,11/07/2020
1594512000,9345,9157.5,9302.75,12/07/2020
1594598400,9343.82,9200.89,9242.62,13/07/2020
1594684800,9279.54,9113,9255.85,14/07/2020
1594771200,9276.49,9160.57,9197.6,15/07/2020
1594857600,9226.15,9047.25,9133.72,16/07/2020
1594944000,9186.83,9089.81,9154.32,17/07/2020
1595030400,9219.3,9121.1,9170.28,18/07/2020
1595116800,9232.27,9101.35,9208.99,19/07/2020
1595203200,9221.52,9131,9160.78,20/07/2020
1595289600,9437.73,9152.8,9390,21/07/2020
1595376000,9544,9261,9518.16,22/07/2020
1595462400,9664,9440.33,9603.27,23/07/2020
1595548800,9637,9463.44,9537.8,24/07/2020
1595635200,9732.9,9513,9700.42,25/07/2020
1595721600,10111,9650,9931.54,26/07/2020
1595808000,11394.86,9917.21,11029.96,27/07/2020
1595894400,11242.23,10565,10906.27,28/07/2020
1595980800,11342.82,10812,11100.53,29/07/2020
1596067200,11170,10831,11099.61,30/07/2020
1596153600,11444,10960,11335.46,31/07/2020
1596240000,11861,11220,11801.17,01/08/2020
1596326400,12123.46,10518.5,11071.35,02/08/2020
1596412800,11473,10936,11219.81,03/08/2020
1596499200,11414.98,11000,11191.97,04/08/2020
1596585600,11780.93,11093,11744.91,05/08/2020
1596672000,11900,11562.5,11762.46,06/08/2020
1596758400,11909.94,11322,11594.23,07/08/2020
1596844800,11808.27,11512,11761.41,08/08/2020
1596931200,11797.11,11521.97,11681.68,09/08/2020
1597017600,12067.35,11450,11892.92,10/08/2020
1597104000,11935,11125,11392.08,11/08/2020
1597190400,11617.52,11150,11564.33,12/08/2020
1597276800,11792.96,11270.36,11780,13/08/2020
1597363200,11850,11634.03,11760.54,14/08/2020
1597449600,11980,11680,11852.4,15/08/2020
1597536000,11931.72,11686,11911,16/08/2020
1597622400,12468,11769.78,12281.13,17/08/2020
1597708800,12387.77,11817.93,11945.01,18/08/2020
1597795200,12020.08,11561,11754.59,19/08/2020
1597881600,11888,11668,11853.55,20/08/2020
1597968000,11878,11485.81,11531.34,21/08/2020
1598054400,11686,11376.81,11662.96,22/08/2020
1598140800,11718.07,11514.13,11648.13,23/08/2020
1598227200,11824.9,11585.09,11748.2,24/08/2020
1598313600,11767.85,11117.64,11318.42,25/08/2020
1598400000,11539.32,11244,11461.43,26/08/2020
1598486400,11592.2,11125,11330.38,27/08/2020
1598572800,11542.65,11276.89,11526.91,28/08/2020
1598659200,11580.02,11417.04,11465.84,29/08/2020
1598745600,11719,11458,11711.16,30/08/2020
1598832000,11800.77,11570,11649.51,31/08/2020
1598918400,12050.85,11515,11921.97,01/09/2020
1599004800,11954.57,11160.1,11388.54,02/09/2020
1599091200,11462.6,9960.8,10140.85,03/09/2020
1599177600,10627.05,9875.5,10446.25,04/09/2020
1599264000,10565.68,9825,10166.69,05/09/2020
1599350400,10347.14,9994.86,10256.2,06/09/2020
1599436800,10410.75,9875,10373.44,07/09/2020
1599523200,10438,9850,10126.65,08/09/2020
1599609600,10343,9981.01,10219.2,09/09/2020
1599696000,10483.35,10070.83,10336.87,10/09/2020
1599782400,10397.6,10200,10387.89,11/09/2020
1599868800,10477.97,10269.25,10440.92,12/09/2020
1599955200,10580.11,10200,10332.83,13/09/2020
1600041600,10750,10212.34,10671.77,14/09/2020
1600128000,10930.04,10606.48,10785.31,15/09/2020
1600214400,11093,10661.22,10954.01,16/09/2020
1600300800,11045.46,10745.83,10939.99,17/09/2020
1600387200,11038.03,10812.84,10933.39,18/09/2020
1600473600,11179.79,10887.37,11080.65,19/09/2020
1600560000,11080.64,10723,10920.28,20/09/2020
1600646400,10988.86,10296.35,10417.22,21/09/2020
1600732800,10572.71,10353,10529.61,22/09/2020
1600819200,10537.15,10136.82,10241.46,23/09/2020
1600905600,10795.24,10190.93,10736.32,24/09/2020
1600992000,10760.53,10556.24,10686.67,25/09/2020
1601078400,10820.94,10644.68,10728.6,26/09/2020
1601164800,10799,10594.82,10774.25,27/09/2020
1601251200,10950,10626,10696.12,28/09/2020
1601337600,10867.54,10635.87,10840.48,29/09/2020
1601424000,10849.34,10665.13,10776.59,30/09/2020
1601510400,10920,10437,10619.13,01/10/2020
1601596800,10664.64,10374,10570.4,02/10/2020
1601683200,10603.56,10496.46,10542.06,03/10/2020
1601769600,10696.87,10517.87,10666.63,04/10/2020
1601856000,10798,10615.64,10792.21,05/10/2020
1601942400,10800,10525,10599.66,06/10/2020
1602028800,10681.87,10546.17,10666.39,07/10/2020
1602115200,10950,10530.41,10925.57,08/10/2020
1602201600,11104.64,10829,11050.64,09/10/2020
1602288000,11491,11050.51,11293.22,10/10/2020
1602374400,11445,11221,11369.02,11/10/2020
1602460800,11720.01,11172,11528.25,12/10/2020
1602547200,11557,11300,11420.56,13/10/2020
1602633600,11547.98,11280,11417.89,14/10/2020
1602720000,11617.34,11250.83,11505.12,15/10/2020
1602806400,11541.15,11200,11319.32,16/10/2020
1602892800,11402.42,11255,11360.2,17/10/2020
1602979200,11505,11346.22,11503.14,18/10/2020
1603065600,11823.99,11407.96,11751.47,19/10/2020
1603152000,12038.38,11677.59,11909.99,20/10/2020
1603238400,13217.68,11886.95,12780.96,21/10/2020
1603324800,13185,12678.08,12968.52,22/10/2020
1603411200,13027.69,12720.08,12923.07,23/10/2020
1603497600,13166.73,12870,13111.73,24/10/2020
1603584000,13350,12888,13028.83,25/10/2020
1603670400,13238.81,12765,13052.19,26/10/2020
1603756800,13789.29,13019.87,13636.17,27/10/2020
1603843200,13859.48,12888,13266.4,28/10/2020
1603929600,13642.91,12920.77,13455.7,29/10/2020
1604016000,13669.98,13115,13560.1,30/10/2020
1604102400,14100,13411.5,13791,31/10/2020
1604188800,13895,13603,13761.5,01/11/2020
1604275200,13830,13195.05,13549.37,02/11/2020
1604361600,14066.11,13284.99,14023.53,03/11/2020
1604448000,14259,13525,14144.01,04/11/2020
1604534400,15750,14093.56,15590.02,05/11/2020
1604620800,15960,15166,15579.92,06/11/2020
1604707200,15753.52,14344.22,14818.3,07/11/2020
1604793600,15650,14703.88,15475.1,08/11/2020
1604880000,15840,14805.54,15328.41,09/11/2020
1604966400,15460,15072.46,15297.21,10/11/2020
1605052800,15965,15272.68,15684.24,11/11/2020
1605139200,16340.7,15440.64,16291.86,12/11/2020
1605225600,16480,15952.35,16320.7,13/11/2020
1605312000,16326.99,15670,16070.45,14/11/2020
1605398400,16180,15774.72,15957,15/11/2020
1605484800,16880,15864,16713.57,16/11/2020
1605571200,17858.82,16538,17659.38,17/11/2020
1605657600,18476.93,17214.45,17776.12,18/11/2020
1605744000,18179.8,17335.65,17802.82,19/11/2020
1605830400,18815.22,17740.04,18655.67,20/11/2020
1605916800,18965.9,18308.58,18703.8,21/11/2020
1606003200,18750,17610.86,18414.43,22/11/2020
1606089600,18766,18000,18368,23/11/2020
1606176000,19418.97,18018,19160.01,24/11/2020
1606262400,19484.21,18500.27,18719.11,25/11/2020
1606348800,18915.03,16188,17149.47,26/11/2020
1606435200,17457.62,16438.08,17139.52,27/11/2020
1606521600,17880.49,16865.56,17719.85,28/11/2020
1606608000,18360.05,17517,18184.99,29/11/2020
1606694400,19863.16,18184.99,19695.87,30/11/2020
1606780800,19888,18001.12,18764.96,01/12/2020
1606867200,19342,18330,19204.09,02/12/2020
1606953600,19598,18867.2,19421.9,03/12/2020
1607040000,19527,18565.31,18650.52,04/12/2020
1607126400,19177,18500,19147.66,05/12/2020
1607212800,19420,18857,19359.4,06/12/2020
1607299200,19420.91,18902.88,19166.9,07/12/2020
1607385600,19294.84,18200,18324.11,08/12/2020
1607472000,18639.57,17650,18541.28,09/12/2020
1607558400,18557.32,17911.12,18254.63,10/12/2020
1607644800,18292.73,17572.33,18036.53,11/12/2020
1607731200,18948.66,18020.7,18808.69,12/12/2020
1607817600,19411,18711.12,19174.99,13/12/2020
1607904000,19349,19000,19273.14,14/12/2020
1607990400,19570,19050,19426.43,15/12/2020
1608076800,21560,19278.6,21335.52,16/12/2020
1608163200,23800,21230,22797.16,17/12/2020
1608249600,23285.18,22350,23107.39,18/12/2020
1608336000,24171.47,22750,23821.61,19/12/2020
1608422400,24295,23060,23455.52,20/12/2020
1608508800,24102.77,21815,22719.71,21/12/2020
1608595200,23837.1,22353.4,23810.79,22/12/2020
1608681600,24100,22600,23232.76,23/12/2020
1608768000,23794.43,22703.42,23729.2,24/12/2020
1608854400,24789.86,23433.6,24712.47,25/12/2020
1608940800,26867.03,24500,26493.39,26/12/2020
1609027200,28422,25700,26281.66,27/12/2020
1609113600,27500,26101,27079.41,28/12/2020
1609200000,27410,25880,27385,29/12/2020
1609286400,28996,27320,28875.54,30/12/2020
1609372800,29300,27850,28923.63,31/12/2020
1609459200,29600,28624.57,29331.69,01/01/2021
1609545600,33300,28946.53,32178.33,02/01/2021
1609632000,34778.11,31962.99,33000.05,03/01/2021
1609718400,33600,28130,31988.71,04/01/2021
1609804800,34360,29900,33949.53,05/01/2021
1609891200,36939.21,33288,36769.36,06/01/2021
1609977600,40365,36300,39432.28,07/01/2021
1610064000,41950,36500,40582.81,08/01/2021
1610150400,41380,38720,40088.22,09/01/2021
1610236800,41350,35111.11,38150.02,10/01/2021
1610323200,38264.74,30420,35404.47,11/01/2021
1610409600,36628,32531,34051.24,12/01/2021
1610496000,37850,32380,37371.38,13/01/2021
1610582400,40100,36701.23,39144.5,14/01/2021
1610668800,39747.76,34408,36742.22,15/01/2021
1610755200,37950,35357.8,35994.98,16/01/2021
1610841600,36852.5,33850,35828.61,17/01/2021
1610928000,37469.83,34800,36631.27,18/01/2021
1611014400,37850,35844.06,35891.49,19/01/2021
1611100800,36415.31,33400,35468.23,20/01/2021
1611187200,35600,30071,30850.13,21/01/2021
1611273600,33826.53,28850,32945.17,22/01/2021
1611360000,33456,31390.16,32078,23/01/2021
1611446400,33071,30900,32259.9,24/01/2021
1611532800,34875,31910,32254.2,25/01/2021
1611619200,32921.88,30837.37,32467.77,26/01/2021
1611705600,32557.29,29241.72,30366.15,27/01/2021
1611792000,33783.98,29842.1,33364.86,28/01/2021
1611878400,38531.9,31915.4,34252.2,29/01/2021
1611964800,34933,32825,34262.88,30/01/2021
1612051200,34342.69,32171.67,33092.98,31/01/2021
1612137600,34717.27,32296.16,33526.37,01/02/2021
1612224000,35984.33,33418,35466.24,02/02/2021
1612310400,37662.63,35362.38,37618.87,03/02/2021
1612396800,38708.27,36161.95,36936.66,04/02/2021
1612483200,38310.12,36570,38290.24,05/02/2021
1612569600,40955.51,38215.94,39186.94,06/02/2021
1612656000,39700,37351,38795.69,07/02/2021
1612742400,46794.45,37988.89,46374.87,08/02/2021
1612828800,48142.19,44961.09,46420.42,09/02/2021
1612915200,47310,43727,44807.58,10/02/2021
1613001600,48678.9,43994.02,47969.51,11/02/2021
1613088000,48985.8,46125,47287.6,12/02/2021
1613174400,48150,46202.53,47153.69,13/02/2021
1613260800,49707.43,47014.17,48577.79,14/02/2021
1613347200,49010.92,45570.79,47911.1,15/02/2021
1613433600,50689.18,47003.62,49133.45,16/02/2021
1613520000,52618.74,48947,52119.71,17/02/2021
1613606400,52530,50901.9,51552.6,18/02/2021
1613692800,56368,50710.2,55906,19/02/2021
1613779200,57700.46,53863.93,55841.19,20/02/2021
1613865600,58352.8,55477.59,57408.57,21/02/2021
1613952000,57508.47,47622,54087.67,22/02/2021
1614038400,54183.59,44892.56,48891,23/02/2021
1614124800,51374.99,46988.69,49676.2,24/02/2021
1614211200,52041.73,46674.34,47073.73,25/02/2021
1614297600,48424.11,44106.78,46276.87,26/02/2021
1614384000,48394,45000,46106.43,27/02/2021
1614470400,46638.46,43000,45135.66,28/02/2021
1614556800,49790,44950.53,49587.03,01/03/2021
1614643200,50200,47047.6,48440.65,02/03/2021
1614729600,52640,48100.71,50349.37,03/03/2021
1614816000,51773.88,47500,48374.09,04/03/2021
1614902400,49448.93,46300,48751.71,05/03/2021
1614988800,49200,47070,48882.2,06/03/2021
1615075200,51450.03,48882.2,50971.75,07/03/2021
1615161600,52402.78,49274.67,52375.17,08/03/2021
1615248000,54895,51789.41,54884.5,09/03/2021
1615334400,57387.69,53005,55851.59,10/03/2021
1615420800,58150,54272.82,57773.16,11/03/2021
1615507200,58081.51,54962.84,57221.72,12/03/2021
1615593600,61844,56078.23,61188.39,13/03/2021
1615680000,61724.79,58966.78,58968.31,14/03/2021
1615766400,60633.43,54600,55605.2,15/03/2021
1615852800,56938.29,53271.34,56900.75,16/03/2021
1615939200,58974.73,54123.69,58912.97,17/03/2021
1616025600,60129.97,57023,57648.16,18/03/2021
1616112000,59468,56270.74,58030.01,19/03/2021
1616198400,59880,57820.17,58102.28,20/03/2021
1616284800,58589.1,55450.11,57351.56,21/03/2021
1616371200,58430.73,53650,54083.25,22/03/2021
1616457600,55830.9,53000,54340.89,23/03/2021
1616544000,57200,51700,52303.65,24/03/2021
1616630400,53287,50427.56,51293.78,25/03/2021
1616716800,55073.46,51214.6,55025.59,26/03/2021
1616803200,56700.36,53950,55817.14,27/03/2021
1616889600,56559.75,54691.84,55777.63,28/03/2021
1616976000,58405.82,54800.01,57635.47,29/03/2021
1617062400,59368,57071.35,58746.57,30/03/2021
1617148800,59800,56769,58740.55,31/03/2021
1617235200,59490,57935.45,58720.44,01/04/2021
1617321600,60200,58428.57,58950.01,02/04/2021
1617408000,59791.72,56880,57051.94,03/04/2021
1617494400,58492.85,56388,58202.01,04/04/2021
1617580800,59272,56777.77,59129.99,05/04/2021
1617667200,59495.24,57413.02,57991.15,06/04/2021
1617753600,58655,55473,55953.45,07/04/2021
1617840000,58153.31,55700,58077.52,08/04/2021
1617926400,58894.9,57654,58142.54,09/04/2021
1618012800,61500,57900.01,59769.13,10/04/2021
1618099200,60699,59232.52,60002.43,11/04/2021
1618185600,61300,59350.59,59860,12/04/2021
1618272000,63777.77,59805.15,63575,13/04/2021
1618358400,64854,61301,62959.53,14/04/2021
1618444800,63800,62020,63159.98,15/04/2021
1618531200,63520.61,60000,61334.8,16/04/2021
1618617600,62506.05,59580.91,60006.66,17/04/2021
1618704000,60499,50931.3,56150.01,18/04/2021
1618790400,57526.81,54221.58,55633.14,19/04/2021
1618876800,57076.24,53329.96,56425,20/04/2021
1618963200,56757.91,53536.02,53787.63,21/04/2021
1619049600,55521.48,50500,51690.96,22/04/2021
1619136000,52131.85,47500,51125.14,23/04/2021
1619222400,51166.22,48657.14,50047.84,24/04/2021
1619308800,50567.91,46930,49066.77,25/04/2021
1619395200,54356.62,48753.44,54001.39,26/04/2021
1619481600,55460,53222,55011.97,27/04/2021
1619568000,56428,53813.16,54846.22,28/04/2021
1619654400,55195.84,52330.94,53555,29/04/2021
1619740800,57963,53013.01,57694.27,30/04/2021
1619827200,58458.07,56956.14,57800.37,01/05/2021
1619913600,57911.02,56035.25,56578.21,02/05/2021
1620000000,58981.44,56435,57169.39,03/05/2021
1620086400,57200,53046.69,53200.01,04/05/2021
1620172800,58069.82,52900,57436.11,05/05/2021
1620259200,58360,55200,56393.68,06/05/2021
1620345600,58650,55241.63,57314.75,07/05/2021
1620432000,59500,56900,58862.05,08/05/2021
1620518400,59300,56235.66,58240.84,09/05/2021
1620604800,59500,53400,55816.14,10/05/2021
1620691200,56862.43,54370,56670.02,11/05/2021
1620777600,58000.01,48600,49631.32,12/05/2021
1620864000,51367.19,46000,49670.97,13/05/2021
1620950400,51483,48799.75,49841.45,14/05/2021
1621036800,50700,46555,46762.99,15/05/2021
1621123200,49795.89,43825.39,46431.5,16/05/2021
1621209600,46686,42001,43538.04,17/05/2021
1621296000,45799.29,42250.02,42849.78,18/05/2021
1621382400,43584.9,30000,36690.09,19/05/2021
1621468800,42451.67,34850,40526.64,20/05/2021
1621555200,42200,33488,37252.01,21/05/2021
1621641600,38829,35200.62,37449.73,22/05/2021
1621728000,38270.64,31111.01,34655.25,23/05/2021
1621814400,39920,34031,38796.29,24/05/2021
1621900800,39791.77,36419.62,38324.72,25/05/2021
1621987200,40841,37800.44,39241.91,26/05/2021
1622073600,40411.14,37134.27,38529.98,27/05/2021
1622160000,38877.83,34684,35663.49,28/05/2021
1622246400,37338.58,33632.76,34605.15,29/05/2021
1622332800,36488,33379,35641.27,30/05/2021
1622419200,37499,34153.84,37253.81,31/05/2021
1622505600,37894.81,35666,36693.09,01/06/2021
1622592000,38225,35920,37568.68,02/06/2021
1622678400,39476,37170,39246.79,03/06/2021
1622764800,39289.07,35555.15,36829,04/06/2021
1622851200,37925,34800,35513.2,05/06/2021
1622937600,36480,35222,35796.31,06/06/2021
1623024000,36900,33300,33552.79,07/06/2021
1623110400,34068.01,31000,33380.81,08/06/2021
1623196800,37534.79,32396.82,37388.05,09/06/2021
1623283200,38491,35782,36675.72,10/06/2021
1623369600,37680.4,35936.77,37331.98,11/06/2021
1623456000,37463.63,34600.36,35546.11,12/06/2021
1623542400,39380,34757,39020.57,13/06/2021
1623628800,41064.05,38730,40516.29,14/06/2021
1623715200,41330,39506.4,40144.04,15/06/2021
1623801600,40527.14,38116.01,38349.01,16/06/2021
1623888000,39559.88,37365,38092.97,17/06/2021
1623974400,38202.84,35129.29,35819.84,18/06/2021
1624060800,36457,34803.52,35483.72,19/06/2021
1624147200,36137.72,33336,35600.16,20/06/2021
1624233600,35750,31251.23,31608.93,21/06/2021
1624320000,33298.78,28805,32509.56,22/06/2021
1624406400,34881,31683,33678.07,23/06/2021
1624492800,35298,32286.57,34663.09,24/06/2021
1624579200,35500,31275,31584.45,25/06/2021
1624665600,32730,30151,32283.65,26/06/2021
1624752000,34749,31973.45,34700.34,27/06/2021
1624838400,35297.71,33862.72,34494.89,28/06/2021
1624924800,36600,34225.43,35911.73,29/06/2021
1625011200,36100,34017.55,35045,30/06/2021
1625097600,35057.57,32711,33504.69,01/07/2021
1625184000,33977.04,32699,33786.55,02/07/2021
1625270400,34945.61,33316.73,34669.13,03/07/2021
1625356800,35967.85,34357.15,35286.51,04/07/2021
1625443200,35293.78,33125.55,33690.14,05/07/2021
1625529600,35118.88,33532,34220.01,06/07/2021
1625616000,35059.09,33777.77,33862.12,07/07/2021
1625702400,33929.64,32077,32875.71,08/07/2021
1625788800,34100,32261.07,33815.81,09/07/2021
1625875200,34262,33004.78,33502.87,10/07/2021
1625961600,34666,33306.47,34258.99,11/07/2021
1626048000,34678.43,32658.34,33086.63,12/07/2021
1626134400,33340,32202.25,32729.77,13/07/2021
1626220800,33114.03,31550,32820.02,14/07/2021
1626307200,33185.25,31133,31880,15/07/2021
1626393600,32249.18,31020,31383.87,16/07/2021
1626480000,31955.92,31164.31,31520.07,17/07/2021
1626566400,32435,31108.97,31778.56,18/07/2021
1626652800,31899,30407.44,30839.65,19/07/2021
1626739200,31063.07,29278,29790.35,20/07/2021
1626825600,32858,29482.61,32144.51,21/07/2021
1626912000,32591.35,31708,32287.83,22/07/2021
1626998400,33650,31924.32,33634.09,23/07/2021
1627084800,34500,33401.14,34258.14,24/07/2021
1627171200,35398,33851.12,35381.02,25/07/2021
1627257600,40550,35205.78,37237.6,26/07/2021
1627344000,39542.61,36383,39457.87,27/07/2021
1627430400,40900,38772,40019.56,28/07/2021
1627516800,40640,39200,40016.48,29/07/2021
1627603200,42316.71,38313.23,42206.37,30/07/2021
1627689600,42448,41000.15,41461.83,31/07/2021
1627776000,42599,39422.01,39845.44,01/08/2021
1627862400,40480.01,38690,39147.82,02/08/2021
1627948800,39780,37642.03,38207.05,03/08/2021
1628035200,39969.66,37508.56,39723.18,04/08/2021
1628121600,41350,37332.7,40862.46,05/08/2021
1628208000,43392.43,39853.86,42836.87,06/08/2021
1628294400,44700,42446.41,44572.54,07/08/2021
1628380800,45310,43261,43794.37,08/08/2021
1628467200,46454.15,42779,46253.4,09/08/2021
1628553600,46700,44589.46,45584.99,10/08/2021
1628640000,46743.47,45341.14,45511,11/08/2021
1628726400,46218.12,43770,44399,12/08/2021
1628812800,47886,44217.39,47800,13/08/2021
1628899200,48144,45971.03,47068.51,14/08/2021
1628985600,47372.27,45500,46973.82,15/08/2021
1629072000,48053.83,45660,45901.29,16/08/2021
1629158400,47160,44376,44695.95,17/08/2021
1629244800,46000,44203.28,44705.29,18/08/2021
1629331200,47033,43927.7,46760.62,19/08/2021
1629417600,49382.99,46622.99,49322.47,20/08/2021
1629504000,49757.04,48222,48821.87,21/08/2021
1629590400,49500,48050,49239.22,22/08/2021
1629676800,50500,49029,49488.85,23/08/2021
1629763200,49860,47600,47674.01,24/08/2021
1629849600,49264.3,47126.28,48973.32,25/08/2021
1629936000,49352.84,46250,46843.87,26/08/2021
1630022400,49149.93,46348,49069.9,27/08/2021
1630108800,49299,48346.88,48895.35,28/08/2021
1630195200,49632.27,47762.54,48767.83,29/08/2021
1630281600,48888.61,46853,46982.91,30/08/2021
1630368000,48246.11,46700,47100.89,31/08/2021
1630454400,49156,46512,48810.52,01/09/2021
1630540800,50450.13,48584.06,49246.64,02/09/2021
1630627200,51000,48316.84,49999.14,03/09/2021
1630713600,50535.69,49370,49915.64,04/09/2021
1630800000,51900,49450,51756.88,05/09/2021
1630886400,52780,50969.33,52663.9,06/09/2021
1630972800,52920,42843.05,46863.73,07/09/2021
1631059200,47340.99,44412.02,46048.31,08/09/2021
1631145600,47399.97,45513.08,46395.14,09/09/2021
1631232000,47033,44132.29,44850.91,10/09/2021
1631318400,45987.93,44722.22,45173.69,11/09/2021
1631404800,46460,44742.06,46025.24,12/09/2021
1631491200,46880,43370,44940.73,13/09/2021
1631577600,47250,44594.44,47111.52,14/09/2021
1631664000,48500,46682.32,48121.41,15/09/2021
1631750400,48557,47021.1,47737.82,16/09/2021
1631836800,48150,46699.56,47299.98,17/09/2021
1631923200,48843.2,47035.56,48292.74,18/09/2021
1632009600,48372.83,46829.18,47241.75,19/09/2021
1632096000,47347.25,42500,43015.62,20/09/2021
1632182400,43639,39600,40734.38,21/09/2021
1632268800,44000.55,40565.39,43543.61,22/09/2021
1632355200,44978,43069.09,44865.26,23/09/2021
1632441600,45200,40675,42810.57,24/09/2021
1632528000,42966.84,41646.28,42670.64,25/09/2021
1632614400,43950,40750,43160.9,26/09/2021
1632700800,44350,42098,42147.35,27/09/2021
1632787200,42787.38,40888,41026.54,28/09/2021
1632873600,42590,40753.88,41524.28,29/09/2021
1632960000,44141.37,41410.17,43824.1,30/09/2021
1633046400,48495,43283.03,48141.61,01/10/2021
1633132800,48336.59,47430.18,47634.9,02/10/2021
1633219200,49228.08,47088,48200.01,03/10/2021
1633305600,49536.12,46891,49224.94,04/10/2021
1633392000,51886.3,49022.4,51471.99,05/10/2021
1633478400,55750,50382.41,55315,06/10/2021
1633564800,55332.31,53357,53785.22,07/10/2021
1633651200,56100,53617.61,53951.43,08/10/2021
1633737600,55489,53661.67,54949.72,09/10/2021
1633824000,56561.31,54080,54659,10/10/2021
1633910400,57839.04,54415.06,57471.35,11/10/2021
1633996800,57680,53879,55996.93,12/10/2021
1634083200,57777,54167.19,57367,13/10/2021
1634169600,58532.54,56818.05,57347.94,14/10/2021
1634256000,62933,56850,61672.42,15/10/2021
1634342400,62378.42,60150,60875.57,16/10/2021
1634428800,61718.39,58963,61528.33,17/10/2021
1634515200,62695.78,59844.45,62009.84,18/10/2021
1634601600,64486,61322.22,64280.59,19/10/2021
1634688000,67000,63481.4,66001.41,20/10/2021
1634774400,66639.74,62000,62193.15,21/10/2021
1634860800,63732.39,60000,60688.22,22/10/2021
1634947200,61747.64,59562.15,61286.75,23/10/2021
1635033600,61500,59510.63,60852.22,24/10/2021
1635120000,63710.63,60650,63078.78,25/10/2021
1635206400,63293.48,59817.55,60328.81,26/10/2021
1635292800,61496,58000,58413.44,27/10/2021
1635379200,62499,57820,60575.89,28/10/2021
1635465600,62980,60174.81,62253.71,29/10/2021
1635552000,62359.25,60673,61859.19,30/10/2021
1635638400,62405.3,59945.36,61299.8,31/10/2021
1635724800,62437.74,59405,60911.11,01/11/2021
1635811200,64270,60624.68,63219.99,02/11/2021
1635897600,63500,60382.76,62896.48,03/11/2021
1635984000,63086.31,60677.01,61395.01,04/11/2021
1636070400,62595.72,60721,60937.12,05/11/2021
1636156800,61560.49,60050,61470.61,06/11/2021
1636243200,63286.35,61322.78,63273.59,07/11/2021
1636329600,67789,63273.58,67525.83,08/11/2021
1636416000,68524.25,66222.4,66947.66,09/11/2021
1636502400,69000,62822.9,64882.43,10/11/2021
1636588800,65600.07,64100,64774.26,11/11/2021
1636675200,65450.7,62278,64122.23,12/11/2021
1636761600,65000,63360.22,64380,13/11/2021
1636848000,65550.51,63576.27,65519.1,14/11/2021
1636934400,66401.82,63400,63606.74,15/11/2021
1637020800,63617.31,58574.07,60058.87,16/11/2021
1637107200,60840.23,58373,60344.87,17/11/2021
1637193600,60976,56474.26,56891.62,18/11/2021
1637280000,58320,55600,58052.24,19/11/2021
1637366400,59845,57353,59707.51,20/11/2021
1637452800,60029.76,58486.65,58622.02,21/11/2021
1637539200,59444,55610,56247.18,22/11/2021
1637625600,58009.99,55317,57541.27,23/11/2021
1637712000,57735,55837,57138.29,24/11/2021
1637798400,59398.9,57000,58960.36,25/11/2021
1637884800,59150,53500,53726.53,26/11/2021
1637971200,55280,53610,54721.03,27/11/2021
1638057600,57445.05,53256.64,57274.88,28/11/2021
1638144000,58865.97,56666.67,57776.25,29/11/2021
1638230400,59176.99,55875.55,56950.56,30/11/2021
1638316800,59053.55,56458.01,57184.07,01/12/2021
1638403200,57375.47,55777.77,56480.34,02/12/2021
1638489600,57600,51680,53601.05,03/12/2021
1638576000,53859.1,42000.3,49152.47,04/12/2021
1638662400,49699.05,47727.21,49396.33,05/12/2021
1638748800,50891.11,47100,50441.92,06/12/2021
1638835200,51936.33,50039.74,50588.95,07/12/2021
1638921600,51200,48600,50471.19,08/12/2021
1639008000,50797.76,47320,47545.59,09/12/2021
1639094400,50125,46852,47140.54,10/12/2021
1639180800,49485.71,46751,49389.99,11/12/2021
1639267200,50777,48638,50053.9,12/12/2021
1639353600,50189.97,45672.75,46702.75,13/12/2021
1639440000,48700.41,46290,48343.28,14/12/2021
1639526400,49500,46547,48864.98,15/12/2021
1639612800,49436.43,47511,47632.38,16/12/2021
1639699200,47995.96,45456,46131.2,17/12/2021
1639785600,47392.37,45500,46834.48,18/12/2021
1639872000,48300.01,46406.91,46681.23,19/12/2021
1639958400,47537.57,45558.85,46914.16,20/12/2021
1640044800,49328.96,46630,48889.88,21/12/2021
1640131200,49576.13,48421.87,48588.16,22/12/2021
1640217600,51375,47920.42,50838.81,23/12/2021
1640304000,51810,50384.43,50820,24/12/2021
1640390400,51156.23,50142.32,50399.66,25/12/2021
1640476800,51280,49412,50775.49,26/12/2021
1640563200,52088,50449,50701.44,27/12/2021
1640649600,50704.05,47313.01,47543.74,28/12/2021
1640736000,48139.08,46096.99,46464.66,29/12/2021
1640822400,47900,45900,47120.87,30/12/2021
1640908800,48548.26,45678,46216.93,31/12/2021
1640995200,47954.63,46208.37,47722.65,01/01/2022
1641081600,47990,46654,47286.18,02/01/2022
1641168000,47570,45696,46446.1,03/01/2022
1641254400,47557.54,45500,45832.01,04/01/2022
1641340800,47070,42500,43451.13,05/01/2022
1641427200,43816,42430.58,43082.31,06/01/2022
1641513600,43145.83,40610,41566.48,07/01/2022
1641600000,42300,40501,41679.74,08/01/2022
1641686400,42786.7,41200.02,41864.62,09/01/2022
1641772800,42248.5,39650,41822.49,10/01/2022
1641859200,43100,41268.93,42729.29,11/01/2022
1641945600,44322,42450,43902.66,12/01/2022
1642032000,44500,42311.22,42560.11,13/01/2022
1642118400,43448.78,41725.95,43059.96,14/01/2022
1642204800,43800,42555,43084.29,15/01/2022
1642291200,43475,42581.79,43071.66,16/01/2022
1642377600,43176.18,41540.42,42201.62,17/01/2022
1642464000,42691,41250,42352.12,18/01/2022
1642550400,42559.13,41138.56,41660.01,19/01/2022
1642636800,43505,40553.31,40680.91,20/01/2022
1642723200,41100,35440.45,36445.31,21/01/2022
1642809600,36835.22,34008,35071.42,22/01/2022
1642896000,36499,34601.01,36244.55,23/01/2022
1642982400,37550,32917.17,36660.35,24/01/2022
1643068800,37545.14,35701,36958.32,25/01/2022
1643155200,38919.98,36234.63,36809.34,26/01/2022
1643241600,37234.47,35507.01,37160.1,27/01/2022
1643328000,38000,36155.01,37716.56,28/01/2022
1643414400,38720.74,37268.44,38166.84,29/01/2022
1643500800,38359.26,37351.63,37881.76,30/01/2022
1643587200,38744,36632.61,38466.9,31/01/2022
1643673600,39265.2,38000,38694.59,01/02/2022
1643760000,38855.92,36586.95,36896.36,02/02/2022
1643846400,37387,36250,37311.61,03/02/2022
1643932800,41772.33,37026.73,41574.25,04/02/2022
1644019200,41913.69,40843.01,41382.59,05/02/2022
1644105600,42656,41116.56,42380.87,06/02/2022
1644192000,44500.5,41645.85,43839.99,07/02/2022
1644278400,45492,42666,44042.99,08/02/2022
1644364800,44799,43117.92,44372.72,09/02/2022
1644451200,45821,43174.01,43495.44,10/02/2022
1644537600,43920,41938.51,42373.73,11/02/2022
1644624000,43079.49,41688.88,42217.87,12/02/2022
1644710400,42760,41870,42053.66,13/02/2022
1644796800,42842.4,41550.56,42535.94,14/02/2022
1644883200,44751.4,42427.03,44544.86,15/02/2022
1644969600,44549.97,43307,43873.56,16/02/2022
1645056000,44164.71,40073.21,40515.7,17/02/2022
1645142400,40959.88,39450,39974.44,18/02/2022
1645228800,40444.32,39639.03,40079.17,19/02/2022
1645315200,40125.44,38000,38386.89,20/02/2022
1645401600,39494.35,36800,37008.16,21/02/2022
1645488000,38429,36350,38230.33,22/02/2022
1645574400,39249.93,37036.79,37250.01,23/02/2022
1645660800,39843,34322.28,38327.21,24/02/2022
1645747200,39683.53,38014.37,39219.17,25/02/2022
1645833600,40348.45,38573.18,39116.72,26/02/2022
1645920000,39855.7,37000,37699.07,27/02/2022
1646006400,44225.84,37450.17,43160,28/02/2022
1646092800,44949,42809.98,44421.2,01/03/2022
1646179200,45400,43334.09,43892.98,02/03/2022
1646265600,44101.12,41832.28,42454,03/03/2022
1646352000,42527.3,38550,39148.66,04/03/2022
1646438400,39613.24,38407.59,39397.96,05/03/2022
1646524800,39693.87,38088.57,38420.81,06/03/2022
1646611200,39547.57,37155,37988,07/03/2022
1646697600,39362.08,37867.65,38730.63,08/03/2022
1646784000,42594.06,38656.45,41941.71,09/03/2022
1646870400,42039.63,38539.73,39422,10/03/2022
1646956800,40236.26,38223.6,38729.57,11/03/2022
1647043200,39486.71,38660.52,38807.36,12/03/2022
1647129600,39310,37578.51,37777.34,13/03/2022
1647216000,39947.12,37555,39671.37,14/03/2022
1647302400,39887.61,38098.33,39280.33,15/03/2022
1647388800,41718,38828.48,41114,16/03/2022
1647475200,41478.82,40500,40917.9,17/03/2022
1647561600,42325.02,40135.04,41757.51,18/03/2022
1647648000,42400,41499.29,42201.13,19/03/2022
1647734400,42296.26,40911,41262.11,20/03/2022
1647820800,41544.22,40467.94,41002.25,21/03/2022
1647907200,43361,40875.51,42364.13,22/03/2022
1647993600,43025.96,41751.47,42882.76,23/03/2022
1648080000,44220.89,42560.46,43991.46,24/03/2022
1648166400,45094.14,43579,44313.16,25/03/2022
1648252800,44792.99,44071.97,44511.27,26/03/2022
1648339200,46999,44421.46,46827.76,27/03/2022
1648425600,48189.84,46663.56,47122.21,28/03/2022
1648512000,48096.47,46950.85,47434.8,29/03/2022
1648598400,47700.22,46445.42,47067.99,30/03/2022
1648684800,47600,45200,45510.34,31/03/2022
1648771200,46720.09,44200,46283.49,01/04/2022
1648857600,47213,45620,45811,02/04/2022
1648944000,47444.11,45530.92,46407.35,03/04/2022
1649030400,46890.71,45118,46580.51,04/04/2022
1649116800,47200,45353.81,45497.55,05/04/2022
1649203200,45507.14,43121,43170.47,06/04/2022
1649289600,43900.99,42727.35,43444.19,07/04/2022
1649376000,43970.62,42107.14,42252.01,08/04/2022
1649462400,42800,42125.48,42753.97,09/04/2022
1649548800,43410.3,41868,42158.85,10/04/2022
1649635200,42414.71,39200,39530.45,11/04/2022
1649721600,40699,39254.63,40074.94,12/04/2022
1649808000,41561.31,39588.54,41147.79,13/04/2022
1649894400,41500,39551.94,39942.38,14/04/2022
1649980800,40870.36,39766.4,40551.9,15/04/2022
1650067200,40709.35,39991.55,40378.71,16/04/2022
1650153600,40595.67,39546.17,39678.12,17/04/2022
1650240000,41116.73,38536.51,40801.13,18/04/2022
1650326400,41760,40571,41493.18,19/04/2022
1650412800,42199,40820,41358.19,20/04/2022
1650499200,42976,39751,40480.01,21/04/2022
1650585600,40795.06,39177,39709.18,22/04/2022
1650672000,39980,39285,39441.6,23/04/2022
1650758400,39940,38929.62,39450.13,24/04/2022
1650844800,40616,38200,40426.08,25/04/2022
1650931200,40797.31,37702.26,38112.65,26/04/2022
1651017600,39474.72,37881.31,39235.72,27/04/2022
1651104000,40372.63,38881.43,39742.07,28/04/2022
1651190400,39925.25,38175,38596.11,29/04/2022
1651276800,38795.38,37578.2,37630.8,30/04/2022
1651363200,38675,37386.38,38468.35,01/05/2022
1651449600,39167.34,38052,38525.16,02/05/2022
1651536000,38651.51,37517.8,37728.95,03/05/2022
1651622400,40023.77,37670,39690,04/05/2022
1651708800,39845.51,35571.9,36552.97,05/05/2022
1651795200,36675.63,35258,36013.77,06/05/2022
1651881600,36146.3,34785,35472.39,07/05/2022
1651968000,35514.22,33713.95,34038.4,08/05/2022
1652054400,34243.15,30033.33,30076.31,09/05/2022
1652140800,32658.99,29730.4,31017.1,10/05/2022
1652227200,32162.59,27785,29103.94,11/05/2022
1652313600,30243,26700,29029.75,12/05/2022
1652400000,31083.37,28751.67,29287.05,13/05/2022
1652486400,30343.27,28630,30086.74,14/05/2022
1652572800,31460,29480,31328.89,15/05/2022
1652659200,31328.9,29087.04,29874.01,16/05/2022
1652745600,30788.37,29450.38,30444.93,17/05/2022
1652832000,30709.99,28654.47,28715.32,18/05/2022
1652918400,30545.18,28691.38,30319.23,19/05/2022
1653004800,30777.33,28730,29201.01,20/05/2022
1653091200,29656.18,28947.28,29445.06,21/05/2022
1653177600,30487.99,29255.11,30293.94,22/05/2022
1653264000,30670.51,28866.35,29109.15,23/05/2022
1653350400,29845.86,28669,29654.58,24/05/2022
1653436800,30223.74,29294.21,29542.15,25/05/2022
1653523200,29886.64,28019.56,29201.35,26/05/2022
1653609600,29397.66,28282.9,28629.8,27/05/2022
1653696000,29266,28450,29031.33,28/05/2022
1653782400,29587.78,28839.21,29468.1,29/05/2022
1653868800,32222,29299.62,31734.22,30/05/2022
1653955200,32399,31200.01,31801.04,31/05/2022
1654041600,31982.97,29301,29805.83,01/06/2022
1654128000,30689,29594.55,30452.62,02/06/2022
1654214400,30699,29282.36,29700.21,03/06/2022
1654300800,29988.88,29485,29864.04,04/06/2022
1654387200,30189,29531.42,29919.21,05/06/2022
1654473600,31765.64,29890.23,31373.1,06/06/2022
1654560000,31589.6,29218.96,31125.33,07/06/2022
1654646400,31327.22,29843.88,30204.77,08/06/2022
1654732800,30700,29944.1,30109.93,09/06/2022
1654819200,30382.8,28850,29091.88,10/06/2022
1654905600,29440.41,28099.99,28424.7,11/06/2022
1654992000,28544.96,26560,26574.53,12/06/2022
1655078400,26895.84,21925.77,22487.41,13/06/2022
1655164800,23362.88,20846,22136.41,14/06/2022
1655251200,22800,20111.62,22583.72,15/06/2022
1655337600,22995.73,20232,20401.31,16/06/2022
1655424000,21365.43,20246.66,20468.81,17/06/2022
1655510400,20792.06,17622,18970.79,18/06/2022
1655596800,20815.95,17960.41,20574,19/06/2022
1655683200,21090,19637.03,20573.89,20/06/2022
1655769600,21723,20348.4,20723.52,21/06/2022
1655856000,20900,19770.51,19987.99,22/06/2022
1655942400,21233,19890.07,21110.13,23/06/2022
1656028800,21558.41,20736.72,21237.69,24/06/2022
1656115200,21614.5,20906.62,21491.19,25/06/2022
1656201600,21888,20964.73,21038.07,26/06/2022
1656288000,21539.85,20510,20742.56,27/06/2022
1656374400,21212.1,20202.01,20281.29,28/06/2022
1656460800,20432.31,19854.92,20123.01,29/06/2022
1656547200,20179.08,18626,19942.21,30/06/2022
1656633600,20918.35,18975,19279.8,01/07/2022
1656720000,19467.39,18977.01,19252.81,02/07/2022
1656806400,19647.63,18781,19315.83,03/07/2022
1656892800,20354.01,19055.31,20236.71,04/07/2022
1656979200,20750,19304.4,20175.83,05/07/2022
1657065600,20675.22,19761.25,20564.51,06/07/2022
1657152000,21838.1,20251.68,21624.98,07/07/2022
1657238400,22527.37,21189.26,21594.75,08/07/2022
1657324800,21980,21322.12,21591.83,09/07/2022
1657411200,21607.65,20655,20862.47,10/07/2022
1657497600,20868.48,19875.23,19963.61,11/07/2022
1657584000,20059.42,19240,19328.75,12/07/2022
1657670400,20366.61,18910.94,20234.87,13/07/2022
1657756800,20900,19616.07,20588.84,14/07/2022
1657843200,21200,20382.29,20830.04,15/07/2022
1657929600,21588.94,20478.61,21195.6,16/07/2022
1658016000,21684.54,20750.01,20798.16,17/07/2022
1658102400,22777.63,20762.45,22432.58,18/07/2022
1658188800,23800,21579.54,23396.62,19/07/2022
1658275200,24276.74,22906.19,23223.3,20/07/2022
1658361600,23442.77,22341.46,23152.19,21/07/2022
1658448000,23756.49,22500,22684.83,22/07/2022
1658534400,23000.77,21934.57,22451.07,23/07/2022
1658620800,23014.64,22257.15,22579.68,24/07/2022
1658707200,22666,21250,21310.9,25/07/2022
1658793600,21347.82,20706.5,21254.67,26/07/2022
1658880000,23112.63,21042.53,22952.45,27/07/2022
1658966400,24199.72,22582.13,23842.93,28/07/2022
1659052800,24442.66,23414.03,23773.75,29/07/2022
1659139200,24668,23502.25,23643.51,30/07/2022
1659225600,24194.82,23227.31,23293.32,31/07/2022
1659312000,23509.68,22850,23268.01,01/08/2022
1659398400,23459.89,22654.37,22987.79,02/08/2022
1659484800,23647.68,22681.22,22818.37,03/08/2022
1659571200,23223.32,22400,22622.98,04/08/2022
1659657600,23472.86,22586.95,23312.42,05/08/2022
1659744000,23354.36,22909.52,22954.21,06/08/2022
1659830400,23402,22844.62,23174.39,07/08/2022
1659916800,24245,23154.25,23810,08/08/2022
1660003200,23933.25,22865,23149.95,09/08/2022
1660089600,24226,22664.69,23954.05,10/08/2022
1660176000,24918.54,23852.13,23934.39,11/08/2022
1660262400,24456.5,23583,24403.68,12/08/2022
1660348800,24888,24291.22,24441.38,13/08/2022
1660435200,25047.56,24144,24305.24,14/08/2022
1660521600,25211.32,23773.22,24094.82,15/08/2022
1660608000,24247.49,23671.22,23854.74,16/08/2022
1660694400,24446.71,23180.4,23342.66,17/08/2022
1660780800,23600,23111.04,23191.2,18/08/2022
1660867200,23208.67,20783.57,20834.39,19/08/2022
1660953600,21382.85,20761.9,21140.07,20/08/2022
1661040000,21800,21069.11,21515.61,21/08/2022
1661126400,21548.71,20890.18,21399.83,22/08/2022
1661212800,21684.87,20890.14,21529.12,23/08/2022
1661299200,21900,21145,21368.08,24/08/2022
1661385600,21819.88,21310.15,21559.04,25/08/2022
1661472000,21886.77,20107.9,20241.05,26/08/2022
1661558400,20402.93,19800,20037.6,27/08/2022
1661644800,20171.18,19520,19555.61,28/08/2022
1661731200,20433.62,19550.79,20285.73,29/08/2022
1661817600,20576.25,19540,19811.66,30/08/2022
1661904000,20490,19797.94,20050.02,31/08/2022
1661990400,20208.37,19565.66,20131.46,01/09/2022
1662076800,20441.26,19755.29,19951.86,02/09/2022
1662163200,20055.93,19652.72,19831.9,03/09/2022
1662249600,20029.23,19583.1,20000.3,04/09/2022
1662336000,20057.27,19633.83,19796.84,05/09/2022
1662422400,20180,18649.51,18790.61,06/09/2022
1662508800,19464.06,18510.77,19292.84,07/09/2022
1662595200,19458.25,19012,19319.77,08/09/2022
1662681600,21597.22,19291.75,21360.11,09/09/2022
1662768000,21810.8,21111.13,21648.34,10/09/2022
1662854400,21860,21350,21826.87,11/09/2022
1662940800,22488,21538.51,22395.74,12/09/2022
1663027200,22799,19860,20173.57,13/09/2022
1663113600,20541.48,19617.62,20226.71,14/09/2022
1663200000,20330.24,19497,19701.88,15/09/2022
1663286400,19890,19320.01,19803.3,16/09/2022
1663372800,20189,19748.08,20113.62,17/09/2022
1663459200,20117.26,19335.62,19416.18,18/09/2022
1663545600,19686.2,18232.56,19537.02,19/09/2022
1663632000,19634.62,18711.87,18875,20/09/2022
1663718400,19956,18125.98,18461.36,21/09/2022
1663804800,19550.17,18356.39,19401.63,22/09/2022
1663891200,19500,18531.42,19289.91,23/09/2022
1663977600,19316.14,18805.34,18920.5,24/09/2022
1664064000,19180.21,18629.2,18807.38,25/09/2022
1664150400,19318.96,18680.72,19227.82,26/09/2022
1664236800,20385.86,18816.32,19079.13,27/09/2022
1664323200,19790,18471.28,19412.82,28/09/2022
1664409600,19645.52,18843.01,19591.51,29/09/2022
1664496000,20185,19155.36,19422.61,30/09/2022
1664582400,19484,19159.42,19310.95,01/10/2022
1664668800,19395.91,18920.35,19056.8,02/10/2022
1664755200,19719.1,18959.68,19629.08,03/10/2022
1664841600,20475,19490.6,20337.82,04/10/2022
1664928000,20365.6,19730,20158.26,05/10/2022
1665014400,20456.6,19853,19960.67,06/10/2022
1665100800,20068.82,19320,19530.09,07/10/2022
1665187200,19627.38,19237.14,19417.96,08/10/2022
1665273600,19558,19316.04,19439.02,09/10/2022
1665360000,19525,19020.25,19131.87,10/10/2022
1665446400,19268.09,18860,19060,11/10/2022
1665532800,19238.31,18965.88,19155.53,12/10/2022
1665619200,19513.79,18190,19375.13,13/10/2022
1665705600,19951.87,19070.37,19176.93,14/10/2022
1665792000,19227.68,18975.18,19069.39,15/10/2022
1665878400,19425.84,19063.74,19262.98,16/10/2022
1665964800,19676.96,19152.03,19549.86,17/10/2022
1666051200,19706.66,19091,19327.44,18/10/2022
1666137600,19360.16,19065.97,19123.97,19/10/2022
1666224000,19347.82,18900,19041.92,20/10/2022
1666310400,19250,18650,19164.37,21/10/2022
1666396800,19257,19112.72,19204.35,22/10/2022
1666483200,19695,19070.11,19570.4,23/10/2022
1666569600,19601.15,19157,19329.72,24/10/2022
1666656000,20415.87,19237,20080.07,25/10/2022
1666742400,21020,20050.41,20771.59,26/10/2022
1666828800,20872.21,20200,20295.11,27/10/2022
1666915200,20750,20000.09,20591.84,28/10/2022
1667001600,21085,20554.01,20809.67,29/10/2022
1667088000,20931.21,20515,20627.48,30/10/2022
1667174400,20845.92,20237.95,20490.74,31/10/2022
1667260800,20700,20330.74,20483.62,01/11/2022
1667347200,20800,20048.04,20151.84,02/11/2022
1667433600,20393.32,20031.24,20207.82,03/11/2022
1667520000,21302.05,20180.96,21148.52,04/11/2022
1667606400,21480.65,21080.65,21299.37,05/11/2022
1667692800,21365.27,20886.13,20905.58,06/11/2022
1667779200,21069.77,20384.89,20591.13,07/11/2022
1667865600,20700.88,17166.83,18547.23,08/11/2022
1667952000,18587.76,15588,15922.81,09/11/2022
1668038400,18199,15754.26,17601.15,10/11/2022
1668124800,17695,16361.6,17070.31,11/11/2022
1668211200,17119.1,16631.39,16812.08,12/11/2022
1668297600,16954.28,16229,16329.85,13/11/2022
1668384000,17190,15815.21,16619.46,14/11/2022
1668470400,17134.69,16527.72,16900.57,15/11/2022
1668556800,17015.92,16378.61,16662.76,16/11/2022
1668643200,16751,16410.74,16692.56,17/11/2022
1668729600,17011,16546.04,16700.45,18/11/2022
1668816000,16822.41,16553.53,16700.68,19/11/2022
1668902400,16753.33,16180,16280.23,20/11/2022
1668988800,16319,15476,15781.29,21/11/2022
1669075200,16315,15616.63,16226.94,22/11/2022
1669161600,16706,16160.2,16603.11,23/11/2022
1669248000,16812.63,16458.05,16598.95,24/11/2022
1669334400,16666,16342.81,16522.14,25/11/2022
1669420800,16701.99,16385,16458.57,26/11/2022
1669507200,16600,16401,16428.78,27/11/2022
1669593600,16487.04,15995.27,16212.91,28/11/2022
1669680000,16548.71,16100,16442.53,29/11/2022
1669766400,17249,16428.3,17163.64,30/11/2022
1669852800,17324,16855.01,16977.37,01/12/2022
1669939200,17105.73,16787.85,17092.74,02/12/2022
1670025600,17188.98,16858.74,16885.2,03/12/2022
1670112000,17202.84,16878.25,17105.7,04/12/2022
1670198400,17424.25,16867,16966.35,05/12/2022
1670284800,17107.01,16906.37,17088.96,06/12/2022
1670371200,17142.21,16678.83,16836.64,07/12/2022
1670457600,17299,16733.49,17224.1,08/12/2022
1670544000,17360,17058.21,17128.56,09/12/2022
1670630400,17227.72,17092,17127.49,10/12/2022
1670716800,17270.99,17071,17085.05,11/12/2022
1670803200,17241.89,16871.85,17209.83,12/12/2022
1670889600,18000,17080.14,17774.7,13/12/2022
1670976000,18387.95,17660.94,17803.15,14/12/2022
1671062400,17854.82,17275.51,17356.34,15/12/2022
1671148800,17531.73,16527.32,16632.12,16/12/2022
1671235200,16796.82,16579.85,16776.52,17/12/2022
1671321600,16863.26,16663.07,16738.21,18/12/2022
1671408000,16815.99,16256.3,16438.88,19/12/2022
1671494400,17061.27,16397.2,16895.56,20/12/2022
1671580800,16925,16723,16824.67,21/12/2022
1671667200,16868.52,16559.85,16821.43,22/12/2022
1671753600,16955.14,16731.13,16778.5,23/12/2022
1671840000,16869.99,16776.62,16836.12,24/12/2022
1671926400,16857.96,16721,16832.11,25/12/2022
1672012800,16944.52,16791,16919.39,26/12/2022
1672099200,16972.83,16592.37,16706.36,27/12/2022
1672185600,16785.19,16465.33,16547.31,28/12/2022
1672272000,16664.41,16488.91,16633.47,29/12/2022
1672358400,16677.35,16333,16607.48,30/12/2022
1672444800,16644.09,16470,16542.4,31/12/2022
1672531200,16628,16499.01,16616.75,01/01/2023
1672617600,16799.23,16548.7,16672.87,02/01/2023
1672704000,16778.4,16605.28,16675.18,03/01/2023
1672790400,16991.87,16652.66,16850.36,04/01/2023
1672876800,16879.82,16753,16831.85,05/01/2023
1672963200,17041,16679,16950.65,06/01/2023
1673049600,16981.91,16908,16943.57,07/01/2023
1673136000,17176.99,16911,17127.83,08/01/2023
1673222400,17398.8,17104.66,17178.26,09/01/2023
1673308800,17499,17146.34,17440.66,10/01/2023
1673395200,18000,17315.6,17943.26,11/01/2023
1673481600,19117.04,17892.05,18846.62,12/01/2023
1673568000,20000,18714.12,19930.01,13/01/2023
1673654400,21258,19888.05,20954.92,14/01/2023
1673740800,21050.74,20551.01,20871.5,15/01/2023
1673827200,21474.05,20611.48,21185.65,16/01/2023
1673913600,21647.45,20841.31,21134.81,17/01/2023
1674000000,21650,20407.15,20677.47,18/01/2023
1674086400,21192,20659.19,21071.59,19/01/2023
1674172800,22755.93,20861.28,22667.21,20/01/2023
1674259200,23371.8,22422,22783.55,21/01/2023
1674345600,23078.71,22292.37,22707.88,22/01/2023
1674432000,23180,22500,22916.45,23/01/2023
1674518400,23162.2,22462.93,22632.89,24/01/2023
1674604800,23816.73,22300,23060.94,25/01/2023
1674691200,23282.47,22850.01,23009.65,26/01/2023
1674777600,23500,22534.88,23074.16,27/01/2023
1674864000,23189,22878.46,23022.6,28/01/2023
1674950400,23960.54,22967.76,23742.3,29/01/2023
1675036800,23800.51,22500,22826.15,30/01/2023
1675123200,23320,22714.77,23125.13,31/01/2023
1675209600,23812.66,22760.23,23732.66,01/02/2023
1675296000,24255,23363.27,23488.94,02/02/2023
1675382400,23715.7,23204.62,23431.9,03/02/2023
1675468800,23587.78,23253.96,23326.84,04/02/2023
1675555200,23433.33,22743,22932.91,05/02/2023
1675641600,23158.25,22628.13,22762.52,06/02/2023
1675728000,23350.25,22745.78,23240.46,07/02/2023
1675814400,23452,22665.85,22963,08/02/2023
1675900800,23011.39,21688,21796.35,09/02/2023
1675987200,21938.16,21451,21625.19,10/02/2023
1676073600,21906.32,21599.78,21862.55,11/02/2023
1676160000,22090,21630,21783.54,12/02/2023
1676246400,21894.99,21351.07,21773.97,13/02/2023
1676332800,22319.08,21532.77,22199.84,14/02/2023
1676419200,24380,22047.28,24324.05,15/02/2023
1676505600,25250,23505.25,23517.72,16/02/2023
1676592000,25021.11,23339.37,24569.97,17/02/2023
1676678400,24877,24430,24631.95,18/02/2023
1676764800,25192,24192.57,24271.76,19/02/2023
1676851200,25121.23,23840.83,24842.2,20/02/2023
1676937600,25250,24148.34,24452.16,21/02/2023
1677024000,24476.05,23574.69,24182.21,22/02/2023
1677110400,24599.59,23608,23940.2,23/02/2023
1677196800,24132.35,22841.19,23185.29,24/02/2023
1677283200,23219.13,22722,23157.07,25/02/2023
1677369600,23689.99,23059.18,23554.85,26/02/2023
1677456000,23897.99,23106.77,23492.09,27/02/2023
1677542400,23600,23020.97,23141.57,28/02/2023
1677628800,24000,23020.03,23628.97,01/03/2023
1677715200,23796.93,23195.9,23465.32,02/03/2023
1677801600,23476.95,21971.13,22354.34,03/03/2023
1677888000,22410,22157.08,22346.57,04/03/2023
1677974400,22662.09,22189.22,22430.24,05/03/2023
1678060800,22602.19,22258,22410,06/03/2023
1678147200,22557.91,21927,22197.96,07/03/2023
1678233600,22287,21580,21705.44,08/03/2023
1678320000,21834.99,20042.72,20362.22,09/03/2023
1678406400,20367.78,19549.09,20150.69,10/03/2023
1678492800,20686.51,19765.03,20455.73,11/03/2023
1678579200,22150,20270.6,21997.11,12/03/2023
1678665600,24500,21813.88,24113.48,13/03/2023
1678752000,26386.87,23976.42,24670.41,14/03/2023
1678838400,25196.97,23896.95,24285.66,15/03/2023
1678924800,25167.4,24123,24998.78,16/03/2023
1679011200,27756.84,24890,27395.13,17/03/2023
1679097600,27724.85,26578,26907.49,18/03/2023
1679184000,28390.1,26827.22,27972.87,19/03/2023
1679270400,28472,27124.47,27717.01,20/03/2023
1679356800,28438.55,27303.1,28105.47,21/03/2023
1679443200,28868.05,26601.8,27250.97,22/03/2023
1679529600,28750,27105,28295.41,23/03/2023
1679616000,28374.3,27000,27454.47,24/03/2023
1679702400,27787.33,27156.09,27462.95,25/03/2023
1679788800,28194.4,27417.76,27968.05,26/03/2023
1679875200,28023.86,26508.14,27124.91,27/03/2023
1679961600,27520,26631.78,27261.07,28/03/2023
1680048000,28650,27240.1,28348.6,29/03/2023
1680134400,29184.68,27686,28028.53,30/03/2023
1680220800,28656.69,27511.71,28465.36,31/03/2023
1680307200,28819.71,28220.27,28452.73,01/04/2023
1680393600,28530,27856.43,28171.87,02/04/2023
1680480000,28500.99,27200.24,27800,03/04/2023
1680566400,28444.44,27662.79,28165.47,04/04/2023
1680652800,28775,27805.1,28170.01,05/04/2023
1680739200,28182.05,27711,28033.82,06/04/2023
1680825600,28100,27766.94,27906.33,07/04/2023
1680912000,28154.99,27859.02,27938.38,08/04/2023
1680998400,28530,27800,28323.76,09/04/2023
1681084800,29770,28170,29637.34,10/04/2023
1681171200,30550,29590,30200.42,11/04/2023
1681257600,30486,29637.4,29888.07,12/04/2023
1681344000,30595,29854.59,30373.84,13/04/2023
1681430400,31000,29966,30466.93,14/04/2023
1681516800,30595.6,30202,30295.09,15/04/2023
1681603200,30549.99,30120,30304.65,16/04/2023
1681689600,30316.06,29240.65,29430.27,17/04/2023
1681776000,30485,29096.78,30380.01,18/04/2023
1681862400,30413.53,28520,28797.1,19/04/2023
1681948800,29088.3,28010,28243.65,20/04/2023
1682035200,28374.02,27125,27262.84,21/04/2023
1682121600,27882.72,27140.35,27816.85,22/04/2023
1682208000,27816.85,27311.25,27590.6,23/04/2023
1682294400,28000,26942.82,27510.93,24/04/2023
1682380800,28399.99,27192,28300.79,25/04/2023
1682467200,30036,27235,28415.29,26/04/2023
1682553600,29890,28378.86,29472.77,27/04/2023
1682640000,29599.54,28891,29311.7,28/04/2023
1682726400,29448.88,29031,29230.45,29/04/2023
1682812800,29969.39,29079.59,29233.21,30/04/2023
1682899200,29337.34,27666.95,28068.26,01/05/2023
1682985600,28879.88,27872,28669.86,02/05/2023
1683072000,29266.66,28113.69,29026.16,03/05/2023
1683158400,29379.83,28663.64,28838.16,04/05/2023
1683244800,29677,28800,29505.61,05/05/2023
1683331200,29820,28300,28848.2,06/05/2023
1683417600,29138.29,28395.23,28430.1,07/05/2023
1683504000,28631.01,27262,27668.79,08/05/2023
1683590400,27818,27353,27628.27,09/05/2023
1683676800,28331.42,26777,27598.75,10/05/2023
1683763200,27630.14,26702.05,26968.62,11/05/2023
1683849600,27091.12,25811.46,26795.01,12/05/2023
1683936000,27045.45,26692.03,26775.28,13/05/2023
1684022400,27200,26560.53,26917.62,14/05/2023
1684108800,27663.59,26726,27162.14,15/05/2023
1684195200,27296.89,26852.11,27033.84,16/05/2023
1684281600,27500,26544.71,27405.61,17/05/2023
1684368000,27485.33,26361.2,26821.28,18/05/2023
1684454400,27183.6,26630,26880.26,19/05/2023
1684540800,27150,26825.11,27102.43,20/05/2023
1684627200,27277.55,26666.03,26747.78,21/05/2023
1684713600,27099.89,26538.21,26849.27,22/05/2023
1684800000,27495.83,26798.11,27219.61,23/05/2023
1684886400,27219.61,26080.5,26329.01,24/05/2023
1684972800,26631.98,25871.89,26473.79,25/05/2023
1685059200,26932.16,26327.24,26705.92,26/05/2023
1685145600,26895,26551,26854.27,27/05/2023
1685232000,28261.32,26764.36,28065,28/05/2023
1685318400,28447.14,27524.6,27736.4,29/05/2023
1685404800,28038.59,27554,27694.4,30/05/2023
1685491200,27835.51,26839.01,27210.35,31/05/2023
1685577600,27350,26605.05,26817.93,01/06/2023
1685664000,27300,26505,27242.59,02/06/2023
1685750400,27333.29,26914.93,27069.22,03/06/2023
1685836800,27455.02,26951,27115.21,04/06/2023
1685923200,27129.33,25388,25728.2,05/06/2023
1686009600,27355.33,25351.02,27230.08,06/06/2023
1686096000,27391.77,26125.01,26339.34,07/06/2023
1686182400,26810,26210,26498.61,08/06/2023
1686268800,26783.33,26269.91,26477.81,09/06/2023
1686355200,26533.87,25358,25841.21,10/06/2023
1686441600,26206.88,25634.7,25925.55,11/06/2023
1686528000,26106.48,25602.11,25905.19,12/06/2023
1686614400,26433.21,25712.57,25934.25,13/06/2023
1686700800,26098,24820.56,25128.6,14/06/2023
1686787200,25759.01,24800,25598.49,15/06/2023
1686873600,26518,25175.56,26345,16/06/2023
1686960000,26839.99,26181,26516.99,17/06/2023
1687046400,26700,26255.85,26339.97,18/06/2023
1687132800,27068.09,26256.61,26844.35,19/06/2023
1687219200,28402.74,26652,28307.99,20/06/2023
1687305600,30800,28257.99,29993.89,21/06/2023
1687392000,30500,29525.61,29884.92,22/06/2023
1687478400,31431.94,29800,30688.5,23/06/2023
1687564800,30800,30250,30527.43,24/06/2023
1687651200,31046.01,30277.49,30462.66,25/06/2023
1687737600,30666,29930,30267.99,26/06/2023
1687824000,30994.97,30226.17,30692.44,27/06/2023
1687910400,30709.74,29858.8,30077.41,28/06/2023
1687996800,30843.98,30049.98,30447.31,29/06/2023
1688083200,31282,29500,30472,30/06/2023
1688169600,30661.6,30320.57,30585.9,01/07/2023
1688256000,30791,30155,30617.03,02/07/2023
1688342400,31380,30570.27,31156.2,03/07/2023
1688428800,31350.69,30620,30766.51,04/07/2023
1688515200,30878.07,30200,30504.81,05/07/2023
1688601600,31500,29850.45,29895.43,06/07/2023
1688688000,30449,29701.02,30344.7,07/07/2023
1688774400,30386.81,30044.47,30284.63,08/07/2023
1688860800,30445.52,30061.12,30160.71,09/07/2023
1688947200,31045.78,29950,30411.57,10/07/2023
1689033600,30813.63,30300,30622.1,11/07/2023
1689120000,30983.25,30210,30380,12/07/2023
1689206400,31804.2,30251,31454.23,13/07/2023
1689292800,31630,29900,30312.01,14/07/2023
1689379200,30390.9,30200,30289.52,15/07/2023
1689465600,30441.46,30064.29,30231.99,16/07/2023
1689552000,30336.96,29659.2,30138,17/07/2023
1689638400,30239.78,29512,29859.13,18/07/2023
1689724800,30189.09,29761.96,29909.21,19/07/2023
1689811200,30417.46,29570.96,29800,20/07/2023
1689897600,30061.7,29726.34,29901.72,21/07/2023
1689984000,29999,29625.1,29794,22/07/2023
1690070400,30350,29730,30083.75,23/07/2023
1690156800,30099.58,28861.9,29176.5,24/07/2023
1690243200,29376,29047.65,29228.91,25/07/2023
1690329600,29690,29096.94,29351.96,26/07/2023
1690416000,29567.49,29083.85,29222.78,27/07/2023
1690502400,29542.22,29123.12,29314.14,28/07/2023
1690588800,29406.92,29256.18,29352.9,29/07/2023
1690675200,29449,29033.24,29281.09,30/07/2023
1690761600,29530,29101.8,29232.25,31/07/2023
1690848000,29739.25,28585.7,29705.99,01/08/2023
1690934400,30047.5,28927.5,29186.01,02/08/2023
1691020800,29433.33,28968,29193.64,03/08/2023
1691107200,29333.08,28807.54,29113.99,04/08/2023
1691193600,29152.23,28978.64,29072.13,05/08/2023
1691280000,29205.09,28991.88,29088.42,06/08/2023
1691366400,29276.78,28701.03,29211.06,07/08/2023
1691452800,30244,29146.45,29770.42,08/08/2023
1691539200,30160,29376.67,29581.99,09/08/2023
1691625600,29738,29320.2,29455.75,10/08/2023
1691712000,29564.52,29252.45,29426.03,11/08/2023
1691798400,29481.35,29381.56,29430.17,12/08/2023
1691884800,29474.65,29272.32,29303.84,13/08/2023
1691971200,29695.32,29102.45,29430.93,14/08/2023
1692057600,29499.26,29059.6,29200,15/08/2023
1692144000,29259.85,28723.08,28730.51,16/08/2023
1692230400,28783.48,25166,26623.41,17/08/2023
1692316800,26832.6,25619,26054,18/08/2023
1692403200,26281,25801.09,26100.01,19/08/2023
1692489600,26299,25971.05,26189.99,20/08/2023
1692576000,26258.42,25812,26126.92,21/08/2023
1692662400,26139.42,25300,26056,22/08/2023
1692748800,26819.27,25812.82,26432.72,23/08/2023
1692835200,26577.87,25864,26180.05,24/08/2023
1692921600,26314.05,25777.15,26060.01,25/08/2023
1693008000,26125.77,25985.92,26017.37,26/08/2023
1693094400,26182.23,25966.11,26101.77,27/08/2023
1693180800,26253.99,25864.5,26120,28/08/2023
1693267200,28142.85,25922,27716.34,29/08/2023
1693353600,27768.57,27017.24,27299.99,30/08/2023
1693440000,27587.51,25655.01,25940.78,31/08/2023
1693526400,26156,25333.75,25805.05,01/09/2023
1693612800,25987.5,25752.47,25869.51,02/09/2023
1693699200,26135,25800,25971.21,03/09/2023
1693785600,26108.02,25631.21,25826.02,04/09/2023
1693872000,25915.49,25562.62,25792.1,05/09/2023
1693958400,26040,25372.51,25759.95,06/09/2023
1694044800,26443.14,25615.38,26255,07/09/2023
1694131200,26445.5,25647.26,25910.5,08/09/2023
1694217600,25945.09,25796.64,25901.61,09/09/2023
1694304000,26033.66,25570.57,25841.61,10/09/2023
1694390400,25900.69,24901,25162.52,11/09/2023
1694476800,26567,25131.48,25840.1,12/09/2023
1694563200,26405.22,25764.17,26222,13/09/2023
1694649600,26860.49,26126.77,26522.73,14/09/2023
1694736000,26888,26224,26600,15/09/2023
1694822400,26777,26445,26559.67,16/09/2023
1694908800,26623.25,26399,26527.51,17/09/2023
1694995200,27409,26377.35,26762.51,18/09/2023
1695081600,27483.57,26667.79,27210.26,19/09/2023
1695168000,27388.63,26800,27125,20/09/2023
1695254400,27159.6,26377.7,26568.08,21/09/2023
1695340800,26743.38,26468.77,26580.14,22/09/2023
1695427200,26632.81,26509,26575.96,23/09/2023
1695513600,26738.54,26122.08,26248.38,24/09/2023
1695600000,26446.15,25990.46,26304.81,25/09/2023
1695686400,26397.46,26088.34,26221.67,26/09/2023
1695772800,26850,26112.06,26372.99,27/09/2023
1695859200,27308.48,26342.4,27021.39,28/09/2023
1695945600,27244.89,26665.16,26906.96,29/09/2023
1696032000,27094.99,26886.31,26962.56,30/09/2023
1696118400,28065.51,26954.09,27992.57,01/10/2023
1696204800,28580,27281.44,27494.51,02/10/2023
1696291200,27676.52,27160.5,27426.46,03/10/2023
1696377600,27839.72,27202,27778.57,04/10/2023
1696464000,28120.39,27352,27410.39,05/10/2023
1696550400,28295,27175.94,27931.09,06/10/2023
1696636800,28029.67,27842.08,27956.67,07/10/2023
1696723200,28095.14,27687.5,27917.05,08/10/2023
1696809600,27987.93,27260,27590.12,09/10/2023
1696896000,27735,27298,27390.12,10/10/2023
1696982400,27477.39,26538.66,26875.52,11/10/2023
1697068800,26947.04,26555,26759.63,12/10/2023
1697155200,27130,26685,26862,13/10/2023
1697241600,26989.58,26789,26852.48,14/10/2023
1697328000,27293.33,26808.25,27154.15,15/10/2023
1697414400,30000,27112.66,28500.78,16/10/2023
1697500800,28613.65,28069.32,28395.91,17/10/2023
1697587200,28982.36,28142.87,28320,18/10/2023
1697673600,28916.89,28100.66,28713.71,19/10/2023
1697760000,30207.55,28578.29,29669.04,20/10/2023
1697846400,30379.99,29464.77,29909.8,21/10/2023
1697932800,30248,29640,29992.46,22/10/2023
1698019200,34741.91,29883.6,33069.99,23/10/2023
1698105600,35280,32832.34,33922.73,24/10/2023
1698192000,35132.85,33679.05,34496.05,25/10/2023
1698278400,34824.13,33751,34151.66,26/10/2023
1698364800,34245,33390.95,33892.02,27/10/2023
1698451200,34493.33,33860,34081,28/10/2023
1698537600,34750.11,33930,34525.89,29/10/2023
1698624000,34856,34062.84,34474.73,30/10/2023
1698710400,34720.49,34025,34639.77,31/10/2023
1698796800,35582,34097.39,35421.43,01/11/2023
1698883200,35984.99,34300,34941.59,02/11/2023
1698969600,34946.5,34120,34716.78,03/11/2023
1699056000,35255,34585.18,35062.07,04/11/2023
1699142400,35380,34448,35011.88,05/11/2023
1699228800,35276.33,34725.9,35046.09,06/11/2023
1699315200,35888,34523.06,35399.12,07/11/2023
1699401600,36106,35100,35624.72,08/11/2023
1699488000,37972.24,35534.05,36701.09,09/11/2023
1699574400,37526,36324.71,37301.63,10/11/2023
1699660800,37408.26,36666.93,37130,11/11/2023
1699747200,37222.22,36731.1,37064.13,12/11/2023
1699833600,37417.99,36333,36462.93,13/11/2023
1699920000,36744,34800,35551.19,14/11/2023
1700006400,37980,35360,37858.2,15/11/2023
1700092800,37929.54,35500,36163.51,16/11/2023
1700179200,36800,35861.1,36613.92,17/11/2023
1700265600,36845.49,36178.58,36568.1,18/11/2023
1700352000,37500,36384.02,37359.86,19/11/2023
1700438400,37750,36677,37448.78,20/11/2023
1700524800,37649.44,35735,35741.65,21/11/2023
1700611200,37861.1,35632.01,37408.34,22/11/2023
1700697600,37653.44,36870,37294.28,23/11/2023
1700784000,38414,37251.51,37713.57,24/11/2023
1700870400,37888,37591.1,37780.67,25/11/2023
1700956800,37814.63,37150,37447.43,26/11/2023
1701043200,37569.23,36707,37242.7,27/11/2023
1701129600,38377,36868.41,37818.87,28/11/2023
1701216000,38450,37570,37854.64,29/11/2023
1701302400,38145.85,37500,37723.96,30/11/2023
1701388800,38999,37615.86,38682.52,01/12/2023
1701475200,39717.14,38641.61,39450.35,02/12/2023
1701561600,40250,39274.86,39972.26,03/12/2023
1701648000,42420,39972.26,41991.1,04/12/2023
1701734400,44488,41414,44073.32,05/12/2023
1701820800,44297.21,43335.28,43762.69,06/12/2023
1701907200,44047.33,42821.1,43273.14,07/12/2023
1701993600,44700,43081.1,44170.99,08/12/2023
1702080000,44358.02,43584.51,43713.6,09/12/2023
1702166400,44049,43563,43789.51,10/12/2023
1702252800,43804.5,40222,41253.4,11/12/2023
1702339200,42104.12,40680,41492.39,12/12/2023
1702425600,43475.2,40555,42869.03,13/12/2023
1702512000,43420,41400,43022.26,14/12/2023
1702598400,43080.81,41666,41940.3,15/12/2023
1702684800,42724.43,41605,42278.03,16/12/2023
1702771200,42424.07,41252,41374.65,17/12/2023
1702857600,42757.81,40542.93,42657.8,18/12/2023
1702944000,43497,41811.1,42275.99,19/12/2023
1703030400,44283,42206,43668.93,20/12/2023
1703116800,44242.35,43286.72,43861.8,21/12/2023
1703203200,44398.26,43412.54,43969.04,22/12/2023
1703289600,43988.68,43291.1,43702.16,23/12/2023
1703376000,43946,42500,42991.5,24/12/2023
1703462400,43802.32,42720.43,43576.13,25/12/2023
1703548800,43592.68,41637.6,42508.93,26/12/2023
1703635200,43677,42098.69,43428.85,27/12/2023
1703721600,43787.57,42241.79,42563.76,28/12/2023
1703808000,43111,41300,42066.95,29/12/2023
1703894400,42612.32,41520.3,42140.28,30/12/2023
1703980800,42899,41965.84,42283.58,31/12/2023
1704067200,44184.1,42180.77,44179.55,01/01/2024
1704153600,45879.63,44148.34,44946.91,02/01/2024
1704240000,45500,40750,42845.23,03/01/2024
1704326400,44729.58,42613.77,44151.1,04/01/2024
1704412800,44357.46,42450,44145.11,05/01/2024
1704499200,44214.42,43397.05,43968.32,06/01/2024
1704585600,44480.59,43572.09,43929.02,07/01/2024
1704672000,47248.99,43175,46951.04,08/01/2024
1704758400,47972,44748.67,46110,09/01/2024
1704844800,47695.93,44300.36,46653.99,10/01/2024
1704931200,48969.48,45606.06,46339.16,11/01/2024
1705017600,46515.53,41500,42782.73,12/01/2024
1705104000,43257,42436.12,42847.99,13/01/2024
1705190400,43079,41720,41732.35,14/01/2024
1705276800,43400.43,41718.05,42511.1,15/01/2024
1705363200,43578.01,42050,43137.95,16/01/2024
1705449600,43198,42200.69,42776.1,17/01/2024
1705536000,42930,40683.28,41327.5,18/01/2024
1705622400,42196.86,40280,41659.03,19/01/2024
1705708800,41872.56,41456.3,41696.04,20/01/2024
1705795200,41881.39,41500.98,41580.33,21/01/2024
1705881600,41689.65,39431.58,39568.02,22/01/2024
1705968000,40176.74,38555,39897.6,23/01/2024
1706054400,40555,39484.19,40084.88,24/01/2024
1706140800,40300.24,39550,39961.09,25/01/2024
1706227200,42246.82,39822.52,41823.51,26/01/2024
1706313600,42200,41394.34,42120.63,27/01/2024
1706400000,42842.68,41620.81,42031.06,28/01/2024
1706486400,43333,41804.88,43302.7,29/01/2024
1706572800,43882.36,42683.99,42941.1,30/01/2024
1706659200,43745.11,42276.84,42580,31/01/2024
1706745600,43285.13,41884.28,43082.94,01/02/2024
1706832000,43488,42546.79,43200,02/02/2024
1706918400,43380.01,42880,43011.09,03/02/2024
1707004800,43119.04,42222,42582.88,04/02/2024
1707091200,43569.76,42258.1,42708.7,05/02/2024
1707177600,43399.98,42574,43098.95,06/02/2024
1707264000,44396.5,42788,44349.6,07/02/2024
1707350400,45614.3,44331.1,45288.65,08/02/2024
1707436800,48200,45242.12,47132.77,09/02/2024
1707523200,48170,46800,47751.09,10/02/2024
1707609600,48592.66,47557.16,48299.99,11/02/2024
1707696000,50334.82,47710.01,49917.27,12/02/2024
1707782400,50368.61,48300.95,49699.59,13/02/2024
1707868800,52043.71,49225.01,51795.17,14/02/2024
1707955200,52816.62,51314,51880,15/02/2024
1708041600,52572.08,51566,52124.11,16/02/2024
1708128000,52162.82,50625,51642.64,17/02/2024
1708214400,52377,51163.28,52137.67,18/02/2024
1708300800,52488.77,51677,51774.73,19/02/2024
1708387200,52985,50760.37,52258.82,20/02/2024
1708473600,52366.8,50625,51849.39,21/02/2024
1708560000,52065.78,50940.78,51288.42,22/02/2024
1708646400,51548.54,50521,50744.15,23/02/2024
1708732800,51698,50585,51568.22,24/02/2024
1708819200,51958.55,51279.8,51728.85,25/02/2024
1708905600,54910,50901.44,54476.47,26/02/2024
1708992000,57588.15,54450.13,57037.34,27/02/2024
1709078400,64000,56691.85,62432.1,28/02/2024
1709164800,63676.35,60364.7,61130.98,29/02/2024
1709251200,63114.23,60777,62387.9,01/03/2024
1709337600,62433.19,61561.12,61987.28,02/03/2024
1709424000,63231.88,61320,63113.97,03/03/2024
1709510400,68499,62300,68245.71,04/03/2024
1709596800,69000,59005,63724.01,05/03/2024
1709683200,67641.1,62779.14,66074.04,06/03/2024
1709769600,67980,65551,66823.17,07/03/2024
1709856000,69990,66082.66,68124.19,08/03/2024
1709942400,68541.1,67861.1,68313.27,09/03/2024
1710028800,69887.61,68094.75,68955.88,10/03/2024
1710115200,72800,67024.96,72078.1,11/03/2024
1710201600,73000,68620.82,71452.01,12/03/2024
1710288000,73650.25,71333.31,73072.41,13/03/2024
1710374400,73777,68555,71388.94,14/03/2024
1710460800,72419.71,65600,69499.85,15/03/2024
1710547200,70043,64780,65300.63,16/03/2024
1710633600,68904.4,64533,68393.48,17/03/2024
1710720000,68956,66565.2,67609.99,18/03/2024
1710806400,68124.11,61555,61937.4,19/03/2024
1710892800,68100,60775,67840.51,20/03/2024
1710979200,68240.47,64529.01,65501.27,21/03/2024
1711065600,66649.62,62260,63796.64,22/03/2024
1711152000,65999,63000,63990.01,23/03/2024
1711238400,67628.69,63772.29,67209.99,24/03/2024
1711324800,71150,66385.06,69880.01,25/03/2024
1711411200,71561.1,69280,69988,26/03/2024
1711497600,71769.54,68359.18,69469.99,27/03/2024
1711584000,71552.06,68903.62,70780.6,28/03/2024
1711670400,70916.16,69009,69850.54,29/03/2024
1711756800,70321.1,69540,69582.18,30/03/2024
1711843200,71366,69562.99,71280.01,31/03/2024
1711929600,71288.23,68062.86,69649.8,01/04/2024
1712016000,69674.23,64550,65463.99,02/04/2024
1712102400,66903.63,64493.07,65963.28,03/04/2024
1712188800,69309.91,65064.52,68487.79,04/04/2024
1712275200,68756.67,65952.56,67820.62,05/04/2024
1712361600,69692,67447.83,68896,06/04/2024
1712448000,70326.29,68824,69360.39,07/04/2024
1712534400,72797.99,69043.24,71620,08/04/2024
1712620800,71758.19,68210,69146,09/04/2024
1712707200,71172.08,67518,70631.08,10/04/2024
1712793600,71305.89,69567.21,70006.23,11/04/2024
1712880000,71227.46,65086.86,67116.52,12/04/2024
1712966400,67929,60660.57,63924.51,13/04/2024
1713052800,65840,62134,65661.84,14/04/2024
1713139200,66867.07,62274.4,63419.99,15/04/2024
1713225600,64365,61600,63793.39,16/04/2024
1713312000,64499,59678.16,61277.37,17/04/2024
1713398400,64117.09,60803.35,63470.08,18/04/2024
1713484800,65450,59600.01,63818.01,19/04/2024
1713571200,65419,63090.07,64940.59,20/04/2024
1713657600,65695.56,64237.5,64941.15,21/04/2024
1713744000,67232.35,64500,66819.32,22/04/2024
1713830400,67183.01,65765.81,66414,23/04/2024
1713916800,67070.43,63606.06,64289.59,24/04/2024
1714003200,65297.94,62794,64498.34,25/04/2024
1714089600,64820.01,63297.48,63770.01,26/04/2024
1714176000,63923.41,62391.24,63461.98,27/04/2024
1714262400,64370,62781,63118.62,28/04/2024
1714348800,64228.35,61765.53,63866,29/04/2024
1714435200,64734,59191.6,60672,30/04/2024
1714521600,60841.63,56552.82,58364.97,01/05/2024
1714608000,59625,56911.84,59060.61,02/05/2024
1714694400,63333,58811.32,62882.01,03/05/2024
1714780800,64540,62541.03,63892.04,04/05/2024
1714867200,64646,62822.17,64012,05/05/2024
1714953600,65500,62700,63165.19,06/05/2024
1715040000,64422.41,62261,62312.08,07/05/2024
1715126400,63020.22,60888,61193.03,08/05/2024
1715212800,63429.03,60630,63074.01,09/05/2024
1715299200,63469.13,60187.12,60799.99,10/05/2024
1715385600,61515,60487.09,60825.99,11/05/2024
1715472000,61888,60610,61483.99,12/05/2024
1715558400,63450,60749.21,62940.08,13/05/2024
1715644800,63118.36,61142.77,61577.49,14/05/2024
1715731200,66444.16,61319.47,66206.5,15/05/2024
1715817600,66752.01,64602.77,65235.21,16/05/2024
1715904000,67451.2,65106.38,67024,17/05/2024
1715990400,67400.01,66600,66915.2,18/05/2024
1716076800,67700,65857.25,66274.01,19/05/2024
1716163200,71515.56,66060.31,71446.62,20/05/2024
1716249600,71979,69162.94,70148.34,21/05/2024
1716336000,70666,68842.19,69166.62,22/05/2024
1716422400,70096.12,66312.16,67969.65,23/05/2024
1716508800,69250,66600.12,68549.99,24/05/2024
1716595200,69610,68500,69290.57,25/05/2024
1716681600,69562.23,68128.01,68507.67,26/05/2024
1716768000,70687.56,68250,69436.43,27/05/2024
1716854400,69591.81,67277.91,68398.39,28/05/2024
1716940800,68935.68,67124.65,67652.42,29/05/2024
1717027200,69500,67128,68352.17,30/05/2024
1717113600,69044.1,66670,67540.01,31/05/2024
1717200000,67900,67428.44,67766.85,01/06/2024
1717286400,68460,67257.47,67765.63,02/06/2024
1717372800,70288,67612.48,68809.9,03/06/2024
1717459200,71063.45,68567.32,70537.84,04/06/2024
1717545600,71758,70383.66,71108,05/06/2024
1717632000,71700,70117.64,70799.06,06/06/2024
1717718400,71997.02,68420,69355.6,07/06/2024
1717804800,69582.2,69168.02,69310.46,08/06/2024
1717891200,69857.14,69130.24,69648.14,09/06/2024
1717977600,70195.94,69172.29,69540,10/06/2024
1718064000,69590.01,66051,67314.24,11/06/2024
1718150400,69999,66905,68263.99,12/06/2024
1718236800,68449.3,66251.78,66773.01,13/06/2024
1718323200,67370.24,65078,66043.99,14/06/2024
1718409600,66478.48,65857.1,66228.25,15/06/2024
1718496000,66998.7,66034.5,66676.87,16/06/2024
1718582400,67298.81,65130,66504.33,17/06/2024
1718668800,66588.23,64060,65175.32,18/06/2024
1718755200,65727.54,64666,64974.37,19/06/2024
1718841600,66482.94,64559.15,64869.99,20/06/2024
1718928000,65066.66,63379.35,64143.56,21/06/2024
1719014400,64546.81,63943.82,64262.01,22/06/2024
1719100800,64521,63178.32,63210.01,23/06/2024
1719187200,63369.8,58402,60293.3,24/06/2024
1719273600,62420,60257.06,61806.01,25/06/2024
1719360000,62487.81,60712,60864.99,26/06/2024
1719446400,62389.22,60606.63,61706.47,27/06/2024
1719532800,62225.31,60063,60427.84,28/06/2024
1719619200,61224,60383.77,60986.68,29/06/2024
1719705600,63058.76,60712.21,62772.01,30/06/2024
1719792000,63861.76,62497.2,62899.99,01/07/2024
1719878400,63288.83,61806.28,62135.47,02/07/2024
1719964800,62285.94,59400,60208.58,03/07/2024
1720051200,60498.19,56771,57050.01,04/07/2024
1720137600,57546,53485.93,56628.79,05/07/2024
1720224000,58475,56018,58230.13,06/07/2024
1720310400,58449.46,55724.37,55857.81,07/07/2024
1720396800,58236.73,54260.16,56714.62,08/07/2024
1720483200,58296,56289.45,58050,09/07/2024
1720569600,59470,57157.79,57725.85,10/07/2024
1720656000,59650,57050,57339.89,11/07/2024
1720742400,58526.68,56542.47,57889.1,12/07/2024
1720828800,59850,57756.63,59204.02,13/07/2024
1720915200,61420.69,59194.01,60797.91,14/07/2024
1721001600,64900,60632.3,64724.14,15/07/2024
1721088000,65388.97,62373.24,65043.99,16/07/2024
1721174400,66128.63,63854,64087.99,17/07/2024
1721260800,65133.3,63238.48,63987.92,18/07/2024
1721347200,67386,63300.67,66660,19/07/2024
1721433600,67598,66222.46,67139.96,20/07/2024
1721520000,68366.66,65777,68165.34,21/07/2024
1721606400,68474.55,66559.97,67532.01,22/07/2024
1721692800,67750.98,65441.08,65936.01,23/07/2024
1721779200,67102.01,65111,65376,24/07/2024
1721865600,66175.49,63456.7,65799.95,25/07/2024
1721952000,68200,65722.63,67907.99,26/07/2024
1722038400,69399.99,66650,67896.5,27/07/2024
1722124800,68318.43,67066.66,68249.88,28/07/2024
1722211200,70079.99,66428,66784.69,29/07/2024
1722297600,67000,65302.67,66188,30/07/2024
1722384000,66849.24,64530,64628,31/07/2024
1722470400,65659.78,62302,65354.02,01/08/2024
1722556800,65596.14,61230.01,61498.33,02/08/2024
1722643200,62198.22,59850,60697.99,03/08/2024
1722729600,61117.63,57122.77,58161,04/08/2024
1722816000,58305.59,49000,54018.81,05/08/2024
1722902400,57040.99,53950,56022.01,06/08/2024
1722988800,57736.05,54558.62,55134.16,07/08/2024
1723075200,62745.14,54730,61685.99,08/08/2024
1723161600,61744.37,59535,60837.99,09/08/2024
1723248000,61470.58,60242,60923.51,10/08/2024
1723334400,61858,58286.73,58712.59,11/08/2024
1723420800,60711.09,57642.21,59346.64,12/08/2024
1723507200,61578.1,58392.88,60587.15,13/08/2024
1723593600,61800,58433.18,58683.39,14/08/2024
1723680000,59849.38,56078.54,57541.06,15/08/2024
1723766400,59817.76,57098.62,58874.6,16/08/2024
1723852800,59700,58785.05,59491.99,17/08/2024
1723939200,60284.99,58408.92,58427.35,18/08/2024
1724025600,59617.63,57787.3,59438.5,19/08/2024
1724112000,61400,58548.23,59013.8,20/08/2024
1724198400,61820.93,58783.47,61156.03,21/08/2024
1724284800,61400,59724.87,60375.84,22/08/2024
1724371200,64955,60342.14,64037.24,23/08/2024
1724457600,64494.5,63531,64157.01,24/08/2024
1724544000,65000,63773.27,64220,25/08/2024
1724630400,64481,62800,62834,26/08/2024
1724716800,63212,58034.01,59415,27/08/2024
1724803200,60234.98,57860,59034.9,28/08/2024
1724889600,61166.99,58713.09,59359.01,29/08/2024
1724976000,59944.07,57701.1,59123.99,30/08/2024
1725062400,59462.38,58744,58973.99,31/08/2024
1725148800,59076.59,57201,57301.86,01/09/2024
1725235200,59425.69,57128,59132.13,02/09/2024
1725321600,59809.65,57415,57487.73,03/09/2024
1725408000,58519,55606,57970.9,04/09/2024
1725494400,58327.07,55643.65,56180,05/09/2024
1725580800,57008,52550,53962.97,06/09/2024
1725667200,54850,53745.54,54160.86,07/09/2024
1725753600,55318,53629.01,54869.95,08/09/2024
1725840000,58088,54591.96,57042,09/09/2024
1725926400,58044.36,56386.4,57635.99,10/09/2024
1726012800,57981.71,55545.19,57338,11/09/2024
1726099200,58588,57324,58132.32,12/09/2024
1726185600,60625,57632.62,60498,13/09/2024
1726272000,60610.45,59400,59993.03,14/09/2024
1726358400,60395.8,58691.05,59132,15/09/2024
1726444800,59210.7,57493.3,58213.99,16/09/2024
1726531200,61320,57610.01,60313.99,17/09/2024
1726617600,61786.24,59174.8,61759.99,18/09/2024
1726704000,63850,61555,62947.99,19/09/2024
1726790400,64133.32,62350,63201.05,20/09/2024
1726876800,63559.9,62758,63348.96,21/09/2024
1726963200,64000,62357.93,63578.76,22/09/2024
1727049600,64745.88,62538.75,63339.99,23/09/2024
1727136000,64688,62700,64262.7,24/09/2024
1727222400,64817.99,62947.08,63152.01,25/09/2024
1727308800,65839,62670,65173.99,26/09/2024
1727395200,66498,64819.9,65769.95,27/09/2024
1727481600,66260,65422.23,65858,28/09/2024
1727568000,66076.12,65432,65602.01,29/09/2024
1727654400,65618.8,62856.3,63327.59,30/09/2024
1727740800,64130.63,60164,60805.78,01/10/2024
1727827200,62390.31,60000,60649.28,02/10/2024
1727913600,61477.19,59828.11,60752.71,03/10/2024
1728000000,62484.85,60459.9,62086,04/10/2024
1728086400,62370.56,61689.26,62058,05/10/2024
1728172800,62975,61798.97,62819.91,06/10/2024
1728259200,64478.19,62128,62224,07/10/2024
1728345600,63200,61860.31,62160.49,08/10/2024
1728432000,62543.75,60301,60636.02,09/10/2024
1728518400,61321.68,58946,60326.39,10/10/2024
1728604800,63417.56,60087.64,62540,11/10/2024
1728691200,63480,62487.23,63206.22,12/10/2024
1728777600,63285.72,62050,62870.02,13/10/2024
1728864000,66500,62457.81,66083.99,14/10/2024
1728950400,67950,64800.01,67074.14,15/10/2024
1729036800,68424,66750.49,67620.01,16/10/2024
1729123200,67939.4,66666,67421.78,17/10/2024
1729209600,69000,67192.36,68428,18/10/2024
1729296000,68693.26,68010,68378,19/10/2024
1729382400,69400,68100,69031.99,20/10/2024
1729468800,69519.52,66840.67,67377.5,21/10/2024
1729555200,67836.01,66571.42,67426,22/10/2024
1729641600,67472.83,65260,66668.65,23/10/2024
1729728000,68850,66510,68198.28,24/10/2024
1729814400,68771.49,65596.29,66698.33,25/10/2024
1729900800,67454.55,66439.9,67092.76,26/10/2024
1729987200,68332.05,66913.73,68021.7,27/10/2024
1730073600,70270,67618,69962.21,28/10/2024
1730160000,73620.12,69760,72736.42,29/10/2024
1730246400,72961,71436,72344.74,30/10/2024
1730332800,72700,69685.76,70292.01,31/10/2024
1730419200,71632.95,68820.14,69496.01,01/11/2024
1730505600,69914.37,69000.14,69374.74,02/11/2024
1730592000,69391,67478.73,68775.99,03/11/2024
1730678400,69500,66835,67850.01,04/11/2024
1730764800,70577.91,67476.63,69372.01,05/11/2024
1730851200,76400,69298,75571.99,06/11/2024
1730937600,76849.99,74416,75857.89,07/11/2024
1731024000,77199.99,75555,76509.78,08/11/2024
1731110400,76900,75714.66,76677.46,09/11/2024
1731196800,81500,76492,80370.01,10/11/2024
1731283200,89530.54,80216.01,88647.99,11/11/2024
1731369600,89940,85072,87952.01,12/11/2024
1731456000,93265.64,86127.99,90375.2,13/11/2024
1731542400,91790,86668.21,87325.59,14/11/2024
1731628800,91850,87073.38,91032.07,15/11/2024
1731715200,91779.66,90056.17,90586.92,16/11/2024
1731801600,91449.99,88722,89855.99,17/11/2024
1731888000,92594,89376.9,90464.08,18/11/2024
1731974400,93905.51,90357,92310.79,19/11/2024
1732060800,94831.97,91500,94286.56,20/11/2024
1732147200,98988,94040,98317.12,21/11/2024
1732233600,99588.01,97122.11,98892,22/11/2024
1732320000,98908.85,97136,97672.4,23/11/2024
1732406400,98564,95734.77,97900.04,24/11/2024
1732492800,98871.8,92600.19,93010.01,25/11/2024
1732579200,94973.37,90791.1,91965.16,26/11/2024
1732665600,97208.21,91792.14,95863.11,27/11/2024
1732752000,96564,94640,95643.98,28/11/2024
1732838400,98619.99,95364.99,97460,29/11/2024
1732924800,97463.95,96092.01,96407.99,30/11/2024
1733011200,97836,95693.88,97185.18,01/12/2024
1733097600,98130,94395,95840.62,02/12/2024
1733184000,96305.52,93578.17,95849.69,03/12/2024
1733270400,99000,94587.83,98587.32,04/12/2024
1733356800,104088,90500,96945.63,05/12/2024
1733443200,101898.99,95981.72,99740.84,06/12/2024
1733529600,100439.18,98844,99831.99,07/12/2024
1733616000,101351,98657.7,101109.59,08/12/2024
1733702400,101215.93,94150.05,97276.47,09/12/2024
1733788800,98270,94256.54,96593,10/12/2024
1733875200,101888,95658.24,101125,11/12/2024
1733961600,102540,99311.64,100004.29,12/12/2024
1734048000,101895.26,99205,101424.25,13/12/2024
1734134400,102650,100609.41,101420,14/12/2024
1734220800,105250,101237.14,104463.99,15/12/2024
1734307200,107793.07,103333,106058.66,16/12/2024
1734393600,108353,105321.49,106133.74,17/12/2024
1734480000,106524.98,100000,100204.01,18/12/2024
1734566400,102800.11,95700,97461.86,19/12/2024
1734652800,98233,92232.54,97805.44,20/12/2024
1734739200,99540.61,96398.39,97291.99,21/12/2024
1734825600,97448.08,94250.35,95186.27,22/12/2024
1734912000,96538.92,92520,94881.47,23/12/2024
1734998400,99487.99,93569.02,98663.58,24/12/2024
1735084800,99569.15,97632.02,99429.6,25/12/2024
1735171200,99963.7,95199.14,95791.6,26/12/2024
1735257600,97544.58,93500.01,94299.03,27/12/2024
1735344000,95733.99,94135.66,95300,28/12/2024
1735430400,95340,93009.52,93738.2,29/12/2024
1735516800,95024.5,91530.45,92792.05,30/12/2024
1735603200,96250,92033.73,93576,31/12/2024
1735689600,95151.15,92888,94591.79,01/01/2025
1735776000,97839.5,94392,96984.79,02/01/2025
1735862400,98976.91,96100.01,98174.18,03/01/2025
1735948800,98778.43,97514.79,98220.5,04/01/2025
1736035200,98836.85,97276.79,98363.61,05/01/2025
1736121600,102480,97920,102235.6,06/01/2025
1736208000,102724.38,96181.81,96954.61,07/01/2025
1736294400,97268.65,92500.9,95060.61,08/01/2025
1736380800,95382.32,91203.67,92552.49,09/01/2025
1736467200,95836,92206.02,94726.11,10/01/2025
1736553600,95050.94,93831.73,94599.99,11/01/2025
1736640000,95450.1,93711.19,94545.06,12/01/2025
1736726400,95940,89256.69,94536.1,13/01/2025
1736812800,97371,94346.22,96560.86,14/01/2025
1736899200,100681.94,96500,100497.35,15/01/2025
1736985600,100866.66,97335.13,99987.3,16/01/2025
1737072000,105865.22,99950.77,104077.48,17/01/2025
1737158400,104988.88,102277.55,104556.23,18/01/2025
1737244800,106422.43,99651.6,101331.57,19/01/2025
1737331200,109588,99550,102260.01,20/01/2025
1737417600,107240.81,100119.04,106143.82,21/01/2025
1737504000,106394.46,103339.12,103706.66,22/01/2025
1737590400,106850,101262.28,103910.34,23/01/2025
1737676800,107120,102750,104870.5,24/01/2025
1737763200,105286.52,104106.09,104746.85,25/01/2025
1737849600,105500,102520.44,102620,26/01/2025
1737936000,103260,97777.77,102082.83,27/01/2025
1738022400,103800,100272.68,101335.52,28/01/2025
1738108800,104782.68,101328.01,103733.24,29/01/2025
1738195200,106457.44,103278.54,104722.94,30/01/2025
1738281600,106012,101560,102429.56,31/01/2025
1738368000,102783.71,100279.51,100635.65,01/02/2025
1738454400,101456.6,96150,97700.59,02/02/2025
1738540800,102500.01,91231,101328.52,03/02/2025
1738627200,101732.31,96150,97763.13,04/02/2025
1738713600,99149,96155,96612.43,05/02/2025
1738800000,99120,95676.64,96554.35,06/02/2025
1738886400,100137.99,95620.34,96506.8,07/02/2025
1738972800,96880,95688,96444.74,08/02/2025
1739059200,97323.09,94713,96462.75,09/02/2025
1739145600,98345,95256,97430.82,10/02/2025
1739232000,98478.42,94876.88,95778.2,11/02/2025
1739318400,98119.99,94088.23,97869.99,12/02/2025
1739404800,98083.91,95217.36,96608.14,13/02/2025
1739491200,98826,96252.82,97500.48,14/02/2025
1739577600,97972.26,97223.58,97569.66,15/02/2025
1739664000,97704.47,96046.18,96118.12,16/02/2025
1739750400,97046.59,95205,95780,17/02/2025
1739836800,96753.91,93388.09,95671.74,18/02/2025
1739923200,96899.99,95029.99,96644.37,19/02/2025
1740009600,98711.36,96415.09,98305,20/02/2025
1740096000,99475,94871.95,96181.98,21/02/2025
1740182400,96980,95770.49,96551.01,22/02/2025
1740268800,96650,95227.94,96258,23/02/2025
1740355200,96500,91349.26,91552.88,24/02/2025
1740441600,92540.69,86050.99,88680.4,25/02/2025
1740528000,89414.15,82256.01,84250.09,26/02/2025
1740614400,87078.46,82716.49,84708.58,27/02/2025
1740700800,85120,78258.52,84349.94,28/02/2025
1740787200,86558,83824.78,86064.53,01/03/2025
1740873600,95000,85050.6,94270,02/03/2025
1740960000,94416.46,85117.11,86220.61,03/03/2025
1741046400,88967.52,81500,87281.98,04/03/2025
1741132800,91000,86334.53,90606.01,05/03/2025
1741219200,92810.64,87836,89931.89,06/03/2025
1741305600,91283.02,84667.03,86801.75,07/03/2025
1741392000,86897.25,85218.47,86222.45,08/03/2025
1741478400,86500,80000,80734.37,09/03/2025
1741564800,84123.46,77459.91,78595.86,10/03/2025
1741651200,83617.4,76606,82932.99,11/03/2025
1741737600,84539.85,80607.65,83680.12,12/03/2025
1741824000,84336.33,79939.9,81115.78,13/03/2025
1741910400,85309.71,80818.84,83983.2,14/03/2025
1741996800,84676.28,83618,84338.44,15/03/2025
1742083200,85117.04,81981.12,82574.53,16/03/2025
1742169600,84756.83,82456,84010.03,17/03/2025
1742256000,84021.74,81134.66,82715.03,18/03/2025
1742342400,87000,82547.16,86845.94,19/03/2025
1742428800,87453.67,83655.23,84223.39,20/03/2025
1742515200,84850.33,83175.25,84088.79,21/03/2025
1742601600,84539.17,83625.1,83840.59,22/03/2025
1742688000,86129.64,83809.75,86082.5,23/03/2025
1742774400,88765.43,85519.09,87498.16,24/03/2025
1742860800,88539.63,86310,87392.87,25/03/2025
1742947200,88275,85860,86909.17,26/03/2025
1743033600,87756.39,85800,87232.01,27/03/2025
1743120000,87515.67,83585,84424.38,28/03/2025
1743206400,84624.73,81644.81,82648.54,29/03/2025
1743292800,83534.64,81565,82389.99,30/03/2025
1743379200,83943.08,81278.52,82550.01,31/03/2025
1743465600,85579.46,82432.74,85158.34,01/04/2025
1743552000,88500,82320,82516.29,02/04/2025
1743638400,83998.02,81211.24,83213.09,03/04/2025
1743724800,84720,81659,83889.87,04/04/2025
1743811200,84266,82379.95,83537.99,05/04/2025
1743897600,83817.63,77153.83,78430,06/04/2025
1743984000,81243.58,74508,79163.24,07/04/2025
1744070400,80867.99,76239.9,76322.42,08/04/2025
1744156800,83588,74620,82615.22,09/04/2025
1744243200,82753.21,78464.36,79607.3,10/04/2025
1744329600,84300,78969.58,83423.84,11/04/2025
1744416000,85905,82792.95,85276.9,12/04/2025
1744502400,86100,83034.23,83760,13/04/2025
1744588800,85799.99,83678,84591.58,14/04/2025
1744675200,86496.42,83600,83643.99,15/04/2025
1744761600,85500,83111.64,84030.38,16/04/2025
1744848000,85470.01,83736.26,84947.91,17/04/2025
1744934400,85132.08,84303.96,84474.69,18/04/2025
1745020800,85677.99,84364.45,85077.01,19/04/2025
1745107200,85320.76,83949.52,85179.24,20/04/2025
1745193600,88465.99,85144.76,87516.23,21/04/2025
1745280000,93888,87076.03,93442.99,22/04/2025
1745366400,94696.05,91935.41,93691.08,23/04/2025
1745452800,94005,91660.01,93980.47,24/04/2025
1745539200,95758.04,92855.96,94638.68,25/04/2025
1745625600,95199,93870.69,94628,26/04/2025
1745712000,95369,93602.58,93749.3,27/04/2025
1745798400,95630,92800.01,95011.18,28/04/2025
1745884800,95461.53,93742.54,94256.82,29/04/2025
1745971200,95228.45,92910,94172,30/04/2025
1746057600,97424.02,94130.43,96489.91,01/05/2025
1746144000,97895.68,96350,96887.14,02/05/2025
1746230400,96935.67,95753.01,95856.42,03/05/2025
1746316800,96304.48,94151.38,94277.62,04/05/2025
1746403200,95199,93514.1,94733.68,05/05/2025
1746489600,96920.65,93377,96834.02,06/05/2025
1746576000,97732,95784.61,97030.5,07/05/2025
1746662400,104145.76,96876.29,103261.6,08/05/2025
1746748800,104361.3,102315.14,102971.99,09/05/2025
1746835200,104984.57,102818.76,104809.53,10/05/2025
1746921600,104972,103345.06,104118,11/05/2025
1747008000,105819.45,100718.37,102791.32,12/05/2025
1747094400,104976.25,101429.7,104103.72,13/05/2025
1747180800,104356.95,102602.05,103507.82,14/05/2025
1747267200,104192.7,101383.07,103763.71,15/05/2025
1747353600,104550.33,103100.49,103463.9,16/05/2025
1747440000,103709.86,102612.5,103126.65,17/05/2025
1747526400,106660,103105.09,106454.26,18/05/2025
1747612800,107108.62,102000,105573.74,19/05/2025
1747699200,107320,104184.72,106849.99,20/05/2025
1747785600,110797.38,106100.01,109643.99,21/05/2025
1747872000,111980,109177.37,111696.21,22/05/2025
1747958400,111800,106800,107318.3,23/05/2025
1748044800,109506.03,106875.41,107761.91,24/05/2025
1748131200,109299.99,106600.64,109004.19,25/05/2025
1748217600,110422.22,108670.58,109434.79,26/05/2025
1748304000,110718,107516.57,108938.17,27/05/2025
1748390400,109284.7,106769.43,107781.78,28/05/2025
1748476800,108891.91,105322.86,105589.75,29/05/2025
1748563200,106313.12,103621,103985.48,30/05/2025
1748649600,104900,103068.55,104591.88,31/05/2025
1748736000,105866.91,103752.49,105642.93,01/06/2025
1748822400,105935.63,103659.88,105857.99,02/06/2025
1748908800,106794.67,104872.5,105376.89,03/06/2025
1748995200,106000,104179,104696.86,04/06/2025
1749081600,105909.71,100372.26,101508.68,05/06/2025
1749168000,105333,101095.8,104288.44,06/06/2025
1749254400,105900,103871.09,105552.15,07/06/2025
1749340800,106488.14,104964.14,105734,08/06/2025
1749427200,110530.17,105318.37,110263.02,09/06/2025
1749513600,110400,108331.03,110274.39,10/06/2025
1749600000,110392.01,108064,108645.12,11/06/2025
1749686400,108813.55,105671.72,105671.73,12/06/2025
1749772800,106179.53,102664.31,106066.59,13/06/2025
1749859200,106252,104300,105414.64,14/06/2025
1749945600,106128.57,104494.53,105594.01,15/06/2025
1750032000,108952.38,104980.37,106794.53,16/06/2025
1750118400,107771.34,103371.02,104551.17,17/06/2025
1750204800,105550.27,103500,104886.78,18/06/2025
1750291200,105226.17,103929.27,104658.59,19/06/2025
1750377600,106524.65,102345,103297.99,20/06/2025
1750464000,103982.64,100837.9,102120.01,21/06/2025
1750550400,103399.62,98200,100963.87,22/06/2025
1750636800,106074.2,99613.33,105333.93,23/06/2025
1750723200,106290,104622.02,106083,24/06/2025
1750809600,108135.3,105808.03,107340.58,25/06/2025
1750896000,108272.45,106562.5,106947.06,26/06/2025
1750982400,107735.34,106356.76,107047.59,27/06/2025
1751068800,107577.75,106811.51,107296.79,28/06/2025
1751155200,108528.5,107172.52,108356.93,29/06/2025
1751241600,108789.99,106733.33,107146.5,30/06/2025
1751328000,107540,105250.85,105681.14,01/07/2025
1751414400,109730,105100.19,108849.6,02/07/2025
1751500800,110529.18,108530.4,109584.78,03/07/2025
1751587200,109767.59,107245,107984.24,04/07/2025
1751673600,108420.56,107756.31,108198.12,05/07/2025
1751760000,109700,107800.01,109203.84,06/07/2025
1751846400,109700,107513.2,108262.94,07/07/2025
1751932800,109216.56,107429.57,108922.98,08/07/2025
1752019200,111999.79,108324.53,111233.99,09/07/2025
1752105600,116868,110500,116010,10/07/2025
1752192000,118869.98,115222.22,117527.66,11/07/2025
1752278400,118200,116900.05,117420,12/07/2025
1752364800,119488,117224.79,119086.64,13/07/2025
1752451200,123218,118905.18,119841.18,14/07/2025
1752537600,119940.83,115736.92,117758.09,15/07/2025
1752624000,120063.84,117017.29,118630.43,16/07/2025
1752710400,120998.71,117453.57,119177.56,17/07/2025
1752796800,120820.71,116812.76,117924.84,18/07/2025
1752883200,118499.9,117277.34,117840,19/07/2025
1752969600,118856.8,116467.02,117265.12,20/07/2025
1753056000,119676.73,116515,117380.36,21/07/2025
1753142400,120247.8,116128,119954.42,22/07/2025
1753228800,120090,117301,118755.99,23/07/2025
1753315200,119450,117103.1,118340.99,24/07/2025
1753401600,118451.57,114723.16,117614.31,25/07/2025
1753488000,118297.35,117138.38,117919.99,26/07/2025
1753574400,119766.65,117825.5,119415.55,27/07/2025
1753660800,119800,117427.5,118062.32,28/07/2025
1753747200,119273.36,116950.75,117950.76,29/07/2025
1753833600,118792,115796.23,117840.3,30/07/2025
1753920000,118922.45,115500,115764.08,31/07/2025
1754006400,116052,112722.58,113297.93,01/08/2025
1754092800,114063.49,112003,112546.35,02/08/2025
1754179200,114799.97,111920,114208.8,03/08/2025
1754265600,115720,114107.6,115055.03,04/08/2025
1754352000,115127.81,112650,114129.75,05/08/2025
1754438400,115716,113355.13,114992.27,06/08/2025
1754524800,117621,114259,117472.01,07/08/2025
1754611200,117630,115878.71,116674.74,08/08/2025
1754697600,117944.05,116299.13,116462.25,09/08/2025
1754784000,119311.11,116460.63,119294.01,10/08/2025
1754870400,122335.16,118050.11,118686,11/08/2025
1754956800,120324.43,118207.47,120134.08,12/08/2025
1755043200,123667.79,118920.92,123306.43,13/08/2025
1755129600,124474,117180,118295.09,14/08/2025
1755216000,119216.82,116803.99,117342.05,15/08/2025
1755302400,117898.99,117143.98,117380.66,16/08/2025
1755388800,118575,117172.21,117405.01,17/08/2025
1755475200,117543.75,114640.14,116227.05,18/08/2025
1755561600,116725.69,112732.58,112872.94,19/08/2025
1755648000,114615.38,112380,114271.24,20/08/2025
1755734400,114821.76,112015.67,112500,21/08/2025
1755820800,117429.05,111684.79,116935.99,22/08/2025
1755907200,117030,114560,115438.05,23/08/2025
1755993600,115666.68,110680,113493.59,24/08/2025
1756080000,113667.28,109274.1,110111.98,25/08/2025
1756166400,112371,108666.66,111763.22,26/08/2025
1756252800,112625,110345.42,111262.01,27/08/2025
1756339200,113485.9,110862.42,112566.9,28/08/2025
1756425600,112638.64,107463.9,108377.4,29/08/2025
1756512000,108926.15,107350.1,108816.33,30/08/2025
1756598400,109480.02,108076.93,108246.35,31/08/2025
1756684800,109912.4,107255,109237.42,01/09/2025
1756771200,111771.52,108393.39,111240.01,02/09/2025
1756857600,112575.27,110528.71,111705.71,03/09/2025
1756944000,112180,109329.12,110730.87,04/09/2025
1757030400,113384.62,110206.96,110659.99,05/09/2025
1757116800,111307.7,109977,110187.97,06/09/2025
1757203200,111600,110180,111137.34,07/09/2025
1757289600,112924.37,110621.78,112065.23,08/09/2025
1757376000,113293.29,110766.66,111546.39,09/09/2025
1757462400,114313.13,110917.45,113960,10/09/2025
1757548800,115488.09,113430,115482.69,11/09/2025
1757635200,116665.63,114740.99,116029.42,12/09/2025
1757721600,116298.78,115127.27,115918.29,13/09/2025
1757808000,116165.19,115135,115268.01,14/09/2025
1757894400,116757.99,114384,115349.71,15/09/2025
1757980800,116964.27,114737.11,116788.96,16/09/2025
1758067200,117286.73,114720.81,116447.59,17/09/2025
1758153600,117900,116092.76,117073.53,18/09/2025
1758240000,117459.99,115100,115632.38,19/09/2025
1758326400,116121.81,115408.47,115685.63,20/09/2025
1758412800,115819.06,115188,115232.29,21/09/2025
1758499200,115379.25,111800,112650.99,22/09/2025
1758585600,113290.5,111458.73,111998.8,23/09/2025
1758672000,113940,111042.66,113307,24/09/2025
1758758400,113510.23,108631.51,108994.49,25/09/2025
1758844800,110300,108620.07,109643.46,26/09/2025
1758931200,109743.91,109064.4,109635.85,27/09/2025
1759017600,112350,109189.99,112163.95,28/09/2025
1759104000,114400,111560.65,114311.96,29/09/2025
1759190400,114792,112656.27,114048.93,30/09/2025
1759276800,118649.1,113966.67,118594.99,01/10/2025
1759363200,121022.07,118279.31,120529.35,02/10/2025
1759449600,123894.99,119248.3,122232,03/10/2025
1759536000,122800,121510,122391,04/10/2025
1759622400,125708.42,122136,123482.31,05/10/2025
1759708800,126199.63,123084,124658.54,06/10/2025
1759795200,125126,120574.94,121332.95,07/10/2025
1759881600,124197.25,121066.14,123306,08/10/2025
1759968000,123762.94,119651.47,121662.4,09/10/2025
1760054400,122550,102000,112774.5,10/10/2025
1760140800,113322.39,109561.59,110644.4,11/10/2025
1760227200,115770,109565.06,114958.8,12/10/2025
1760313600,115963.81,113616.5,115166,13/10/2025
1760400000,115409.96,109866,113028.14,14/10/2025
1760486400,113612.35,110164,110763.28,15/10/2025
1760572800,111982.45,107427,108194.28,16/10/2025
1760659200,109240,103528.23,106431.68,17/10/2025
1760745600,107499,106322.2,107185.01,18/10/2025
1760832000,109450.07,106103.36,108642.78,19/10/2025
1760918400,111705.56,107402.52,110532.09,20/10/2025
1761004800,114000,107473.72,108297.67,21/10/2025
1761091200,109163.88,106666.69,107567.44,22/10/2025
1761177600,111293.61,107500,110078.18,23/10/2025
1761264000,112104.98,109700.01,111004.89,24/10/2025
1761350400,111943.19,110672.86,111646.27,25/10/2025
1761436800,115466.8,111260.45,114559.4,26/10/2025
1761523200,116400,113830.01,114107.65,27/10/2025
1761609600,116086,112211,112898.45,28/10/2025
1761696000,113643.73,109200,110021.29,29/10/2025
1761782400,111592,106304.34,108322.88,30/10/2025
1761868800,111190,108275.28,109608.01,31/10/2025
1761955200,110564.49,109394.81,110098.1,01/11/2025
1762041600,111250.01,109471.34,110540.68,02/11/2025
1762128000,110750,105306.56,106583.04,03/11/2025
1762214400,107299,98944.36,101497.22,04/11/2025
1762300800,104534.74,98966.8,103885.16,05/11/2025
1762387200,104200,100300.95,101346.04,06/11/2025
1762473600,104096.36,99260.86,103339.08,07/11/2025
1762560000,103406.22,101454,102312.94,08/11/2025
1762646400,105495.62,101400,104722.96,09/11/2025
1762732800,106670.11,104265.02,106011.13,10/11/2025
1762819200,107500,102476.09,103058.99,11/11/2025
1762905600,105333.33,100813.59,101654.37,12/11/2025
1762992000,104085.01,98000.4,99692.02,13/11/2025
1763078400,99866.02,94012.45,94594,14/11/2025
1763164800,96846.68,94558.49,95596.24,15/11/2025
1763251200,96635.11,93005.55,94261.44,16/11/2025
1763337600,96043,91220,92215.14,17/11/2025
1763424000,93836.01,89253.78,92960.83,18/11/2025
1763510400,92980.22,88608,91554.96,19/11/2025
1763596800,93160,86100,86637.23,20/11/2025
1763683200,87498.94,80600,85129.43,21/11/2025
1763769600,85620,83500,84739.74,22/11/2025
1763856000,88127.64,84667.57,86830,23/11/2025
1763942400,89228,85272,88300.01,24/11/2025
1764028800,88519.99,86116,87369.96,25/11/2025
1764115200,90656.08,86306.77,90484.02,26/11/2025
1764201600,91950,90089.91,91333.95,27/11/2025
1764288000,93092,90180.63,90890.7,28/11/2025
1764374400,91165.65,90155.47,90802.44,29/11/2025
1764460800,92000.01,90336.9,90360,30/11/2025
1764547200,90417,83822.76,86286.01,01/12/2025
1764633600,92307.65,86184.39,91277.88,02/12/2025
1764720000,94150,90990.23,93429.95,03/12/2025
1764806400,94080,90889,92078.06,04/12/2025
1764892800,92692.36,88056,89330.04,05/12/2025
1764979200,90289.97,88908.01,89236.79,06/12/2025
1765065600,91760,87719.28,90395.31,07/12/2025
1765152000,92287.15,89612,90634.34,08/12/2025
1765238400,94588.99,89500,92678.8,09/12/2025
1765324800,94476,91563.15,92015.37,10/12/2025
1765411200,93555,89260.63,92513.38,11/12/2025
1765497600,92754,89480,90268.42,12/12/2025
1765584000,90634.55,89766.39,90240.01,13/12/2025
1765670400,90472.4,87577.36,88172.17,14/12/2025
1765756800,90052.64,85146.64,86432.08,15/12/2025
1765843200,88175.98,85266,87863.42,16/12/2025
1765929600,90365.85,85314,86243.22,17/12/2025
1766016000,89477.61,84450.01,85516.41,18/12/2025
1766102400,89399.97,85110.24,88136.94,19/12/2025
1766188800,88573.07,87795.76,88360.9,20/12/2025
1766275200,89081.77,87600.04,88658.86,21/12/2025
1766361600,90588.23,87900,88620.79,22/12/2025
1766448000,88940,86601.9,87486,23/12/2025
1766534400,88049.89,86420,87669.45,24/12/2025
1766620800,88592.74,86934.72,87225.27,25/12/2025
1766707200,89567.75,86655.08,87369.56,26/12/2025
1766793600,87984,87253.05,87877.01,27/12/2025
1766880000,88088.75,87435,87952.71,28/12/2025
1766966400,90406.08,86806.5,87237.13,29/12/2025
1767052800,89400,86845.66,88485.49,30/12/2025
1767139200,89200,87250,87648.22,31/12/2025
1767225600,88919.45,87550.43,88839.04,01/01/2026
1767312000,90961.81,88379.88,89995.13,02/01/2026
1767398400,90741.16,89314.01,90628.01,03/01/2026
1767484800,91810,90628,91529.73,04/01/2026
1767571200,94789.08,91514.81,93859.71,05/01/2026
1767657600,94444.44,91262.94,93747.97,06/01/2026
1767744000,93747.97,90675.52,91364.16,07/01/2026
1767830400,91687.99,89311,91099.99,08/01/2026
1767916800,92082.55,89694.66,90641.28,09/01/2026
1768003200,90832,90404,90504.7,10/01/2026
1768089600,91283.89,90236,91013.65,11/01/2026
1768176000,92519.95,90128.44,91296.2,12/01/2026
1768262400,96495,91042.66,95414,13/01/2026
1768348800,97924.49,94559.28,96951.78,14/01/2026
1768435200,97193.34,95134.48,95604.8,15/01/2026
1768521600,95871.47,94293.46,95550.94,16/01/2026
1768608000,95639.45,95021.67,95147.77,17/01/2026
1768694400,95531.12,93615.4,93673.14,18/01/2026
1768780800,93673.14,91910.2,92631,19/01/2026
1768867200,92870,87895.98,88427.66,20/01/2026
1768953600,90574,87263.53,89454.73,21/01/2026
1769040000,90359.99,88515.37,89559.67,22/01/2026
1769126400,91224.99,88578.36,89600.26,23/01/2026
1769212800,89957.39,89162.08,89225.34,24/01/2026
1769299200,89319.13,86074.72,86670.36,25/01/2026
1769385600,88860,86509.63,88347.08,26/01/2026
1769472000,89523.16,87304.33,89250,27/01/2026
1769558400,90600,88833.65,89299.99,28/01/2026
1769644800,89348,83383.33,84650.16,29/01/2026
1769731200,84735.75,81118,84260.49,30/01/2026
1769817600,84270.02,75719.9,78741.09,31/01/2026
1769904000,79424,78284,78822.82,01/02/2026