time,open,high,low,close,RSI,date
1597104000,2.85,3.5208,2.8433,3.2985,,11/08/2020
1597190400,3.2985,3.9289,3.08,3.7558,,12/08/2020
1597276800,3.75,4.1387,3.5003,3.73,,13/08/2020
1597363200,3.7207,3.7676,3.321,3.4099,,14/08/2020
1597449600,3.4181,3.74,3.15,3.173,,15/08/2020
1597536000,3.173,3.4907,3.12,3.3885,,16/08/2020
1597622400,3.3885,3.3952,3.1,3.11,,17/08/2020
1597708800,3.11,3.7092,2.8105,3.3407,,18/08/2020
1597795200,3.334,3.49,2.8,2.8868,,19/08/2020
1597881600,2.8962,3.445,2.8871,3.2038,,20/08/2020
1597968000,3.2038,3.24,2.89,2.9317,,21/08/2020
1598054400,2.9213,3.2,2.7431,3.0126,,22/08/2020
1598140800,3.0224,3.4,3.0014,3.25,,23/08/2020
1598227200,3.2658,3.62,3.21,3.3405,,24/08/2020
1598313600,3.3406,3.3654,3.0001,3.25,49.26672915847721,25/08/2020
1598400000,3.2576,3.7999,3.1809,3.5684,54.03277983725992,26/08/2020
1598486400,3.5557,3.8575,3.2434,3.4501,52.07531457239481,27/08/2020
1598572800,3.4503,4.3091,3.4503,4.0063,59.50353511743555,28/08/2020
1598659200,4.007,4.1121,3.7748,3.9535,58.57536381897142,29/08/2020
1598745600,3.9531,4.7117,3.9,4.4309,64.03756435,30/08/2020
1598832000,4.4127,4.8865,4.1,4.7435,67.09696360923711,31/08/2020
1598918400,4.7432,4.9475,4.3,4.3397,59.99667113546792,01/09/2020
1599004800,4.3213,4.3506,3.66,4.17,57.254568366456596,02/09/2020
1599091200,4.17,4.459,3.4772,3.5051,47.99819877973748,03/09/2020
1599177600,3.5062,3.8346,3.1739,3.5301,48.33640649569673,04/09/2020
1599264000,3.5301,3.6637,2.0926,2.6052,38.38897248532437,05/09/2020
1599350400,2.6119,3.18,2.2575,3.0941,44.849874475659135,06/09/2020
1599436800,3.0785,3.1983,2.38,2.9237,43.15138192548972,07/09/2020
1599523200,2.9237,2.9499,2.4,2.468,38.90779453961356,08/09/2020
1599609600,2.468,3.8838,2.3821,3.6001,51.633307000740984,09/09/2020
1599696000,3.6107,3.875,3.304,3.4761,50.39508299423924,10/09/2020
1599782400,3.4707,3.5036,3.0316,3.3965,49.57323294266299,11/09/2020
1599868800,3.3967,3.47,3.1494,3.3316,48.873401738875785,12/09/2020
1599955200,3.3386,3.47,2.9838,3.2603,48.07051487870002,13/09/2020
1600041600,3.2656,3.5393,3.0752,3.2641,48.11943249096034,14/09/2020
1600128000,3.264,3.3249,2.8955,2.9295,44.17357992600194,15/09/2020
1600214400,2.9288,2.9293,2.4282,2.5327,39.986038230329655,16/09/2020
1600300800,2.5376,2.9389,2.36,2.8829,44.94637988899831,17/09/2020
1600387200,2.883,3.16,2.726,3.1144,48.00576416517599,18/09/2020
1600473600,3.1084,3.2545,2.9564,3.031,46.992605616142455,19/09/2020
1600560000,3.0216,3.0319,2.7,2.8628,44.93295466025801,20/09/2020
1600646400,2.8628,3.0397,2.4689,2.7672,43.75900855473891,21/09/2020
1600732800,2.7571,3.0107,2.65,2.9082,45.99991402605467,22/09/2020
1600819200,2.9184,3.09,2.7001,2.8548,45.264327994189856,23/09/2020
1600905600,2.855,3.2571,2.7804,3.1433,49.92341088915546,24/09/2020
1600992000,3.1409,3.2766,2.9003,3.1937,50.71269696266196,25/09/2020
1601078400,3.185,3.25,3.03,3.1287,49.62632311431861,26/09/2020
1601164800,3.1292,3.1857,2.9819,3.1578,50.14127667402044,27/09/2020
1601251200,3.1557,3.2109,2.908,2.9599,46.648733687856584,28/09/2020
1601337600,2.9549,3.027,2.8735,2.9505,46.48311538009319,29/09/2020
1601424000,2.9447,2.9838,2.8228,2.8967,45.48770623391255,30/09/2020
1601510400,2.8967,2.9889,2.65,2.8669,44.91397751678692,01/10/2020
1601596800,2.8667,2.8873,2.42,2.6232,40.423705783617386,02/10/2020
1601683200,2.6231,2.6708,2.5356,2.5439,39.05542625332758,03/10/2020
1601769600,2.542,2.5898,2.42,2.5202,38.63453084259574,04/10/2020
1601856000,2.5181,2.683,2.4561,2.6522,42.36037127745902,05/10/2020
1601942400,2.6486,2.6604,2.13,2.174,34.24788049949561,06/10/2020
1602028800,2.1721,2.4083,2.081,2.3005,37.64960623640381,07/10/2020
1602115200,2.3001,2.4569,2.0123,2.3638,39.34076483,08/10/2020
1602201600,2.3686,2.63,2.303,2.5314,43.69532764731111,09/10/2020
1602288000,2.5274,2.6056,2.3873,2.3999,41.196456223864026,10/10/2020
1602374400,2.3988,2.4607,2.3401,2.4227,41.81774461690847,11/10/2020
1602460800,2.4228,2.7044,2.4132,2.5836,46.14231807274302,12/10/2020
1602547200,2.5826,2.5867,2.336,2.4062,42.40031560121857,13/10/2020
1602633600,2.4061,2.4424,2.2331,2.3107,40.49636723244843,14/10/2020
1602720000,2.3108,2.3485,2.1932,2.2682,39.643217584758354,15/10/2020
1602806400,2.2648,2.269,2.1071,2.1398,37.100217457749984,16/10/2020
1602892800,2.1374,2.2462,2.1107,2.2053,39.24136432912889,17/10/2020
1602979200,2.2031,2.2595,2.1763,2.215,39.56943626246312,18/10/2020
1603065600,2.2137,2.2148,2.05,2.0592,36.18938939,19/10/2020
1603152000,2.0552,2.108,1.8401,1.885,32.81425698256433,20/10/2020
1603238400,1.8873,2.11,1.8415,1.8887,32.95727786593146,21/10/2020
1603324800,1.8868,2.09,1.8481,1.9582,35.72505922908775,22/10/2020
1603411200,1.9566,1.9902,1.85,1.959,35.75793602550425,23/10/2020
1603497600,1.9652,1.973,1.88,1.9142,34.68789969744745,24/10/2020
1603584000,1.9175,1.9244,1.76,1.7926,31.897756682722374,25/10/2020
1603670400,1.7925,1.8685,1.6121,1.6799,29.527223213534924,26/10/2020
1603756800,1.6771,1.75,1.5906,1.711,31.050017597749417,27/10/2020
1603843200,1.7084,1.7255,1.4508,1.518,27.131866677685665,28/10/2020
1603929600,1.5166,1.5754,1.4148,1.4327,25.59461720183637,29/10/2020
1604016000,1.4328,1.4726,1.3163,1.4381,25.880919027267353,30/10/2020
1604102400,1.4383,1.558,1.4266,1.5497,31.727732102421243,31/10/2020
1604188800,1.5497,1.6463,1.5137,1.608,34.62884343799034,01/11/2020
1604275200,1.6076,1.6432,1.4621,1.4738,31.328711905486102,02/11/2020
1604361600,1.4729,1.484,1.4062,1.4118,29.91050104097998,03/11/2020
1604448000,1.4123,1.4144,1.2733,1.3912,29.43373657206159,04/11/2020
1604534400,1.3895,1.4928,1.3,1.4007,29.987971539823292,05/11/2020
1604620800,1.403,1.9482,1.3946,1.9,51.533635756536626,06/11/2020
1604707200,1.9069,2.4975,1.8276,2.0215,55.15059263022971,07/11/2020
1604793600,2.0264,2.2825,1.9608,2.1558,58.809755006573546,08/11/2020
1604880000,2.1515,2.1991,1.9456,2.0299,54.334335656722835,09/11/2020
1604966400,2.0383,2.3257,2.008,2.2661,60.419890770871255,10/11/2020
1605052800,2.2665,2.3,1.9673,2,52.010723695421085,11/11/2020
1605139200,2,2.06,1.825,1.9089,49.47213754386372,12/11/2020
1605225600,1.9089,2.0808,1.8997,2.0141,52.363615263810644,13/11/2020
1605312000,2.0222,2.0374,1.869,1.9182,49.57833797114847,14/11/2020
1605398400,1.9204,2.218,1.9133,2.0407,53.01620498689405,15/11/2020
1605484800,2.039,2.37,1.9858,2.2626,58.531807031111896,16/11/2020
1605571200,2.2665,2.33,2.125,2.1998,56.509921521037555,17/11/2020
1605657600,2.1962,2.2173,2.0001,2.1153,53.81616037068314,18/11/2020
1605744000,2.1122,2.1848,2.0136,2.085,52.843422285577134,19/11/2020
1605830400,2.0841,2.2387,2.0521,2.1033,53.39137445628709,20/11/2020
1605916800,2.0999,2.51,2.0351,2.3822,60.856572462410355,21/11/2020
1606003200,2.3825,2.4201,2.04,2.1514,53.25493937,22/11/2020
1606089600,2.161,2.3635,2.112,2.2786,56.48128900069465,23/11/2020
1606176000,2.2786,2.4731,2.1338,2.2823,56.57517764058545,24/11/2020
1606262400,2.2795,2.49,2.1703,2.2661,56.00545259801012,25/11/2020
1606348800,2.2653,2.3101,1.7212,1.9111,45.25145464136205,26/11/2020
1606435200,1.9117,2.04,1.7694,1.861,43.96831616350281,27/11/2020
1606521600,1.8644,1.94,1.8016,1.8868,44.83580704,28/11/2020
1606608000,1.8858,1.947,1.85,1.9153,45.83344348868282,29/11/2020
1606694400,1.9184,2.0182,1.9034,1.9665,47.66457924380967,30/11/2020
1606780800,1.9641,2.1404,1.9168,1.9738,47.93483450116772,01/12/2020
1606867200,1.9702,2.2098,1.9333,2.1209,53.18135927417687,02/12/2020
1606953600,2.119,2.2279,2.074,2.0967,52.24856426819808,03/12/2020
1607040000,2.0967,2.1123,1.836,1.8535,43.91271333689408,04/12/2020
1607126400,1.8507,1.983,1.82,1.9795,48.49727137587378,05/12/2020
1607212800,1.9795,1.9907,1.7956,1.8505,44.487878714622376,06/12/2020
1607299200,1.8515,1.899,1.8088,1.8272,43.78379295240763,07/12/2020
1607385600,1.8301,1.8301,1.6211,1.6631,39.09132226598909,08/12/2020
1607472000,1.66,1.6777,1.5,1.6592,38.984387331044026,09/12/2020
1607558400,1.6599,1.6664,1.5395,1.5683,36.479586949969914,10/12/2020
1607644800,1.5739,1.5774,1.4328,1.4389,33.208536650104236,11/12/2020
1607731200,1.4368,1.5382,1.4366,1.4912,35.71743243,12/12/2020
1607817600,1.4909,1.7,1.4578,1.5701,39.414764522437494,13/12/2020
1607904000,1.5651,1.6253,1.5224,1.5946,40.55806903826467,14/12/2020
1607990400,1.594,1.8039,1.5875,1.7586,47.676068259423026,15/12/2020
1608076800,1.7577,1.7919,1.6025,1.7829,48.65712099651105,16/12/2020
1608163200,1.78,1.8064,1.6382,1.68,44.824456527563534,17/12/2020
1608249600,1.6769,1.7077,1.6307,1.7014,45.78096594,18/12/2020
1608336000,1.6987,1.7677,1.6595,1.6707,44.586817303806036,19/12/2020
1608422400,1.6706,1.6889,1.521,1.5635,40.60405876,20/12/2020
1608508800,1.5605,1.62,1.49,1.5331,39.525803238914754,21/12/2020
1608595200,1.5354,1.5799,1.47,1.49,37.985662806771586,22/12/2020
1608681600,1.49,1.5126,1.0301,1.198,29.57704422424237,23/12/2020
1608768000,1.1987,1.3888,1.1652,1.3612,37.85685075691813,24/12/2020
1608854400,1.3641,1.4599,1.3417,1.4464,41.70990253421754,25/12/2020
1608940800,1.4488,1.4497,1.3118,1.3258,38.10808954283381,26/12/2020
1609027200,1.324,1.417,1.2616,1.3037,37.46954665356373,27/12/2020
1609113600,1.3041,1.5223,1.2867,1.5172,46.752067528438964,28/12/2020
1609200000,1.5187,1.735,1.4388,1.6704,52.23179373977941,29/12/2020
1609286400,1.6734,1.6903,1.5235,1.535,47.572142581379374,30/12/2020
1609372800,1.5337,1.5523,1.42,1.5073,46.65515409982578,31/12/2020
1609459200,1.5088,1.86,1.499,1.8421,57.35484495668921,01/01/2021
1609545600,1.8421,2,1.7116,1.7999,55.83466717173492,02/01/2021
1609632000,1.7998,2.38,1.7973,2.1779,64.82741790984461,03/01/2021
1609718400,2.1789,2.4989,1.86,2.4909,70.23237716,04/01/2021
1609804800,2.4911,2.5093,2.0621,2.1636,59.871537880997906,05/01/2021
1609891200,2.1636,2.189,1.9017,1.9414,54.04275617290942,06/01/2021
1609977600,1.9404,2.65,1.9214,2.3635,61.67563438373013,07/01/2021
1610064000,2.3655,3.8,2.175,3.2214,71.89327462292766,08/01/2021
1610150400,3.212,3.6998,2.93,3.3829,73.33454409564061,09/01/2021
1610236800,3.3734,3.7517,3.1556,3.449,73.92391798569327,10/01/2021
1610323200,3.4455,3.5282,2.5795,3.1016,65.70434918907952,11/01/2021
1610409600,3.1016,3.88,3.058,3.6354,71.03386803,12/01/2021
1610496000,3.6354,3.637,3.2633,3.5242,68.64086844209638,13/01/2021
1610582400,3.5243,3.5955,3.1814,3.2921,63.80900999,14/01/2021
1610668800,3.2921,3.4489,2.9618,3.2475,62.892837966225265,15/01/2021
1610755200,3.2479,3.7081,3.2463,3.4247,65.04053650709362,16/01/2021
1610841600,3.4251,3.9876,3.3,3.8268,69.37247711233634,17/01/2021
1610928000,3.8243,4.17,3.6167,3.7868,68.46363532,18/01/2021
1611014400,3.7873,4.0498,3.6,3.6287,64.84745097720898,19/01/2021
1611100800,3.6288,3.7413,3.34,3.7166,65.92507485,20/01/2021
1611187200,3.7199,3.7411,2.9717,2.9899,51.78976608343688,21/01/2021
1611273600,2.9893,3.4992,2.5295,3.3352,56.55634834254332,22/01/2021
1611360000,3.3302,3.6,3.3056,3.5079,58.752901414123244,23/01/2021
1611446400,3.5018,3.79,3.4781,3.6278,60.255369883023626,24/01/2021
1611532800,3.6287,3.9928,3.4398,3.7038,61.219649061666615,25/01/2021
1611619200,3.7036,4.097,3.6478,4.041,65.24829502536659,26/01/2021
1611705600,4.0418,4.0422,3.5114,3.675,58.18312504,27/01/2021
1611792000,3.664,3.96,3.6,3.81,59.90758468322824,28/01/2021
1611878400,3.8092,3.912,3.6,3.8293,60.16052803,29/01/2021
1611964800,3.8301,4.3179,3.7667,4.228,65.06404088,30/01/2021
1612051200,4.228,4.805,4.154,4.2525,65.34629993849401,31/01/2021
1612137600,4.2568,4.617,4.1075,4.6148,69.29674938263449,01/02/2021
1612224000,4.6148,5.4026,4.4632,5.2331,74.61521120785116,02/02/2021
1612310400,5.243,5.783,5.0513,5.7311,77.93108140319339,03/02/2021
1612396800,5.7339,6.5426,5.5676,6.4085,81.47567803474276,04/02/2021
1612483200,6.4181,7.1438,6.4086,6.7005,82.76102272374044,05/02/2021
1612569600,6.7001,6.8181,5.7,6.1225,72.09693392293102,06/02/2021
1612656000,6.1219,6.8807,5.75,6.6976,75.48210962814665,07/02/2021
1612742400,6.6931,8.078,6.4554,7.855,80.58663067072732,08/02/2021
1612828800,7.8651,8.4945,7.55,7.8005,79.74470939017422,09/02/2021
1612915200,7.8005,9.09,7.26,9.09,84.00316466708105,10/02/2021
1613001600,9.0897,9.7425,8.72,9.2004,84.30735277677744,11/02/2021
1613088000,9.2058,9.93,9.0353,9.2,84.30109792544188,12/02/2021
1613174400,9.2007,9.5117,8.658,8.7441,77.26504815343151,13/02/2021
1613260800,8.7448,9.23,8.5293,8.7158,76.83633791383427,14/02/2021
1613347200,8.7234,9.38,7.7,8.8516,77.48200480488829,15/02/2021
1613433600,8.866,9,7.9601,8.3002,69.06407723004057,16/02/2021
1613520000,8.3035,8.45,7.5182,8.2357,68.13161625821105,17/02/2021
1613606400,8.2412,9.32,8.23,8.9771,72.69510074778819,18/02/2021
1613692800,8.988,11.85,8.5257,11.4912,82.07091956210596,19/02/2021
1613779200,11.4845,11.8327,9.754,9.9869,67.20177559135254,20/02/2021
1613865600,9.9849,11.6707,9.8101,11.0753,71.25906772811987,21/02/2021
1613952000,11.0738,14.8,9.1,14.4191,79.60597156983648,22/02/2021
1614038400,14.4176,15.8888,11.47,15.2244,81.03450629181741,23/02/2021
1614124800,15.2389,18.2052,14.7917,17.1691,83.95699645683494,24/02/2021
1614211200,17.1745,17.69,13.6579,13.8442,65.40101096091047,25/02/2021
1614297600,13.8565,15.5083,13.1,13.5962,64.26016568545214,26/02/2021
1614384000,13.5864,14.8359,13.01,13.1916,62.34928895191083,27/02/2021
1614470400,13.1853,13.7739,11.417,13.0887,61.845586892530804,28/02/2021
1614556800,13.08,15.5469,13.0102,14.9855,67.11885658,01/03/2021
1614643200,14.9989,15.25,13.3544,13.9438,62.04705575531314,02/03/2021
1614729600,13.9546,14.738,13.7018,14.0742,62.42977565084877,03/03/2021
1614816000,14.0936,14.2737,12.736,13.0508,57.52681506689283,04/03/2021
1614902400,13.0649,13.0992,12.1251,12.5382,55.188861222870685,05/03/2021
1614988800,12.5507,13.31,11.9,13.0421,57.037310360027206,06/03/2021
1615075200,13.0443,14.014,12.7049,13.8174,59.78590048239179,07/03/2021
1615161600,13.8174,13.906,12.996,13.6028,58.66708707641692,08/03/2021
1615248000,13.608,14.9921,13.1985,14.839,62.96639527190819,09/03/2021
1615334400,14.85,15.2118,14.0525,14.2048,59.54450233678926,10/03/2021
1615420800,14.2011,16.3222,13.67,16.031,65.37900583641675,11/03/2021
1615507200,16.0519,16.5,14.0803,14.5597,58.10792007576625,12/03/2021
1615593600,14.5532,15.4072,13.8439,15.3033,60.49898848247875,13/03/2021
1615680000,15.2902,15.376,14.3399,14.4605,56.55868891966954,14/03/2021
1615766400,14.461,14.8214,13.6179,14.1577,55.16845470193302,15/03/2021
1615852800,14.1586,14.2933,13.1389,13.6392,52.77621626547524,16/03/2021
1615939200,13.6379,14.2685,13.0326,14.2018,55.05363989375362,17/03/2021
1616025600,14.1987,14.75,13.957,14.204,55.06276624147716,18/03/2021
1616112000,14.2153,14.4883,13.8554,14.1552,54.79697486104799,19/03/2021
1616198400,14.1588,14.9793,14.09,14.1894,54.96105726929611,20/03/2021
1616284800,14.1788,14.3636,13.638,14.3372,55.70929588402178,21/03/2021
1616371200,14.3372,16.59,14.1697,14.7964,58.04158880275099,22/03/2021
1616457600,14.7962,15.227,14.0146,14.1552,53.78276245713504,23/03/2021
1616544000,14.1433,15.3719,13.5842,13.5973,50.32286274885104,24/03/2021
1616630400,13.5844,13.7329,12.47,12.9787,46.73296576951748,25/03/2021
1616716800,12.9789,14.7921,12.3043,14.7664,56.41055882,26/03/2021
1616803200,14.7751,16.8,14.7173,16.4589,63.22301447134118,27/03/2021
1616889600,16.4516,19.38,16.3049,18.0645,68.28660409748579,28/03/2021
1616976000,18.0645,19,17.6439,18.9504,70.68491537878208,29/03/2021
1617062400,18.9504,20.87,18.9105,19.0685,70.99977290517174,30/03/2021
1617148800,19.0645,19.8154,18,19.3861,71.87462869658562,31/03/2021
1617235200,19.3818,20.3583,18.7433,19.0443,69.44655412014393,01/04/2021
1617321600,19.0443,19.8003,18.345,19.7501,71.58147699,02/04/2021
1617408000,19.7513,23.8476,19.7228,22.5,78.02439680160057,03/04/2021
1617494400,22.4672,25.5309,21.9867,23.7755,80.25991628372961,04/04/2021
1617580800,23.7755,24.78,22.7664,22.9717,75.07674777924913,05/04/2021
1617667200,22.9876,25.3,21.7554,25.0548,78.88283724915215,06/04/2021
1617753600,25.0548,27.5203,22.9078,26.5385,81.09707364015719,07/04/2021
1617840000,26.537,27.9951,25.6431,26.9384,81.65539815605185,08/04/2021
1617926400,26.9261,29,26.7097,27.6172,82.59512919641917,09/04/2021
1618012800,27.6194,28.2948,25.9017,26.8021,77.46360114033426,10/04/2021
1618099200,26.7993,28.649,25.5131,27.8517,79.25124850257333,11/04/2021
1618185600,27.8598,29.9295,26.8049,28.5424,80.35554966864206,12/04/2021
1618272000,28.5266,28.8162,26.2616,27.4507,73.68061046270823,13/04/2021
1618358400,27.4571,27.5613,24.7,26.4067,67.87407314,14/04/2021
1618444800,26.4182,28.2,25.4479,27.7816,71.10376148522421,15/04/2021
1618531200,27.7946,28.2571,24.8547,25.2996,59.479002095290475,16/04/2021
1618617600,25.2926,26.7914,24.8181,24.85,57.64064679851315,17/04/2021
1618704000,24.8517,32.99,21.1,32.3358,72.74514392184795,18/04/2021
1618790400,32.3324,36.095,29.8066,31.4711,69.65539198040842,19/04/2021
1618876800,31.5303,32.8,28.81,31.7028,70.02280609960275,20/04/2021
1618963200,31.6939,35.1801,30.1101,32.5534,71.39224336066584,21/04/2021
1619049600,32.5965,41.1587,31.4586,38.9,79.07370594455521,22/04/2021
1619136000,38.8718,41.74,31.4936,37.3893,73.98151014768582,23/04/2021
1619222400,37.3018,43.6397,34.5861,40.8401,77.53959872391265,24/04/2021
1619308800,40.8525,48.644,40.572,47.405,82.45519516,25/04/2021
1619395200,47.395,48.499,43.267,43.878,73.18776688501116,26/04/2021
1619481600,43.884,46.606,42.5,43.147,71.39668332543029,27/04/2021
1619568000,43.147,46.962,40.516,44.833,73.03572848538545,28/04/2021
1619654400,44.831,46.233,40.906,42.484,67.25344731699984,29/04/2021
1619740800,42.452,44.313,41.21,42.786,67.60850866188929,30/04/2021
1619827200,42.786,49.88,42.001,49.67,74.41770567067077,01/05/2021
1619913600,49.646,49.99,45.904,46.897,68.19851902262928,02/05/2021
1620000000,46.926,49,44.774,45.912,66.08582466435378,03/05/2021
1620086400,45.935,47.81,42.26,42.636,59.48550147061388,04/05/2021
1620172800,42.636,46,42.305,44.98,62.38062353139385,05/05/2021
1620259200,44.965,44.98,42.55,43.496,59.48256548899544,06/05/2021
1620345600,43.496,46.243,41.42,43.182,58.859470655372945,07/05/2021
1620432000,43.154,46.65,42.275,45.612,62.16275021379048,08/05/2021
1620518400,45.632,47.15,42.6,44.33,59.45069321698684,09/05/2021
1620604800,44.33,45.89,39,42.854,56.39978557566114,10/05/2021
1620691200,42.868,45.18,39.7,44.538,58.9858888,11/05/2021
1620777600,44.579,49.243,42.18,43.709,57.18761289044445,12/05/2021
1620864000,43.394,45.501,37.43,41.049,51.73727373817794,13/05/2021
1620950400,41.051,44.897,39.901,42.7,54.627703624175446,14/05/2021
1621036800,42.697,45.5,39.305,43.486,55.97936241412843,15/05/2021
1621123200,43.462,52.6,41.602,46.85,61.29399004575745,16/05/2021
1621209600,46.85,51.985,43.01,46.708,60.959429711992954,17/05/2021
1621296000,46.747,58.38,46.051,55.977,71.78527106908113,18/05/2021
1621382400,55.969,57.691,26.5,34.988,42.82564432062997,19/05/2021
1621468800,34.987,53,32,44.42,52.164697852630795,20/05/2021
1621555200,44.367,47.7,33.673,38.925,47.31566504499949,21/05/2021
1621641600,38.925,40,31.134,31.222,41.49290195278187,22/05/2021
1621728000,31.222,32.4,19.117,24.536,37.21232653761456,23/05/2021
1621814400,24.53,32.19,24.496,31.416,43.653993042307015,24/05/2021
1621900800,31.42,33.195,25.915,29.973,42.66530056073984,25/05/2021
1621987200,29.985,37.25,28.858,35.43,47.50713402326903,26/05/2021
1622073600,35.427,35.594,30.976,33.747,46.21099242674679,27/05/2021
1622160000,33.761,34.551,28,28.989,42.66686479191266,28/05/2021
1622246400,28.993,30.066,25.7,27.388,41.51314259810464,29/05/2021
1622332800,27.407,29.781,25.586,28.588,42.762441092293805,30/05/2021
1622419200,28.573,33.014,27.489,32.75,46.99163729207173,31/05/2021
1622505600,32.759,33.285,29.852,30.938,45.41820696882852,01/06/2021
1622592000,30.931,35.129,30.402,33.994,48.547276042412555,02/06/2021
1622678400,33.994,41.523,33.736,39.602,53.783343293872306,03/06/2021
1622764800,39.599,39.737,34.187,37.338,51.50459718479207,04/06/2021
1622851200,37.356,42.787,36.982,39.633,53.648489591131295,05/06/2021
1622937600,39.663,43.4,38.912,42.205,55.99630792505521,06/06/2021
1623024000,42.2,44.2,37.8,38.235,51.64764866901326,07/06/2021
1623110400,38.2,42.596,33.6,41.245,54.53084078737138,08/06/2021
1623196800,41.245,44,39.291,42.032,55.28165864,09/06/2021
1623283200,42.032,43.097,39.459,41.105,54.14746941559297,10/06/2021
1623369600,41.091,41.376,35.074,36.157,48.43529992035733,11/06/2021
1623456000,36.131,37.64,34.1,36.476,48.810231277458804,12/06/2021
1623542400,36.492,39.442,34.72,38.706,51.46689281221551,13/06/2021
1623628800,38.713,40.561,36.627,39.694,52.63964110672633,14/06/2021
1623715200,39.7,41.741,39.154,39.536,52.42148826,15/06/2021
1623801600,39.513,41.75,37.455,39.728,52.678136698865934,16/06/2021
1623888000,39.73,41.264,38.211,39.265,51.9503887,17/06/2021
1623974400,39.259,39.502,34.898,36.82,48.166177597327646,18/06/2021
1624060800,36.802,37.318,34.901,35.19,45.77240070961077,19/06/2021
1624147200,35.195,35.949,31.3,35.257,45.89143699576524,20/06/2021
1624233600,35.248,35.499,25.925,26.59,35.14430416296686,21/06/2021
1624320000,26.597,28.813,20.187,26.958,35.83144682415849,22/06/2021
1624406400,26.957,32.9,25.626,30.837,42.720430828167984,23/06/2021
1624492800,30.835,33,28.481,31.141,43.23477494949489,24/06/2021
1624579200,31.144,32.989,27.949,28.641,40.049803553609614,25/06/2021
1624665600,28.619,30.181,26.659,29.698,41.99540722788241,26/06/2021
1624752000,29.691,31.95,29.186,31.897,45.92708970813604,27/06/2021
1624838400,31.883,34.34,30.961,33.001,47.83867294937297,28/06/2021
1624924800,33.018,35.837,32.665,33.97,49.525328342467816,29/06/2021
1625011200,33.974,36,31.555,35.51,52.17223970671673,30/06/2021
1625097600,35.51,35.567,32.17,33.271,48.213536518896085,01/07/2021
1625184000,33.27,34.217,31.367,34,49.55563455610549,02/07/2021
1625270400,34.001,35.406,33.217,34.498,50.49940187,03/07/2021
1625356800,34.497,35.531,33.533,34.28,50.057895785466265,04/07/2021
1625443200,34.278,34.49,32.37,32.908,47.25759686679343,05/07/2021
1625529600,32.908,35.041,32.883,34.226,50.14298385080189,06/07/2021
1625616000,34.221,38.1,33.82,36.673,55.058763570234404,07/07/2021
1625702400,36.667,36.934,32.654,33.142,47.74351699110903,08/07/2021
1625788800,33.134,34.46,31.976,33.315,48.10729953528796,09/07/2021
1625875200,33.315,34.215,31.025,31.693,44.947927427025185,10/07/2021
1625961600,31.716,32.568,31.3,32.182,46.09725383399554,11/07/2021
1626048000,32.173,32.696,30.011,30.77,43.28704756797169,12/07/2021
1626134400,30.77,31.096,28.81,29.136,40.23056898009019,13/07/2021
1626220800,29.154,31.5,27.363,31.365,45.84779896364758,14/07/2021
1626307200,31.365,31.485,27.975,28.545,40.643545996400405,15/07/2021
1626393600,28.562,29.478,26.196,26.271,36.996612043039555,16/07/2021
1626480000,26.269,27.836,25.979,26.802,38.38687918302202,17/07/2021
1626566400,26.789,27.756,26.233,26.673,38.16653733529945,18/07/2021
1626652800,26.679,26.71,23.975,24.509,34.580628135988846,19/07/2021
1626739200,24.524,24.982,22.1,23.474,32.984407251263875,20/07/2021
1626825600,23.484,27.461,22.8,26.7,41.97492169151561,21/07/2021
1626912000,26.706,28.17,25.91,27.699,44.45978249,22/07/2021
1626998400,27.7,28.713,26.385,28.516,46.47841179128295,23/07/2021
1627084800,28.53,29.548,28.013,28.616,46.73360255346201,24/07/2021
1627171200,28.626,28.898,26.5,28.248,45.86690436536282,25/07/2021
1627257600,28.247,31.115,27.83,28.184,45.70814146312166,26/07/2021
1627344000,28.183,28.95,26.893,28.103,45.493512268927994,27/07/2021
1627430400,28.119,28.76,27.354,27.875,44.85504152,28/07/2021
1627516800,27.891,31.888,27.319,31.235,54.90017117436562,29/07/2021
1627603200,31.238,33.084,29.91,32.354,57.66593563011022,30/07/2021
1627689600,32.354,37.004,31.653,36.744,66.37739273,31/07/2021
1627776000,36.742,36.822,33.165,34.165,58.73126269305622,01/08/2021
1627862400,34.178,35.95,33,33.167,56.041020333407914,02/08/2021
1627948800,33.177,35.9,32.327,34.105,57.98881847,03/08/2021
1628035200,34.094,36.658,33.236,35.76,61.25119786520699,04/08/2021
1628121600,35.757,38.267,35.5,37.353,64.13793552670037,05/08/2021
1628208000,37.354,40.4,35.611,39.525,67.67407016,06/08/2021
1628294400,39.502,40.5,37.502,39.469,67.48929597280366,07/08/2021
1628380800,39.454,39.549,36.896,37.65,61.605373464545885,08/08/2021
1628467200,37.653,39.999,36.351,38.646,63.48270908587132,09/08/2021
1628553600,38.646,41.678,38.183,40.64,66.96522656,10/08/2021
1628640000,40.639,43.729,40.605,41.621,68.55409308638774,11/08/2021
1628726400,41.619,43.401,39.316,41.102,66.72560704464478,12/08/2021
1628812800,41.105,44.911,40.668,44.83,72.41672207808291,13/08/2021
1628899200,44.859,44.874,42.727,44.14,70.02932300336361,14/08/2021
1628985600,44.124,54.8,43.361,53.531,79.79333392114492,15/08/2021
1629072000,53.515,69.132,52.269,62.016,84.65702489346796,16/08/2021
1629158400,62.042,75.155,58.822,64.123,85.58489361038386,17/08/2021
1629244800,64.135,80.5,59.722,72.663,88.59537518432992,18/08/2021
1629331200,72.659,75.436,68.24,72.764,88.62562994080167,19/08/2021
1629417600,72.8,80,70.873,78.643,90.24743381966655,20/08/2021
1629504000,78.684,82,72.6,73.801,80.11547530349262,21/08/2021
1629590400,73.852,77.6,71.244,72.775,78.11424963047577,22/08/2021
1629676800,72.751,76.81,71.545,75.623,79.63494605380399,23/08/2021
1629763200,75.647,79.45,68.5,70.527,70.23149794471823,24/08/2021
1629849600,70.519,72.83,66.03,71.973,71.26823657440009,25/08/2021
1629936000,71.982,78.3,66.2,74.92,73.30848063197595,26/08/2021
1630022400,74.92,88.92,72.55,87.98,80.06454427832813,27/08/2021
1630108800,87.98,97.82,85.59,96.22,82.98999964838083,28/08/2021
1630195200,96.17,97.82,90.3,94.23,79.93903782260665,29/08/2021
1630281600,94.23,116.84,93.58,110.25,84.78751446681588,30/08/2021
1630368000,110.26,130.11,103.06,108.27,82.14497246425444,31/08/2021
1630454400,108.27,119.72,105.89,110.71,82.85415527518491,01/09/2021
1630540800,110.71,131.96,109.18,128.23,86.88286249239395,02/09/2021
1630627200,128.2,148.99,128.12,146.4,89.60960628567938,03/09/2021
1630713600,146.36,150.6,135.73,138.88,82.01114373683754,04/09/2021
1630800000,138.88,144.99,134.74,142,82.66781193983591,05/09/2021
1630886400,141.98,166.13,136.92,164.22,86.45894537135912,06/09/2021
1630972800,164.19,195.48,128.01,173.46,87.66702643761137,07/09/2021
1631059200,173.49,198,146.5,191.02,89.57123195609987,08/09/2021
1631145600,191.02,216,180.7,187.9,87.00092694,09/09/2021
1631232000,187.89,197.41,167.82,179.6,80.39191308018678,10/09/2021
1631318400,179.6,193.51,175.14,179.04,79.95061785853463,11/09/2021
1631404800,179.05,181.75,170.15,174.29,76.13310365198754,12/09/2021
1631491200,174.31,175,150.3,169.53,72.40224417331295,13/09/2021
1631577600,169.54,171.83,142.6,158.88,64.75608586014906,14/09/2021
1631664000,158.72,166.5,153.69,158.79,64.69390850662344,15/09/2021
1631750400,158.77,163.5,147.35,152.29,60.19827191175167,16/09/2021
1631836800,152.3,153.55,134,147.58,57.10178177104205,17/09/2021
1631923200,147.59,171.47,144.1,169.22,65.80483138713964,18/09/2021
1632009600,169.22,170.96,150.6,152.76,56.42748132554343,19/09/2021
1632096000,152.78,153.43,130.26,132.77,47.56289840780569,20/09/2021
1632182400,132.77,144.64,116,124.29,44.37794851312863,21/09/2021
1632268800,124.3,151.36,122.1,148.02,53.71770848678601,22/09/2021
1632355200,148.02,152.5,142.92,149.91,54.374824439208204,23/09/2021
1632441600,149.9,151.2,128.15,139.13,50.01315222,24/09/2021
1632528000,139.11,144.18,133.54,136.06,48.81230226245372,25/09/2021
1632614400,136.05,140.81,124.8,135.64,48.64023597407695,26/09/2021
1632700800,135.7,148.92,133.72,136.35,48.96773130769724,27/09/2021
1632787200,136.34,139.4,128.17,132.2,47.078106780000724,28/09/2021
1632873600,132.22,140.17,131.12,135.25,48.64655975751213,29/09/2021
1632960000,135.24,142.95,134.02,141.37,51.73744383316557,30/09/2021
1633046400,141.38,164.95,138.25,161.56,60.23967130874336,01/10/2021
1633132800,161.62,175,156.06,168.98,62.83118431739601,02/10/2021
1633219200,169,177.79,165.58,172.98,64.18635116,03/10/2021
1633305600,172.99,173.34,162,167.13,60.70066675236913,04/10/2021
1633392000,167.13,170.18,159.68,164.62,59.21480561849152,05/10/2021
1633478400,164.64,165.42,150.1,153.87,53.20753338179083,06/10/2021
1633564800,153.9,161.42,150.34,154.26,53.39226694694149,07/10/2021
1633651200,154.26,168.97,152.39,158.86,55.61791008074463,08/10/2021
1633737600,158.88,161.54,154.18,156.84,54.389645304651026,09/10/2021
1633824000,156.8,158.5,145.55,147.55,49.02719359936014,10/10/2021
1633910400,147.56,154,140.24,144.77,47.51741340289886,11/10/2021
1633996800,144.79,153.5,137.61,152.32,51.85377757227555,12/10/2021
1634083200,152.35,155.56,144.28,148.04,49.363771804960805,13/10/2021
1634169600,148.05,155.65,147.27,150.02,50.546867471629966,14/10/2021
1634256000,150.01,165.75,146.68,163.18,57.632333813320514,15/10/2021
1634342400,163.15,164.8,156.36,157.54,54.057634101712424,16/10/2021
1634428800,157.54,167.65,153.13,160.12,55.41983242275015,17/10/2021
1634515200,160.11,162.98,154.91,157.12,53.43581424039115,18/10/2021
1634601600,157.12,159.45,153.06,155.78,52.53119474087582,19/10/2021
1634688000,155.77,176.87,155,176.72,63.056375765722386,20/10/2021
1634774400,176.72,194.21,176.7,190.5,68.07324994,21/10/2021
1634860800,190.46,215.1,187.96,196.29,69.92151277371713,22/10/2021
1634947200,196.29,205.78,191.86,197.75,70.38704498915031,23/10/2021
1635033600,197.75,204.86,185.22,202.14,71.80034354590151,24/10/2021
1635120000,202.15,218.93,198,209.7,74.09335052354302,25/10/2021
1635206400,209.73,214.2,196.36,199.85,66.50550826261087,26/10/2021
1635292800,199.87,205.49,176.94,184.49,56.746267554779266,27/10/2021
1635379200,184.45,201.38,181.64,195.42,61.11860688824166,28/10/2021
1635465600,195.37,205.22,194.45,200.41,62.95951455804958,29/10/2021
1635552000,200.36,200.62,187.3,195.7,60.068552439042705,30/10/2021
1635638400,195.69,205,185.31,202.49,62.72574799741146,31/10/2021
1635724800,202.53,211.66,197.7,203.9,63.272305862719016,01/11/2021
1635811200,203.91,222.22,200.97,220.82,69.12323607606281,02/11/2021
1635897600,220.81,247,215.69,243.37,74.86925971047398,03/11/2021
1635984000,243.37,250.5,234,247.07,75.66933252739892,04/11/2021
1636070400,247.06,248.84,230.34,236.06,68.66407529477682,05/11/2021
1636156800,236.04,259.9,234.79,258.44,73.94442102265933,06/11/2021
1636243200,258.41,258.66,245.65,249.68,69.04040499,07/11/2021
1636329600,249.62,253.3,240.68,248.26,68.25023678188464,08/11/2021
1636416000,248.27,253.22,237.62,239.04,63.19300897396469,09/11/2021
1636502400,239.06,248,217.5,233.09,60.098154592783764,10/11/2021
1636588800,233.06,246.5,229.4,233.37,60.19694467426856,11/11/2021
1636675200,233.34,239.09,220.83,228.48,57.51861346727753,12/11/2021
1636761600,228.46,241.97,224.79,241.59,62.354552456468625,13/11/2021
1636848000,241.58,242,230.4,238.64,60.68062668754665,14/11/2021
1636934400,238.63,246.36,234.49,238.2,60.42009247706607,15/11/2021
1637020800,238.18,238.21,213.81,219.04,50.29367974440849,16/11/2021
1637107200,219.09,222.44,209.53,218.94,50.24634632223802,17/11/2021
1637193600,218.9,222.78,186.5,195.01,40.43844074511843,18/11/2021
1637280000,195.19,219.59,188.99,215.25,49.429687543719425,19/11/2021
1637366400,215.25,221.17,205.84,217.63,50.37827387,20/11/2021
1637452800,217.64,240,210.53,230.51,55.268391716186386,21/11/2021
1637539200,230.56,231.99,211.6,215.59,49.217682754979414,22/11/2021
1637625600,215.58,226.08,210.91,221.75,51.57488408904216,23/11/2021
1637712000,221.76,222.47,200.14,205.7,45.63157119811113,24/11/2021
1637798400,205.76,216.35,201.93,209.97,47.36924191044545,25/11/2021
1637884800,209.94,210.53,182.7,192.42,41.498570596378244,26/11/2021
1637971200,192.37,199.39,190.61,192.74,41.64059394089216,27/11/2021
1638057600,192.74,202.1,180.93,200.69,45.19998549187792,28/11/2021
1638144000,200.71,212.75,199.63,204.09,46.69729178,29/11/2021
1638230400,204.1,218.28,199.55,208.53,48.66968124230781,30/11/2021
1638316800,208.52,232.63,207.89,229.81,56.90123088685186,01/12/2021
1638403200,229.81,243.12,220,233.6,58.187310959056916,02/12/2021
1638489600,233.59,239.37,204.68,211.65,49.05702557588718,03/12/2021
1638576000,211.65,212.62,169,200.67,45.23346137946184,04/12/2021
1638662400,200.68,204.51,181.44,196.43,43.813351814831385,05/12/2021
1638748800,196.49,197.71,176.17,193.56,42.83308983682301,06/12/2021
1638835200,193.57,204.1,187.26,190.19,41.65458550393073,07/12/2021
1638921600,190.24,196.27,183.5,194.61,43.83720264863285,08/12/2021
1639008000,194.61,196.6,178.64,181.11,39.034205197603974,09/12/2021
1639094400,181.08,184.6,167,167.39,34.85460522641259,10/12/2021
1639180800,167.39,173.8,161.33,172.15,37.36056854,11/12/2021
1639267200,172.15,176.85,167.64,172.8,37.71292320381257,12/12/2021
1639353600,172.83,172.83,148.04,155.21,32.40125208481581,13/12/2021
1639440000,155.2,163.35,149.6,161.26,35.75297582547121,14/12/2021
1639526400,161.25,182.64,156.81,178.52,44.24622629482752,15/12/2021
1639612800,178.53,189,174.37,176.86,43.64858165160048,16/12/2021
1639699200,176.89,182.5,167.88,175.51,43.13826489164944,17/12/2021
1639785600,175.48,184.24,170.96,182.78,46.748900032202656,18/12/2021
1639872000,182.78,189.43,177.99,179.93,45.52839118077506,19/12/2021
1639958400,179.9,181.18,168.49,173.9,42.97208373219233,20/12/2021
1640044800,173.9,182.54,170.27,179.63,46.070765860943176,21/12/2021
1640131200,179.62,187.55,177.05,178.4,45.499249158787094,22/12/2021
1640217600,178.38,193.5,175.64,190.03,51.61154713686065,23/12/2021
1640304000,190.08,197.55,184.14,190.36,51.776810608519675,24/12/2021
1640390400,190.37,195,189.08,193.1,53.20586214625553,25/12/2021
1640476800,193.03,200.59,190.22,197.81,55.63943343589105,26/12/2021
1640563200,197.85,204.75,194.71,195.67,54.25873188735201,27/12/2021
1640649600,195.68,195.68,176.2,177.32,44.14321552659735,28/12/2021
1640736000,177.28,180.62,170.01,170.63,41.132444872532474,29/12/2021
1640822400,170.65,175.74,168.17,172.52,42.32915885275115,30/12/2021
1640908800,172.53,177.65,167.67,169.99,41.12397622,31/12/2021
1640995200,170.01,179.2,169.93,179.06,46.95481029043382,01/01/2022
1641081600,179.06,179.53,174.31,176.35,45.50471902985939,02/01/2022
1641168000,176.34,176.49,166.59,170.15,42.28713023947315,03/01/2022
1641254400,170.14,173.93,166.47,167.72,41.061640534256796,04/01/2022
1641340800,167.74,171.32,144.92,154.52,35.10943832521775,05/01/2022
1641427200,154.48,154.8,145.98,150.26,33.425450303677124,06/01/2022
1641513600,150.28,150.72,133.08,136.45,28.631174229744516,07/01/2022
1641600000,136.43,148.11,133,142.14,32.90150783513549,08/01/2022
1641686400,142.1,145.71,137.83,140.82,32.41692127244637,09/01/2022
1641772800,140.82,143.86,130,135.86,30.593539061827585,10/01/2022
1641859200,135.84,143.5,133.58,140.2,34.087105961466904,11/01/2022
1641945600,140.19,153.39,138.22,151.51,42.24562960697505,12/01/2022
1642032000,151.5,157.8,145.41,146.14,39.73103794632323,13/01/2022
1642118400,146.13,150.56,141.84,146.17,39.75261318211856,14/01/2022
1642204800,146.18,149.49,143.9,147.64,40.86961355825489,15/01/2022
1642291200,147.61,151.96,146.09,147.98,41.14142710557131,16/01/2022
1642377600,147.98,148.29,137.02,139.8,36.762889446986634,17/01/2022
1642464000,139.81,142.77,134.39,141.22,37.99652114,18/01/2022
1642550400,141.32,142.7,132.77,135.25,34.91284075583353,19/01/2022
1642636800,135.23,143.83,126.01,127.54,31.371809046455937,20/01/2022
1642723200,127.54,128.73,106.11,112.27,25.79221490684634,21/01/2022
1642809600,112.24,114.89,87.73,94.54,21.099805644245876,22/01/2022
1642896000,94.57,104.82,93.25,99.78,25.418435367267037,23/01/2022
1642982400,99.74,99.83,80.83,91.93,23.355960427485456,24/01/2022
1643068800,91.94,99.95,87.41,94.67,25.624444215335444,25/01/2022
1643155200,94.65,104.43,89.19,92.12,24.88621629617178,26/01/2022
1643241600,92.11,94.6,85.71,89.51,24.120261681894007,27/01/2022
1643328000,89.51,93.55,87.21,91.34,25.84366796313327,28/01/2022
1643414400,91.35,98.93,90.5,96.13,30.305656841182284,29/01/2022
1643500800,96.15,97.6,91.38,93.29,29.184416368596487,30/01/2022
1643587200,93.26,101.4,89.18,99.49,34.85123465869685,31/01/2022
1643673600,99.5,113.66,99.02,110.02,43.16917454445205,01/02/2022
1643760000,109.99,112.35,96.99,101.88,39.02158983758182,02/02/2022
1643846400,101.91,103.13,94,101.77,38.96710538024587,03/02/2022
1643932800,101.83,112.81,100.28,112.62,46.85010992698976,04/02/2022
1644019200,112.63,118.6,110.22,113.75,47.60906720300023,05/02/2022
1644105600,113.74,116.06,111.09,115.28,48.67767647704742,06/02/2022
1644192000,115.26,121.93,112.69,117.55,50.29747273010546,07/02/2022
1644278400,117.57,120.36,109.66,113.45,47.38831019813181,08/02/2022
1644364800,113.44,117.08,109.4,113.93,47.76919235437364,09/02/2022
1644451200,113.96,115.38,105.68,106.17,42.42223096979916,10/02/2022
1644537600,106.18,108.14,95.14,96.53,36.897002613050006,11/02/2022
1644624000,96.53,99.79,92.8,95.96,36.59351334297416,12/02/2022
1644710400,95.98,97.36,91.35,92.85,34.90646198749799,13/02/2022
1644796800,92.85,97.99,90.72,96.37,38.36972336755716,14/02/2022
1644883200,96.39,105.77,96.38,105.52,46.35899860926987,15/02/2022
1644969600,105.52,105.6,98.27,101.86,43.90715246904611,16/02/2022
1645056000,101.85,102.82,92.33,93.52,38.863237130074545,17/02/2022
1645142400,93.55,96.37,89.31,89.86,36.86194502935828,18/02/2022
1645228800,89.86,92.75,88.6,91.27,38.18264639916206,19/02/2022
1645315200,91.27,94.5,85.56,90.72,37.85005713292607,20/02/2022
1645401600,90.7,96.14,82.62,82.96,33.42609355420909,21/02/2022
1645488000,82.95,87.56,81.06,86.38,36.925145035206086,22/02/2022
1645574400,86.39,93.4,84.38,84.59,35.86271327928529,23/02/2022
1645660800,84.58,93.9,75.35,89.36,40.754673969796045,24/02/2022
1645747200,89.35,95,86.86,92.71,43.985995036519846,25/02/2022
1645833600,92.73,95.49,89.23,90.23,42.153061580413066,26/02/2022
1645920000,90.25,92.19,84.08,85.63,38.91393265280571,27/02/2022
1646006400,85.61,103,84.17,99.68,51.238673571135216,28/02/2022
1646092800,99.67,102.03,94.21,98.66,50.44298171528041,01/03/2022
1646179200,98.65,106.43,96.76,100.68,52.03166582686202,02/03/2022
1646265600,100.69,101.7,94,95.62,47.89012290674211,03/03/2022
1646352000,95.63,95.94,87,88.32,42.61952302677054,04/03/2022
1646438400,88.33,91.22,86,89.63,43.81453213846179,05/03/2022
1646524800,89.61,89.96,84.09,84.57,40.32146250446268,06/03/2022
1646611200,84.58,86.71,79.92,81.66,38.42422651591346,07/03/2022
1646697600,81.65,85.04,81.3,82.32,39.12385558634958,08/03/2022
1646784000,82.32,89.92,81.9,88.06,44.97901802391112,09/03/2022
1646870400,88.06,88.57,80.63,82.87,41.127237788116254,10/03/2022
1646956800,82.86,84.29,80.07,80.67,39.57996481089783,11/03/2022
1647043200,80.67,82.75,80.57,81.38,40.35978938788104,12/03/2022
1647129600,81.4,83.34,77.65,78.73,38.36924700402748,13/03/2022
1647216000,78.72,82.29,78,81.22,41.29884057419786,14/03/2022
1647302400,81.23,85.99,78.72,82.84,43.19087211880532,15/03/2022
1647388800,82.84,87.98,81.53,87.77,48.61844343318114,16/03/2022
1647475200,87.77,91,86.58,87.8,48.65059349878842,17/03/2022
1647561600,87.8,92.28,84.41,89.8,50.85818748217496,18/03/2022
1647648000,89.81,94.55,89.25,92.31,53.556763517621064,19/03/2022
1647734400,92.31,92.55,87.82,88.62,49.27296066975024,20/03/2022
1647820800,88.62,91.28,86.74,88.59,49.23847812218253,21/03/2022
1647907200,88.58,93.98,88,90.43,51.481232421752715,22/03/2022
1647993600,90.44,96.36,89.19,94.89,56.49835242056153,23/03/2022
1648080000,94.88,103.7,93.26,102.32,63.30575351346227,24/03/2022
1648166400,102.32,104.86,96.95,98.6,58.37993872100236,25/03/2022
1648252800,98.6,103.4,97.63,101.73,61.12110211,26/03/2022
1648339200,101.73,107.46,98.77,107.04,65.29686459984438,27/03/2022
1648425600,107.04,113.87,105.22,105.75,63.51219095289893,28/03/2022
1648512000,105.75,115.7,105.49,111.62,67.82200504052494,29/03/2022
1648598400,111.62,125.26,107.11,120.82,73.17076849972231,30/03/2022
1648684800,120.82,129.5,119.95,122.77,74.15152415358273,31/03/2022
1648771200,122.79,138.4,117.39,134.52,79.10751619572775,01/04/2022
1648857600,134.53,143.51,131.47,132.49,76.38272236063949,02/04/2022
1648944000,132.48,141.11,130.52,136.9,78.14394743797538,03/04/2022
1649030400,136.9,138.29,125.82,132.14,71.91047254286899,04/04/2022
1649116800,132.14,136.63,126.07,126.87,65.66510689190788,05/04/2022
1649203200,126.88,127.4,112.1,112.95,52.65649447427761,06/04/2022
1649289600,112.94,120,110.88,118.48,56.35558983072777,07/04/2022
1649376000,118.47,122.42,108.1,109.92,49.86129520510147,08/04/2022
1649462400,109.92,113.69,108.28,112.96,51.97781066798595,09/04/2022
1649548800,112.97,116.09,109.71,111.07,50.54913078079155,10/04/2022
1649635200,111.06,111.94,98.1,99.67,42.89117846972557,11/04/2022
1649721600,99.64,109.36,98.31,103.22,45.652316925858045,12/04/2022
1649808000,103.21,106.04,100.09,104.94,46.98962251705939,13/04/2022
1649894400,104.92,107.72,98.77,100.77,44.15299638552163,14/04/2022
1649980800,100.77,102.91,99.55,101.31,44.619227806030324,15/04/2022
1650067200,101.38,103.5,100.71,102.06,45.30223212896238,16/04/2022
1650153600,102.06,105.44,99.62,100.15,43.82007466325773,17/04/2022
1650240000,100.15,102.65,94.62,102.33,45.99197960543811,18/04/2022
1650326400,102.37,109,101.02,108.51,51.693396795507766,19/04/2022
1650412800,108.51,110.9,104.25,105.59,49.05818746225263,20/04/2022
1650499200,105.58,110,99.86,101.78,45.77895129,21/04/2022
1650585600,101.78,103.55,99.19,100.55,44.73923565,22/04/2022
1650672000,100.55,102.9,98.31,100.63,44.82700539448929,23/04/2022
1650758400,100.63,102.31,98.55,99.23,43.52419433014069,24/04/2022
1650844800,99.22,101.59,94.32,100.99,45.66222001066511,25/04/2022
1650931200,100.98,101.98,94.61,95.7,40.67758533219435,26/04/2022
1651017600,95.7,100.79,94.89,98.36,43.98861643806299,27/04/2022
1651104000,98.35,100.55,96.33,98.24,43.86965862042254,28/04/2022
1651190400,98.23,98.68,92.35,93.96,39.74160530370595,29/04/2022
1651276800,93.96,94.95,81.91,84.63,32.55096629427723,30/04/2022
1651363200,84.63,93.12,84.15,89.68,38.985935262577236,01/05/2022
1651449600,89.67,90.89,85.1,87.5,37.33023671650274,02/05/2022
1651536000,87.49,88.81,84.66,85.86,36.08854241071465,03/05/2022
1651622400,85.86,93.06,85.47,92.77,44.469680573174266,04/05/2022
1651708800,92.77,95.25,81.32,84.52,38.05346344161311,05/05/2022
1651795200,84.52,84.84,79.98,81.68,36.12136913479616,06/05/2022
1651881600,81.67,82.33,77.03,78.86,34.26120114462165,07/05/2022
1651968000,78.86,79.41,73.69,75.38,32.06659954853508,08/05/2022
1652054400,75.39,77.21,61.7,62.16,25.408272307039013,09/05/2022
1652140800,62.16,74.03,60.13,66.9,30.944831964836084,10/05/2022
1652227200,66.9,68.44,43.17,50.9,24.369445429290153,11/05/2022
1652313600,50.9,54.29,37.37,44.64,22.366918570137017,12/05/2022
1652400000,44.64,56.99,43.83,48.92,26.79607664636903,13/05/2022
1652486400,48.93,53.91,45.81,52.43,30.307694269219795,14/05/2022
1652572800,52.43,59.31,49.63,58.83,36.30726655910597,15/05/2022
1652659200,58.83,58.83,51.89,53.79,33.83690068157867,16/05/2022
1652745600,53.8,58.22,53.04,57.02,36.80453450739716,17/05/2022
1652832000,57.01,57.85,49.38,49.93,33.276296652773894,18/05/2022
1652918400,49.93,54.09,48.2,52.2,35.41119918638387,19/05/2022
1653004800,52.2,53.62,47.81,49.43,33.98233888073128,20/05/2022
1653091200,49.42,51.21,48.43,50.31,34.88130313833349,21/05/2022
1653177600,50.3,53.2,49.69,52.48,37.15389982468285,22/05/2022
1653264000,52.48,54.68,48.61,49.17,35.13941439299255,23/05/2022
1653350400,49.17,50.85,47.1,49.67,35.706506294242416,24/05/2022
1653436800,49.67,50.55,47.57,47.98,34.605182291328916,25/05/2022
1653523200,47.97,48.66,41.69,43.44,31.77025288242102,26/05/2022
1653609600,43.44,43.95,39.93,41.17,30.428015220872112,27/05/2022
1653696000,41.18,45.08,40.33,44.25,34.47319023292185,28/05/2022
1653782400,44.24,45.67,41.79,44.98,35.43144462696422,29/05/2022
1653868800,44.98,48.39,44.27,47.22,38.407882170881294,30/05/2022
1653955200,47.22,48.24,44.56,45.77,37.21206671509581,31/05/2022
1654041600,45.78,46.12,39.51,40.11,32.905375230783406,01/06/2022
1654128000,40.11,41.65,38.13,40.85,33.98116594836091,02/06/2022
1654214400,40.86,41.54,37.63,38.28,32.05864402729205,03/06/2022
1654300800,38.28,39.5,35.71,39,33.198895712124056,04/06/2022
1654387200,39.02,40.22,37.85,38.52,32.80363656578338,05/06/2022
1654473600,38.53,44.87,38.33,42.39,39.09921438112889,06/06/2022
1654560000,42.39,42.8,37.12,39.31,36.192930645688925,07/06/2022
1654646400,39.32,40.96,38.28,38.83,35.74698228725724,08/06/2022
1654732800,38.83,41.97,38.44,39.96,37.69331618134163,09/06/2022
1654819200,39.96,40.9,36.8,37.17,34.88364128534127,10/06/2022
1654905600,37.17,37.93,33.17,33.93,31.909026272149674,11/06/2022
1654992000,33.94,34.5,30.56,30.61,29.16465101864651,12/06/2022
1655078400,30.6,31.11,26.05,28.6,27.61606816578565,13/06/2022
1655164800,28.59,32.32,25.86,29.59,29.598877995594336,14/06/2022
1655251200,29.59,34.86,26.79,34.76,38.99679448519673,15/06/2022
1655337600,34.75,36,29.52,30.12,34.54032859713689,16/06/2022
1655424000,30.12,32.19,29.26,30.71,35.54890931833313,17/06/2022
1655510400,30.72,32.06,27.15,32.02,37.83903113418127,18/06/2022
1655596800,32.01,35.4,28.68,34.19,41.54436878,19/06/2022
1655683200,34.19,36.9,31.73,35.24,43.30539568422937,20/06/2022
1655769600,35.25,39.19,34.2,36.42,45.29976782036737,21/06/2022
1655856000,36.42,36.87,33.65,34.12,42.18481729,22/06/2022
1655942400,34.13,38.65,33.91,38.15,48.82493088574996,23/06/2022
1656028800,38.15,42.92,37.67,41.91,54.11948479740841,24/06/2022
1656115200,41.91,42.64,39.73,42.22,54.53710981855739,25/06/2022
1656201600,42.22,42.49,39.14,39.39,50.05753202059354,26/06/2022
1656288000,39.39,41.25,37.9,38.52,48.73233727163097,27/06/2022
1656374400,38.5,39.9,35.02,35.35,44.14637943821815,28/06/2022
1656460800,35.34,36.12,33.1,34.05,42.38484090876979,29/06/2022
1656547200,34.06,34.2,30.92,33.76,41.98239860011385,30/06/2022
1656633600,33.76,35.4,31.82,32.84,40.66332074528703,01/07/2022
1656720000,32.85,34.14,31.87,33.36,41.77684357935739,02/07/2022
1656806400,33.36,33.77,32.14,33.39,41.844649584920056,03/07/2022
1656892800,33.4,36.94,32.45,36.71,48.93255706022856,04/07/2022
1656979200,36.71,36.99,33.03,35.4,46.52312261,05/07/2022
1657065600,35.41,37.65,34.8,37.04,49.85221749569646,06/07/2022
1657152000,37.04,39.29,36.39,38.46,52.60350238610929,07/07/2022
1657238400,38.46,39.72,36.46,38.12,51.86971049276016,08/07/2022
1657324800,38.12,38.95,37.77,38.06,51.73256571233333,09/07/2022
1657411200,38.06,38.14,36.26,36.71,48.61778262097564,10/07/2022
1657497600,36.71,36.73,33.24,33.42,41.98356231844454,11/07/2022
1657584000,33.42,34.61,32.6,32.68,40.64026610759665,12/07/2022
1657670400,32.69,35.08,31.82,34.94,46.29213166050165,13/07/2022
1657756800,34.94,37.31,33.58,37.15,51.18661976764305,14/07/2022
1657843200,37.14,39.1,36.49,37.36,51.637632311531675,15/07/2022
1657929600,37.36,40.41,36.35,39.58,56.24061470741759,16/07/2022
1658016000,39.59,41.09,38.29,38.62,53.85362975320874,17/07/2022
1658102400,38.61,44.07,38.55,43.52,62.582921818957935,18/07/2022
1658188800,43.52,47.36,42.54,44.87,64.57138704221877,19/07/2022
1658275200,44.87,46.3,41.24,42.04,57.65438615310982,20/07/2022
1658361600,42.03,44.24,39.64,43.11,59.424197048348645,21/07/2022
1658448000,43.1,44.33,40.03,40.54,53.626784361638826,22/07/2022
1658534400,40.54,41.91,38.6,39.97,52.40561710899354,23/07/2022
1658620800,39.97,42.1,39.47,40.93,54.29340553072614,24/07/2022
1658707200,40.93,41.09,36.56,36.65,45.607903159476606,25/07/2022
1658793600,36.66,36.84,34.67,36.25,44.88521313970441,26/07/2022
1658880000,36.26,40.55,35.68,40.23,52.88500779117427,27/07/2022
1658966400,40.23,44.15,39.03,42.91,57.37187618022675,28/07/2022
1659052800,42.92,44.42,41.13,41.91,55.25729802479303,29/07/2022
1659139200,41.92,46.65,41.41,43.84,58.440995665498676,30/07/2022
1659225600,43.84,45.21,42.22,42.35,55.17677461527614,31/07/2022
1659312000,42.34,43.26,40.57,41.65,53.660380271957216,01/08/2022
1659398400,41.65,42.45,39.5,39.79,49.748083528591316,02/08/2022
1659484800,39.78,40.99,37.43,38.54,47.25461427855954,03/08/2022
1659571200,38.54,39.85,37.96,38.83,47.906963284828045,04/08/2022
1659657600,38.83,41.33,38.71,40.55,51.720870276327915,05/08/2022
1659744000,40.55,40.89,39.85,40.07,50.607341561328425,06/08/2022
1659830400,40.07,41.57,39.21,40.6,51.84027300579896,07/08/2022
1659916800,40.6,43.71,40.55,42.18,55.41338729531985,08/08/2022
1660003200,42.17,42.76,39.73,40.33,50.672750385524665,09/08/2022
1660089600,40.34,42.87,39.15,42.47,55.42342633178223,10/08/2022
1660176000,42.47,45.32,42.34,42.77,56.062275353507324,11/08/2022
1660262400,42.78,45.49,42.12,45.48,61.438508489775714,12/08/2022
1660348800,45.49,48.38,45.27,46.6,63.43008891929313,13/08/2022
1660435200,46.59,48.06,44.46,44.87,58.41178171504779,14/08/2022
1660521600,44.86,47.24,42.75,43.72,55.280853680587725,15/08/2022
1660608000,43.72,44.31,42.53,43.08,53.56024540669271,16/08/2022
1660694400,43.08,44.75,40.18,40.54,47.271742024648276,17/08/2022
1660780800,40.54,41.67,39.31,39.52,44.987471861358564,18/08/2022
1660867200,39.51,39.59,35.25,35.81,37.82749160142895,19/08/2022
1660953600,35.82,37.27,34.21,35.28,36.92340786266734,20/08/2022
1661040000,35.28,37.09,34.51,36.47,40.36948841457566,21/08/2022
1661126400,36.48,36.56,33.73,35.41,38.35914738642637,22/08/2022
1661212800,35.42,36.11,34.24,35.68,39.18983031962468,23/08/2022
1661299200,35.69,36.4,34.31,34.89,37.593483570538744,24/08/2022
1661385600,34.9,36.49,34.87,35.27,38.88308778044749,25/08/2022
1661472000,35.26,35.79,31.36,31.72,32.19063283786549,26/08/2022
1661558400,31.72,32.25,30.86,31.53,31.874421849560775,27/08/2022
1661644800,31.53,32.21,30.19,30.44,30.050695981971003,28/08/2022
1661731200,30.43,32.64,30,32.42,37.09190376297375,29/08/2022
1661817600,32.42,33.16,30.64,31.47,35.25804819590243,30/08/2022
1661904000,31.47,32.95,31.18,31.5,35.36672191240832,31/08/2022
1661990400,31.49,31.79,30.44,31.61,35.79230262828948,01/09/2022
1662076800,31.61,32.38,30.76,31.23,34.93648628388492,02/09/2022
1662163200,31.23,31.29,30.8,31.12,34.67799926222058,03/09/2022
1662249600,31.11,32.2,31.02,32.16,39.25416124814882,04/09/2022
1662336000,32.17,32.5,31.15,32.18,39.342166814685676,05/09/2022
1662422400,32.17,33.9,30.44,30.88,35.71973758330232,06/09/2022
1662508800,30.88,32.94,30.31,32.69,43.517586020230695,07/09/2022
1662595200,32.7,33.98,31.97,33.61,47.03467021771459,08/09/2022
1662681600,33.62,35.96,33.59,34.67,50.83343257592729,09/09/2022
1662768000,34.68,35.41,34.27,35.03,52.09020340332582,10/09/2022
1662854400,35.04,36,34.04,34.99,51.93136405148203,11/09/2022
1662940800,34.99,38.39,34.4,37.44,59.98073493,12/09/2022
1663027200,37.44,39.01,32.93,33,45.20656172432312,13/09/2022
1663113600,33,34.35,32.67,34.12,48.64301660064565,14/09/2022
1663200000,34.12,34.84,32.42,33.07,45.746375160856225,15/09/2022
1663286400,33.08,33.26,31.5,32.25,43.56456548718962,16/09/2022
1663372800,32.25,33.89,32.23,33.68,48.20398252347458,17/09/2022
1663459200,33.69,33.99,30.86,31.1,41.56491891981747,18/09/2022
1663545600,31.1,33.08,30.5,32.62,46.26086544100533,19/09/2022
1663632000,32.63,32.88,31.29,31.41,43.27922395841778,20/09/2022
1663718400,31.42,33.48,30.01,30.65,41.47121198678107,21/09/2022
1663804800,30.65,32.87,30.59,32.43,47.05045365967353,22/09/2022
1663891200,32.43,33.98,31.2,33.66,50.55775904570001,23/09/2022
1663977600,33.67,34.79,33.14,33.38,49.74988981930493,24/09/2022
1664064000,33.39,34.05,31.87,32.34,46.76108328277287,25/09/2022
1664150400,32.33,33.95,31.87,33.88,51.41559995370038,26/09/2022
1664236800,33.89,35.41,32.08,32.69,47.92860669,27/09/2022
1664323200,32.68,33.81,31.65,33.22,49.56907090748004,28/09/2022
1664409600,33.23,34.42,32.65,33.93,51.761514309911846,29/09/2022
1664496000,33.94,35.22,32.62,33.25,49.54012945711624,30/09/2022
1664582400,33.25,33.25,32.34,32.44,46.95512879604318,01/10/2022
1664668800,32.44,33,31.9,32.06,45.749068452121136,02/10/2022
1664755200,32.06,33.27,31.73,32.89,48.840042480681255,03/10/2022
1664841600,32.9,34.4,32.84,34.09,53.008675633723506,04/10/2022
1664928000,34.1,34.37,33.18,34.04,52.81556824049403,05/10/2022
1665014400,34.04,34.5,33.23,33.36,50.140328460063806,06/10/2022
1665100800,33.35,33.76,32.43,32.98,48.657105649833255,07/10/2022
1665187200,32.98,33.08,32.35,32.58,47.07839707865279,08/10/2022
1665273600,32.57,33.14,32.44,32.92,48.60484326862118,09/10/2022
1665360000,32.92,33.46,31.88,31.96,44.685675654989375,10/10/2022
1665446400,31.95,31.96,30.42,30.8,40.44221071972686,11/10/2022
1665532800,30.8,31.55,30.67,31.16,42.274316593228185,12/10/2022
1665619200,31.15,31.21,27.87,30.49,39.81925648293424,13/10/2022
1665705600,30.48,31.98,29.62,30,38.07760551533238,14/10/2022
1665792000,30,30.2,29.42,29.59,36.63375614069315,15/10/2022
1665878400,29.59,30.53,29.56,30.17,40.09433667423061,16/10/2022
1665964800,30.16,31.29,29.84,31.21,45.809208798664194,17/10/2022
1666051200,31.22,31.48,29.73,30.15,41.46711078917498,18/10/2022
1666137600,30.14,30.26,28.61,28.86,36.88500411233925,19/10/2022
1666224000,28.86,29.47,27.98,28.01,34.203114077966134,20/10/2022
1666310400,28.01,28.28,26.84,28.1,34.74414103918326,21/10/2022
1666396800,28.1,28.22,27.48,28.01,34.43917533978734,22/10/2022
1666483200,28.01,29.44,27.73,29.28,42.15498097814453,23/10/2022
1666569600,29.28,29.5,28.16,28.3,38.39946918,24/10/2022
1666656000,28.31,32.31,28.05,30.86,50.74407632,25/10/2022
1666742400,30.87,32.17,30.63,31.29,52.46713468459446,26/10/2022
1666828800,31.29,32.36,30.41,30.58,49.39460816061181,27/10/2022
1666915200,30.6,32.54,30.11,32.07,55.30937133613442,28/10/2022
1667001600,32.06,33.84,31.85,32.87,58.13844543459781,29/10/2022
1667088000,32.87,33.54,31.93,32.94,58.38667471954133,30/10/2022
1667174400,32.93,34.39,32.2,32.56,56.43043835431925,31/10/2022
1667260800,32.57,33.39,32.15,32.2,54.56523078,01/11/2022
1667347200,32.2,32.95,30.24,30.8,47.930330659949156,02/11/2022
1667433600,30.81,32.25,30.61,30.85,48.17271441470661,03/11/2022
1667520000,30.86,34.2,30.66,33.74,59.816183466360954,04/11/2022
1667606400,33.73,38.79,33.66,36.9,68.22268125432454,05/11/2022
1667692800,36.9,37.06,32.31,32.62,52.272135888406865,06/11/2022
1667779200,32.61,33.13,28,29.62,44.43075399976113,07/11/2022
1667865600,29.62,31.72,19.8,24.38,34.65266975905068,08/11/2022
1667952000,24.38,24.38,12.37,14.08,23.639730682446455,09/11/2022
1668038400,14.08,18.87,13.14,17.66,31.757754665308283,10/11/2022
1668124800,17.65,18.31,15.1,16.45,30.57462840730966,11/11/2022
1668211200,16.46,16.53,14.47,14.58,28.78955076163429,12/11/2022
1668297600,14.58,14.74,13.02,13.18,27.49527987809762,13/11/2022
1668384000,13.18,15.01,12.07,14,29.494603747402792,14/11/2022
1668470400,14,15.1,13.82,14.32,30.30231481578923,15/11/2022
1668556800,14.32,14.64,13.64,14.27,30.244013573322363,16/11/2022
1668643200,14.27,14.5,12.93,13.65,29.486429969168185,17/11/2022
1668729600,13.65,13.89,13,13.27,29.006842105845053,18/11/2022
1668816000,13.28,13.28,12.58,12.84,28.443084742203425,19/11/2022
1668902400,12.84,13.58,12.1,12.27,27.675238553135074,20/11/2022
1668988800,12.26,12.29,11.27,11.83,27.067785432792263,21/11/2022
1669075200,11.83,12.5,10.94,12.44,29.381974339830506,22/11/2022
1669161600,12.43,14.5,12.4,14.36,36.23978166432376,23/11/2022
1669248000,14.36,14.96,13.84,14.59,37.02868494366492,24/11/2022
1669334400,14.6,14.61,13.91,14.03,35.86511870185316,25/11/2022
1669420800,14.03,14.98,13.97,14.17,36.403156856659365,26/11/2022
1669507200,14.17,14.45,14.05,14.12,36.28607612205574,27/11/2022
1669593600,14.11,14.17,12.78,13.32,34.38076212784861,28/11/2022
1669680000,13.33,13.96,13.14,13.34,34.47339580500086,29/11/2022
1669766400,13.35,14.32,13.21,14.16,38.318108945278944,30/11/2022
1669852800,14.17,14.19,13.4,13.51,36.490391766916375,01/12/2022
1669939200,13.51,13.84,13.33,13.71,37.47856970349281,02/12/2022
1670025600,13.71,13.77,13.2,13.29,36.20458767076435,03/12/2022
1670112000,13.29,13.75,13.27,13.71,38.45747908457737,04/12/2022
1670198400,13.71,14.17,13.58,13.82,39.06442473668626,05/12/2022
1670284800,13.82,14.38,13.81,14.3,41.76342890109042,06/12/2022
1670371200,14.3,14.34,13.39,13.49,38.65217773780029,07/12/2022
1670457600,13.49,13.77,13.27,13.69,39.843827901413334,08/12/2022
1670544000,13.69,14.02,13.51,13.59,39.431401435558676,09/12/2022
1670630400,13.58,13.73,13.54,13.58,39.387494966255204,10/12/2022
1670716800,13.58,13.8,13.39,13.42,38.64602125657378,11/12/2022
1670803200,13.42,13.5,12.82,13.31,38.114784338027036,12/12/2022
1670889600,13.31,14.15,12.76,13.89,42.59551919,13/12/2022
1670976000,13.9,14.96,13.81,14.12,44.317258798707805,14/12/2022
1671062400,14.12,14.52,13.86,14.04,43.82489132139536,15/12/2022
1671148800,14.05,14.17,12,12.25,34.57013023586167,16/12/2022
1671235200,12.25,12.6,11.92,12.51,36.66236869987385,17/12/2022
1671321600,12.5,12.6,12.25,12.38,36.04179098261967,18/12/2022
1671408000,12.38,12.59,11.66,11.94,33.94731631705386,19/12/2022
1671494400,11.94,12.49,11.84,12.26,36.82280126456039,20/12/2022
1671580800,12.26,12.29,11.9,12.14,36.18661463,21/12/2022
1671667200,12.14,12.19,11.67,11.82,34.47605321888523,22/12/2022
1671753600,11.81,12.11,11.72,11.78,34.25805740933089,23/12/2022
1671840000,11.79,11.79,11.07,11.45,32.43586306965527,24/12/2022
1671926400,11.45,11.56,11.24,11.38,32.046476445347366,25/12/2022
1672012800,11.39,11.49,11.06,11.32,31.69524964978872,26/12/2022
1672099200,11.33,11.44,10.71,11.09,30.323279101825136,27/12/2022
1672185600,11.1,11.12,9.39,9.76,23.88483014378086,28/12/2022
1672272000,9.76,10.89,8,9.64,23.402023983936104,29/12/2022
1672358400,9.64,10.26,9,9.9,26.85210477139512,30/12/2022
1672444800,9.91,10.2,9.66,9.97,27.795053965354242,31/12/2022
1672531200,9.97,10.09,9.69,9.99,28.080320510062734,01/01/2023
1672617600,9.99,12,9.81,11.28,43.56708729522626,02/01/2023
1672704000,11.28,13.91,11,13.37,58.97910259202259,03/01/2023
1672790400,13.37,14.24,12.83,13.43,59.322557912265715,04/01/2023
1672876800,13.43,13.89,12.95,13.43,59.322557912265715,05/01/2023
1672963200,13.43,13.6,12.69,13.5,59.778219624390246,06/01/2023
1673049600,13.51,13.51,13.01,13.1,55.923192044325916,07/01/2023
1673136000,13.1,14.89,12.85,14.45,64.29270092960496,08/01/2023
1673222400,14.46,17.5,14.28,16.25,71.9426689,09/01/2023
1673308800,16.25,16.73,15.57,16.2,71.48453031625328,10/01/2023
1673395200,16.2,16.67,15.28,16.36,72.09687758802576,11/01/2023
1673481600,16.37,17,15.54,16.59,72.99463669409067,12/01/2023
1673568000,16.59,18.65,16.29,18.29,78.50065864569154,13/01/2023
1673654400,18.29,24.75,18.2,24.24,87.84313778072651,14/01/2023
1673740800,24.23,25,21.98,22.89,79.41132579046779,15/01/2023
1673827200,22.9,25,22.3,23.58,80.44451908760176,16/01/2023
1673913600,23.58,23.95,22.7,22.86,76.15021849082243,17/01/2023
1674000000,22.86,23.65,20.34,20.79,65.34932635268206,18/01/2023
1674086400,20.78,21.88,20.41,21.4,66.84185565432921,19/01/2023
1674172800,21.4,25.82,20.93,25.51,74.73745294778396,20/01/2023
1674259200,25.51,26.6,24.24,24.57,70.59696506,21/01/2023
1674345600,24.56,25.45,23.5,24.21,69.01990969146065,22/01/2023
1674432000,24.21,24.93,23.7,24.33,69.26636505165237,23/01/2023
1674518400,24.32,25.24,22.25,22.78,62.365047921797455,24/01/2023
1674604800,22.77,25.43,22.24,24.52,66.41090156043725,25/01/2023
1674691200,24.53,25.23,23.73,24.33,65.58183123,26/01/2023
1674777600,24.33,24.96,23.27,24.43,65.82366036448968,27/01/2023
1674864000,24.43,25.24,23.7,24,63.74946086857123,28/01/2023
1674950400,24,26.8,23.73,26.07,68.83988652399225,29/01/2023
1675036800,26.07,26.31,23.11,23.96,59.645658691224675,30/01/2023
1675123200,23.97,24.47,23.49,23.92,59.483465135484884,31/01/2023
1675209600,23.93,25.22,22.48,25,62.45230317463364,01/02/2023
1675296000,25,26.15,24.05,24.32,59.49624090802798,02/02/2023
1675382400,24.32,25.07,24.01,24.69,60.589332132836454,03/02/2023
1675468800,24.69,24.95,24.17,24.34,58.968158085494046,04/02/2023
1675555200,24.34,24.46,23.02,23.47,55.02681919831283,05/02/2023
1675641600,23.46,23.72,22.45,22.66,51.57076727687153,06/02/2023
1675728000,22.65,23.96,22.54,23.82,55.84756008401174,07/02/2023
1675814400,23.82,24.24,22.8,23.22,53.22914750992755,08/02/2023
1675900800,23.21,23.35,20,20.48,43.25540312689583,09/02/2023
1675987200,20.48,21.2,19.68,20.11,42.10801761103685,10/02/2023
1676073600,20.1,20.92,20.1,20.81,45.07632963075512,11/02/2023
1676160000,20.81,22.59,20.62,21.49,47.87243861,12/02/2023
1676246400,21.49,21.61,19.73,20.77,45.24591,13/02/2023
1676332800,20.77,22.37,20.66,21.84,49.665652734749386,14/02/2023
1676419200,21.84,23.99,21.45,23.86,56.76148682058237,15/02/2023
1676505600,23.86,24.2,22.2,22.24,50.60060283707603,16/02/2023
1676592000,22.24,23.54,21.99,23.14,53.61290557265119,17/02/2023
1676678400,23.14,23.94,22.92,23.45,54.638944842852034,18/02/2023
1676764800,23.46,25.64,23.2,24.84,59.016336261949604,19/02/2023
1676851200,24.83,27.12,24.11,26.26,62.949848041167726,20/02/2023
1676937600,26.26,26.61,24.5,24.98,57.58468437431824,21/02/2023
1677024000,24.98,25.24,23.21,24.16,54.386747113582324,22/02/2023
1677110400,24.16,24.69,23.6,23.91,53.41283577054071,23/02/2023
1677196800,23.91,24.13,22.46,23.07,50.162491243146555,24/02/2023
1677283200,23.07,23.33,21.41,22.37,47.56488312589611,25/02/2023
1677369600,22.37,23.53,22.21,23.25,51.00013610587675,26/02/2023
1677456000,23.25,23.41,22.32,22.68,48.77130221351951,27/02/2023
1677542400,22.68,22.75,21.75,21.89,45.78478858995189,28/02/2023
1677628800,21.88,22.91,21.65,22.51,48.45260624546346,01/03/2023
1677715200,22.5,22.65,21.67,22,46.428725499195224,02/03/2023
1677801600,22,22.02,20.34,21.42,44.16913781462553,03/03/2023
1677888000,21.42,21.62,20.2,20.98,42.480107627361946,04/03/2023
1677974400,20.98,21.72,20.84,20.97,42.440385745155425,05/03/2023
1678060800,20.98,21.19,20.47,20.63,41.035417002484095,06/03/2023
1678147200,20.62,20.95,19.71,20.25,39.46300324181172,07/03/2023
1678233600,20.25,20.39,18.1,18.41,32.89092176153612,08/03/2023
1678320000,18.41,18.78,16.69,17.33,29.75827664306452,09/03/2023
1678406400,17.34,18.36,16,18.17,34.94790939896984,10/03/2023
1678492800,18.17,18.89,16.94,18.07,34.619984993070744,11/03/2023
1678579200,18.07,20.53,17.71,20.2,46.19978013947687,12/03/2023
1678665600,20.19,21.47,18.87,20.4,47.146378368350064,13/03/2023
1678752000,20.4,22.12,19.75,20.86,49.35358438,14/03/2023
1678838400,20.86,21.46,18.7,19.24,42.60556508786757,15/03/2023
1678924800,19.25,19.9,18.88,19.67,44.764377916860575,16/03/2023
1679011200,19.67,21.69,19.42,21.6,53.261858515185835,17/03/2023
1679097600,21.6,22.94,21.05,21.2,51.493734640227885,18/03/2023
1679184000,21.2,22.43,21.19,21.86,54.19564990480314,19/03/2023
1679270400,21.86,23.91,21.35,22.13,55.29277490963093,20/03/2023
1679356800,22.13,23.33,21.51,22.53,56.938361899366264,21/03/2023
1679443200,22.52,23.09,20.93,21.42,51.29584358214224,22/03/2023
1679529600,21.41,22.95,21.08,22.16,54.53087171386858,23/03/2023
1679616000,22.16,22.27,20.26,20.66,47.62537855260971,24/03/2023
1679702400,20.66,20.98,20.09,20.41,46.56694537932962,25/03/2023
1679788800,20.4,21.14,20.29,20.94,49.14718785838641,26/03/2023
1679875200,20.94,20.99,19.33,19.91,44.636085723563234,27/03/2023
1679961600,19.91,20.88,19.6,20.45,47.36386483204785,28/03/2023
1680048000,20.45,21.56,20.43,21.1,50.52383320886938,29/03/2023
1680134400,21.1,21.67,20.16,20.55,47.90325123378225,30/03/2023
1680220800,20.55,21.49,20.04,21.16,50.94245024101251,31/03/2023
1680307200,21.15,21.34,20.74,21.08,50.52614724485069,01/04/2023
1680393600,21.07,21.3,20.23,20.52,47.59413443750622,02/04/2023
1680480000,20.52,20.99,19.94,20.45,47.22522614105597,03/04/2023
1680566400,20.45,21.26,20.28,20.92,50.02609501515346,04/04/2023
1680652800,20.91,21.34,20.58,20.97,50.32811374610681,05/04/2023
1680739200,20.96,20.99,20.43,20.62,48.135129752321966,06/04/2023
1680825600,20.62,20.78,20.22,20.44,47.00085131418043,07/04/2023
1680912000,20.44,20.74,19.85,20.04,44.491799277231884,08/04/2023
1680998400,20.04,20.44,19.87,20.28,46.342640546732646,09/04/2023
1681084800,20.29,20.95,20.08,20.89,50.83023340349156,10/04/2023
1681171200,20.89,23.68,20.82,22.98,62.42545425091097,11/04/2023
1681257600,22.99,24.48,22.29,23.8,65.83013496823244,12/04/2023
1681344000,23.81,25.3,23.63,24.43,68.21322526,13/04/2023
1681430400,24.43,25.49,23.73,24.71,69.24002414324369,14/04/2023
1681516800,24.72,24.8,23.81,24.05,63.99267706357306,15/04/2023
1681603200,24.05,25.49,23.81,25.34,68.94633389920932,16/04/2023
1681689600,25.34,26,24.28,24.58,63.41141697119963,17/04/2023
1681776000,24.57,25.44,24,24.82,64.38378359421154,18/04/2023
1681862400,24.82,24.98,21.71,22.66,51.19658279346997,19/04/2023
1681948800,22.66,23.18,21.59,22.2,48.89953709126755,20/04/2023
1682035200,22.19,22.41,21,21.25,44.462686366483666,21/04/2023
1682121600,21.26,21.99,21.05,21.79,47.38504881834166,22/04/2023
1682208000,21.79,22.25,20.91,21.47,45.84552276995698,23/04/2023
1682294400,21.47,22.02,21,21.38,45.39877024832764,24/04/2023
1682380800,21.39,21.97,20.73,21.93,48.68942150162054,25/04/2023
1682467200,21.94,22.97,20.36,21.28,45.22082883,26/04/2023
1682553600,21.28,22.52,21.18,22.33,51.26108268,27/04/2023
1682640000,22.34,23.5,22.16,23.34,56.257514327905426,28/04/2023
1682726400,23.34,23.89,22.9,23.19,55.34999429,29/04/2023
1682812800,23.18,23.99,22.69,22.74,52.60819882951252,30/04/2023
1682899200,22.73,22.88,21.54,21.96,48.15543599,01/05/2023
1682985600,21.95,22.38,21.75,22.25,49.85482710572854,02/05/2023
1683072000,22.25,22.3,21.23,22.24,49.79421551295267,03/05/2023
1683158400,22.24,22.49,21.61,21.74,46.73476631989889,04/05/2023
1683244800,21.74,23.07,21.56,22.82,53.395614988079096,05/05/2023
1683331200,22.82,23.23,21.56,21.91,47.954167907465525,06/05/2023
1683417600,21.91,22.78,21.63,21.66,46.550650288269075,07/05/2023
1683504000,21.65,21.81,20,20.62,41.15446906319833,08/05/2023
1683590400,20.63,21,20.4,20.65,41.36561646250958,09/05/2023
1683676800,20.66,21.31,19.74,20.91,43.26562394216396,10/05/2023
1683763200,20.92,20.93,19.69,20.17,39.35663893446382,11/05/2023
1683849600,20.17,20.95,19.8,20.9,44.66763623628227,12/05/2023
1683936000,20.91,21.29,20.77,20.84,44.324042487747654,13/05/2023
1684022400,20.83,21.28,20.62,20.93,45.00737591914655,14/05/2023
1684108800,20.93,21.52,20.6,20.99,45.48772033090421,15/05/2023
1684195200,20.98,21.13,20.43,20.67,43.31468460261432,16/05/2023
1684281600,20.68,21.23,20.42,21.06,46.65918791,17/05/2023
1684368000,21.06,21.09,20.07,20.34,41.76050451083329,18/05/2023
1684454400,20.35,20.59,20.21,20.36,41.942843750077145,19/05/2023
1684540800,20.35,20.37,20.08,20.28,41.38469878980952,20/05/2023
1684627200,20.28,20.39,19.33,19.61,36.94991840569861,21/05/2023
1684713600,19.61,20.03,19.28,19.53,36.44768894706788,22/05/2023
1684800000,19.52,20.18,19.42,20.02,41.67672215162904,23/05/2023
1684886400,20.02,20.07,18.66,19.22,36.40948176372793,24/05/2023
1684972800,19.22,19.58,18.77,19.25,36.73239580120236,25/05/2023
1685059200,19.25,19.56,19.08,19.35,37.86504129916162,26/05/2023
1685145600,19.35,20.54,19.33,20.43,48.57311337869251,27/05/2023
1685232000,20.42,21.19,20.29,20.81,51.72548708803583,28/05/2023
1685318400,20.81,20.98,20.26,20.57,49.65522767,29/05/2023
1685404800,20.57,21.4,20.46,21.25,55.13441186053483,30/05/2023
1685491200,21.25,21.33,20.37,20.81,51.24784973461147,31/05/2023
1685577600,20.82,20.98,20.41,20.49,48.566452043426885,01/06/2023
1685664000,20.49,21.37,20.3,21.26,54.70743547,02/06/2023
1685750400,21.26,21.35,20.95,21.19,54.07533996857968,03/06/2023
1685836800,21.19,22.3,21.03,21.82,58.70032343849946,04/06/2023
1685923200,21.83,22.06,19.03,20,44.69633680160581,05/06/2023
1686009600,20.01,20.7,19.23,20.38,47.51192250551328,06/06/2023
1686096000,20.38,20.53,18.5,18.64,37.977549720473775,07/06/2023
1686182400,18.64,19.11,18.23,18.89,39.845365585879456,08/06/2023
1686268800,18.88,19.37,17.11,17.4,33.39110027957912,09/06/2023
1686355200,17.4,17.43,12.8,15.61,27.60585643957991,10/06/2023
1686441600,15.61,16.18,15.11,15.55,27.434276169267775,11/06/2023
1686528000,15.55,15.69,14.74,15.19,26.375034416472204,12/06/2023
1686614400,15.19,16,14.76,15.04,25.925866927396243,13/06/2023
1686700800,15.03,15.37,14.06,14.48,24.264490990434297,14/06/2023
1686787200,14.49,15.08,14.18,14.77,26.877728926460506,15/06/2023
1686873600,14.78,15.47,14.38,15.31,31.609825127937697,16/06/2023
1686960000,15.32,16.12,15.16,15.64,34.40358368380052,17/06/2023
1687046400,15.65,15.84,15.28,15.45,33.55369918637413,18/06/2023
1687132800,15.45,16.14,15.34,16.1,39.09665958996539,19/06/2023
1687219200,16.1,16.69,15.73,16.64,43.32642846629426,20/06/2023
1687305600,16.65,17.4,16.54,17.23,47.60781984185157,21/06/2023
1687392000,17.23,17.75,16.57,16.62,43.91404595935568,22/06/2023
1687478400,16.62,17.53,16.16,17.13,47.57627036127703,23/06/2023
1687564800,17.14,17.53,16.37,16.64,44.56535337255217,24/06/2023
1687651200,16.64,17.38,16.57,16.96,46.92755032170575,25/06/2023
1687737600,16.96,17.12,15.89,16.27,42.70214559681707,26/06/2023
1687824000,16.27,16.93,16.13,16.63,45.46134414695406,27/06/2023
1687910400,16.63,16.65,15.6,15.97,41.51432948535474,28/06/2023
1687996800,15.98,18.28,15.87,17.99,54.52713414366621,29/06/2023
1688083200,18,20.03,17.01,18.86,58.78089047905624,30/06/2023
1688169600,18.85,19,17.9,18.7,57.71166499672761,01/07/2023
1688256000,18.7,19.74,18.53,19.45,61.26819772679438,02/07/2023
1688342400,19.46,19.66,18.87,19.26,59.893946371705795,03/07/2023
1688428800,19.25,19.94,19.06,19.13,58.920147363879366,04/07/2023
1688515200,19.14,19.53,18.32,19,57.90624419788027,05/07/2023
1688601600,18.99,21,18.82,19.61,61.27375651269272,06/07/2023
1688688000,19.61,21.9,19.26,21.5,69.43316447490264,07/07/2023
1688774400,21.51,22.5,21.32,21.81,70.52994272423925,08/07/2023
1688860800,21.82,22.38,20.99,21.32,66.47005999174826,09/07/2023
1688947200,21.32,21.81,20.47,21.3,66.30230047958611,10/07/2023
1689033600,21.3,22.37,21.2,22.07,69.49446417736301,11/07/2023
1689120000,22.06,22.8,21.74,21.94,68.31779053886422,12/07/2023
1689206400,21.93,26.82,21.42,26.01,79.83149808782863,13/07/2023
1689292800,26.01,32.13,25.23,26.67,81.03510425008248,14/07/2023
1689379200,26.67,29.12,26.45,27.46,82.38980324719714,15/07/2023
1689465600,27.47,28.7,26.46,27.42,82.07013823998633,16/07/2023
1689552000,27.41,28.49,25.55,26.8,77.07819596077852,17/07/2023
1689638400,26.8,27.09,24.76,25.54,68.02289222,18/07/2023
1689724800,25.54,26.99,25.35,26.31,70.31783528096808,19/07/2023
1689811200,26.31,27.38,25.03,25.38,64.31417202976792,20/07/2023
1689897600,25.38,26,25.06,25.5,64.73258719218582,21/07/2023
1689984000,25.51,25.97,24,24.52,58.681387014934096,22/07/2023
1690070400,24.52,25.26,24.15,24.76,59.675548363676754,23/07/2023
1690156800,24.76,24.83,22.89,23.37,51.88853700753351,24/07/2023
1690243200,23.36,23.6,22.73,23.27,51.36920259995594,25/07/2023
1690329600,23.28,25.68,23.17,25.17,59.6355396,26/07/2023
1690416000,25.18,25.65,24.66,25.1,59.23603953532407,27/07/2023
1690502400,25.1,25.56,24.54,24.82,57.57458972763634,28/07/2023
1690588800,24.82,25.39,24.75,25.17,59.11815978135715,29/07/2023
1690675200,25.17,25.21,23.47,24.25,53.597980459085164,30/07/2023
1690761600,24.25,24.79,23.52,23.73,50.71545717893082,31/07/2023
1690848000,23.72,24.07,22.84,24.05,52.411578883071776,01/08/2023
1690934400,24.06,24.29,22.82,23.15,47.464050532522165,02/08/2023
1691020800,23.14,23.38,22.44,22.65,44.92671505471291,03/08/2023
1691107200,22.65,23.57,22.48,22.8,45.861740271632485,04/08/2023
1691193600,22.8,22.94,22.23,22.65,45.03826850956211,05/08/2023
1691280000,22.66,23.48,22.58,23.2,48.677127684055364,06/08/2023
1691366400,23.2,23.67,22.27,23.12,48.17748338827119,07/08/2023
1691452800,23.11,24.79,23.02,24.22,55.01490026,08/08/2023
1691539200,24.22,24.99,24.1,24.38,55.92579876729844,09/08/2023
1691625600,24.39,24.89,24.13,24.62,57.32179233707863,10/08/2023
1691712000,24.63,24.93,24.34,24.62,57.32179233707863,11/08/2023
1691798400,24.63,25.24,24.4,24.91,59.13563593041712,12/08/2023
1691884800,24.91,24.95,24.21,24.23,53.40418530485784,13/08/2023
1691971200,24.22,25.3,24.06,25.18,59.33405951327905,14/08/2023
1692057600,25.19,25.42,23.74,23.9,50.08536451122471,15/08/2023
1692144000,23.91,24.03,22.36,22.82,43.871555544326526,16/08/2023
1692230400,22.82,23.43,20,21.66,38.365874174239785,17/08/2023
1692316800,21.67,22.2,20.9,21.34,36.986910672634174,18/08/2023
1692403200,21.34,22.18,21.29,21.9,40.984485511384435,19/08/2023
1692489600,21.89,22.04,21.57,21.77,40.344615987948686,20/08/2023
1692576000,21.78,21.79,20.3,21.2,37.57459872362145,21/08/2023
1692662400,21.2,21.26,19.35,20.59,34.81937115168951,22/08/2023
1692748800,20.59,21.82,20.33,21.74,43.26559044004682,23/08/2023
1692835200,21.74,22.02,20.67,21.06,39.96761234494517,24/08/2023
1692921600,21.05,21.06,20.09,20.42,37.101137704154084,25/08/2023
1693008000,20.42,20.44,20.19,20.29,36.52805862749021,26/08/2023
1693094400,20.28,20.92,20.24,20.79,40.34475237321665,27/08/2023
1693180800,20.79,20.8,20.03,20.56,39.177708776886625,28/08/2023
1693267200,20.57,22.05,20.12,21.79,47.863405218511176,29/08/2023
1693353600,21.79,21.99,20.6,20.82,42.68635637132052,30/08/2023
1693440000,20.82,21.07,19.43,19.74,37.78581391880213,31/08/2023
1693526400,19.74,19.93,19.02,19.33,36.091831958076234,01/09/2023
1693612800,19.33,19.69,19.13,19.5,37.346064609660935,02/09/2023
1693699200,19.5,19.67,19.23,19.57,37.88662061,03/09/2023
1693785600,19.57,20.05,19.15,19.52,37.636838049524115,04/09/2023
1693872000,19.52,20.6,19.03,20.26,43.56686694400177,05/09/2023
1693958400,20.26,20.39,19.14,19.64,40.12431160433908,06/09/2023
1694044800,19.63,20,19.32,19.92,42.34020429800218,07/09/2023
1694131200,19.92,20.28,19.37,19.61,40.55088878,08/09/2023
1694217600,19.6,19.61,19.38,19.44,39.563472474322566,09/09/2023
1694304000,19.43,19.44,17.78,18.24,33.38395325106917,10/09/2023
1694390400,18.23,18.46,17.33,17.72,31.11591856444302,11/09/2023
1694476800,17.72,18.8,17.57,17.92,33.00125952263714,12/09/2023
1694563200,17.91,18.56,17.69,18.4,37.42764713534868,13/09/2023
1694649600,18.4,19.33,18.38,18.85,41.34036150582794,14/09/2023
1694736000,18.85,19.5,18.55,19.14,43.78016793361694,15/09/2023
1694822400,19.15,19.46,18.86,19.12,43.64534288677933,16/09/2023
1694908800,19.12,19.14,18.63,18.81,41.51142744618281,17/09/2023
1694995200,18.81,20.15,18.58,19.64,48.738051875800345,18/09/2023
1695081600,19.65,20.42,19.58,20.03,51.75447784875541,19/09/2023
1695168000,20.02,20.54,19.8,20.29,53.71006666306697,20/09/2023
1695254400,20.29,20.29,19.29,19.46,47.14093251768077,21/09/2023
1695340800,19.45,19.81,19.15,19.43,46.91756718507743,22/09/2023
1695427200,19.42,19.57,19.29,19.49,47.45382469780618,23/09/2023
1695513600,19.48,19.68,19.2,19.36,46.360995944604255,24/09/2023
1695600000,19.36,19.74,19.07,19.39,46.666238927102484,25/09/2023
1695686400,19.39,19.53,18.84,19.03,43.46944248974293,26/09/2023
1695772800,19.03,19.48,18.73,19.14,44.7156469,27/09/2023
1695859200,19.13,19.98,19.1,19.96,53.028438,28/09/2023
1695945600,19.97,20.46,19.85,20.28,55.82026528284934,29/09/2023
1696032000,20.28,21.81,20.07,21.37,63.72851067,30/09/2023
1696118400,21.37,24.5,21.13,23.87,74.84876184,01/10/2023
1696204800,23.88,24.8,22.9,23.37,70.21239616156625,02/10/2023
1696291200,23.38,24.77,23.21,23.6,71.09923541709423,03/10/2023
1696377600,23.61,23.86,22.58,23.13,66.72735801716189,04/10/2023
1696464000,23.13,23.76,22.53,22.7,62.915671621002716,05/10/2023
1696550400,22.7,23.76,22.66,23.41,66.33518309689427,06/10/2023
1696636800,23.41,24.21,23.08,23.3,65.33009083515608,07/10/2023
1696723200,23.29,23.64,23.06,23.22,64.56390560422163,08/10/2023
1696809600,23.21,23.37,21.59,22.1,54.86299038718245,09/10/2023
1696896000,22.09,22.48,21.69,22.11,54.92810753,10/10/2023
1696982400,22.11,22.43,21.62,22.01,54.08778413116617,11/10/2023
1697068800,22.01,22.05,20.93,21.28,48.28100069559462,12/10/2023
1697155200,21.29,22.23,21.11,21.84,52.494386439980964,13/10/2023
1697241600,21.85,22.31,21.8,22,53.65607721122487,14/10/2023
1697328000,22,22.17,21.66,21.93,53.04492110375982,15/10/2023
1697414400,21.93,24.75,21.89,23.95,65.32054375791162,16/10/2023
1697500800,23.95,24.56,23.46,23.93,65.13896496759418,17/10/2023
1697587200,23.94,24.43,23.36,23.42,60.51906669447424,18/10/2023
1697673600,23.41,25.77,23.11,24.93,67.80070874707324,19/10/2023
1697760000,24.92,27.5,24.73,27.03,74.76996960331384,20/10/2023
1697846400,27.02,30.31,26.65,29.32,79.88324520130358,21/10/2023
1697932800,29.33,30.01,28.09,29.05,77.87916238,22/10/2023
1698019200,29.06,32.81,28.74,31.88,82.76096548526303,23/10/2023
1698105600,31.88,32.61,29.5,30.17,72.36841568070173,24/10/2023
1698192000,30.18,33.9,30,32.44,76.57385871382681,25/10/2023
1698278400,32.43,33.28,30.73,32.77,77.11905475716418,26/10/2023
1698364800,32.78,33.35,31.2,31.73,71.47356691848532,27/10/2023
1698451200,31.73,32.51,31.35,31.63,70.93584606968517,28/10/2023
1698537600,31.62,33.19,31.27,32.83,73.51121464855507,29/10/2023
1698624000,32.83,35.35,32.28,34.94,77.31717862326985,30/10/2023
1698710400,34.94,38.62,34.82,38.4,81.90780726122665,31/10/2023
1698796800,38.41,46.9,37.81,41.15,84.57912414023568,01/11/2023
1698883200,41.16,44.57,38.65,40.23,80.30715356778181,02/11/2023
1698969600,40.24,40.26,37.98,39.45,76.76692991,03/11/2023
1699056000,39.45,42.72,39,42.41,80.31362609805434,04/11/2023
1699142400,42.41,42.85,40.1,41.15,75.06078791837537,05/11/2023
1699228800,41.16,42.2,39.66,42.16,76.39360331324231,06/11/2023
1699315200,42.16,44.78,40.08,42.93,77.38585419768648,07/11/2023
1699401600,42.93,43.88,42.25,43.13,77.64865064776683,08/11/2023
1699488000,43.12,48.88,41.36,45.29,80.30995451308489,09/11/2023
1699574400,45.3,57.54,45.05,56.67,88.2486776,10/11/2023
1699660800,56.67,63.95,53.55,56.34,87.15135471571207,11/11/2023
1699747200,56.36,61.86,54.5,56.28,86.93968132369186,12/11/2023
1699833600,56.27,59.86,51.28,51.6,72.20787565419829,13/11/2023
1699920000,51.6,57.99,51.12,56.81,76.90051150454758,14/11/2023
1700006400,56.81,67.12,56.15,65.43,82.24276676040856,15/11/2023
1700092800,65.43,68.2,56.31,57.8,67.38685208141635,16/11/2023
1700179200,57.81,60.57,54.1,58.51,67.96671017259987,17/11/2023
1700265600,58.52,59.37,54.7,58.56,68.00984635096844,18/11/2023
1700352000,58.56,62.1,56.61,61.1,70.20484457937256,19/11/2023
1700438400,61.1,61.33,56,56.57,62.03017806454885,20/11/2023
1700524800,56.57,57.4,51.23,51.65,54.59475825974169,21/11/2023
1700611200,51.65,58.94,51.43,57.56,60.690262907236395,22/11/2023
1700697600,57.55,59.63,56.14,56.51,59.17043321447874,23/11/2023
1700784000,56.52,58.79,56.2,56.86,59.53420367188113,24/11/2023
1700870400,56.86,59.82,55.7,58.82,61.59760486,25/11/2023
1700956800,58.81,59.04,56.12,57.57,59.513360272840444,26/11/2023
1701043200,57.57,58.09,53.47,55.06,55.45566728662993,27/11/2023
1701129600,55.06,58.65,53.94,58.18,59.18121666309472,28/11/2023
1701216000,58.18,61.78,57.72,59.31,60.47072814531243,29/11/2023
1701302400,59.31,61.7,58.75,59.3,60.45252753877086,30/11/2023
1701388800,59.3,61.9,58.6,59.75,61.02107628157848,01/12/2023
1701475200,59.74,63.9,59.67,63.66,65.64290956987836,02/12/2023
1701561600,63.66,65.53,62.22,62.98,64.21680951578709,03/12/2023
1701648000,62.99,65.25,59.75,61.64,61.38661410431167,04/12/2023
1701734400,61.63,62.6,59.11,61.03,60.08833640212994,05/12/2023
1701820800,61.04,66.68,61.03,61.85,61.27400999717804,06/12/2023
1701907200,61.85,69.37,61.64,67.74,68.51035424041723,07/12/2023
1701993600,67.74,75.3,67.74,74.94,74.72722116913198,08/12/2023
1702080000,74.93,77.78,71.5,72.3,69.32295215475449,09/12/2023
1702166400,72.31,74.89,70.67,74.87,71.48490783145583,10/12/2023
1702252800,74.88,75,64.18,70.25,62.90275185738828,11/12/2023
1702339200,70.24,72.42,65.75,68.6,60.12640372493315,12/12/2023
1702425600,68.6,72.6,63.67,70.62,62.319096059462375,13/12/2023
1702512000,70.62,76.24,68.18,75.68,67.18680538,14/12/2023
1702598400,75.68,79.5,72.13,72.51,61.800525456671764,15/12/2023
1702684800,72.51,77.22,71.18,73.72,63.01921163360866,16/12/2023
1702771200,73.71,75.05,70.36,70.87,58.301228586708596,17/12/2023
1702857600,70.85,75.46,67,74.42,62.106744200253594,18/12/2023
1702944000,74.41,76.37,71.78,73,59.75750426655776,19/12/2023
1703030400,73,84.14,72.96,82.21,68.16779951503406,20/12/2023
1703116800,82.22,95.54,81.03,93.84,75.21251638839085,21/12/2023
1703203200,93.86,99.5,90.34,97.9,77.11644790492717,22/12/2023
1703289600,97.91,110,92.8,107.88,80.98319395869783,23/12/2023
1703376000,107.88,118.1,107.3,112.45,82.44594373554796,24/12/2023
1703462400,112.45,126.36,107.92,120.91,84.77988183747453,25/12/2023
1703548800,120.91,121.36,102.09,112.49,74.20508725,26/12/2023
1703635200,112.48,115.3,104.58,106.91,68.13934594961623,27/12/2023
1703721600,106.92,109.66,97.14,101.8,63.05601799,28/12/2023
1703808000,101.8,110,99,106.17,65.43111197050571,29/12/2023
1703894400,106.17,107.47,100.62,101.9,61.28516649,30/12/2023
1703980800,101.9,105.21,99.54,101.72,61.109383634857245,31/12/2023
1704067200,101.72,109.93,101.44,109.91,65.90174315005453,01/01/2024
1704153600,109.93,116.95,106.02,106.73,62.672438210255216,02/01/2024
1704240000,106.72,109.9,85,98.52,55.15762129951917,03/01/2024
1704326400,98.52,108.15,96.6,104.91,59.252878065330826,04/01/2024
1704412800,104.91,105.48,95.23,99.94,55.042412056794504,05/01/2024
1704499200,99.93,100.3,91.53,93.77,50.26693684223825,06/01/2024
1704585600,93.77,96.8,87.68,89.44,47.173744646919126,07/01/2024
1704672000,89.44,99.97,85.16,97.88,53.21676389978722,08/01/2024
1704758400,97.88,104.89,95.25,99.36,54.20603729538311,09/01/2024
1704844800,99.36,105.52,91.68,102,55.99362975230444,10/01/2024
1704931200,101.99,107.32,97.67,99.9,54.18181461193966,11/01/2024
1705017600,99.89,100.49,87,92.12,47.98680374265337,12/01/2024
1705104000,92.14,97.05,89.51,95.85,50.886189966134545,13/01/2024
1705190400,95.85,102.87,93.62,93.81,49.26859882808391,14/01/2024
1705276800,93.81,96.96,92.97,94.36,49.73255064366347,15/01/2024
1705363200,94.35,98.73,94.16,97.61,52.497082866018054,16/01/2024
1705449600,97.6,102.8,96.5,102.1,56.08999011096044,17/01/2024
1705536000,102.1,103.59,91.41,94.4,49.215274954339826,18/01/2024
1705622400,94.39,95.47,87.04,93.62,48.56590912906036,19/01/2024
1705708800,93.62,94.27,90.2,92.88,47.91991679,20/01/2024
1705795200,92.88,93.93,90.79,91.09,46.315103615521814,21/01/2024
1705881600,91.08,91.9,82.06,83.84,40.411904856230784,22/01/2024
1705968000,83.84,86,79,84.35,40.98176441907162,23/01/2024
1706054400,84.36,89.47,83.3,88.77,45.81792535729159,24/01/2024
1706140800,88.77,89.64,85.09,86.91,44.17737418957185,25/01/2024
1706227200,86.9,93.72,85.96,92.28,49.769395172092324,26/01/2024
1706313600,92.29,94.5,90.68,94.28,51.70965216819216,27/01/2024
1706400000,94.27,99.44,93.31,95.98,53.358816823675284,28/01/2024
1706486400,95.99,101.98,95.06,101.68,58.47896440916814,29/01/2024
1706572800,101.67,106.49,100.95,101.4,58.14131528167729,30/01/2024
1706659200,101.4,102.73,95.9,96.96,52.92311242706377,31/01/2024
1706745600,96.96,98.11,93.11,97.81,53.77837980917966,01/02/2024
1706832000,97.81,102.57,97.39,100.58,56.54877496381698,02/02/2024
1706918400,100.57,101.24,96.53,97.96,53.29498790163407,03/02/2024
1707004800,97.95,98.59,95.08,95.49,50.35344324589957,04/02/2024
1707091200,95.48,98.7,94.11,95.66,50.555718056673165,05/02/2024
1707177600,95.66,97.88,92.88,96.88,52.065103161798866,06/02/2024
1707264000,96.87,101.58,94.62,101.14,57.00110928084859,07/02/2024
1707350400,101.14,104.98,100.51,102.76,58.741041199469755,08/02/2024
1707436800,102.77,109.13,102.76,106.94,62.91129618074772,09/02/2024
1707523200,106.94,110.86,106.86,109.01,64.80827983364338,10/02/2024
1707609600,109.01,110.67,107.24,107.46,62.24116281194276,11/02/2024
1707696000,107.46,112.22,103.4,111.64,66.13675118239249,12/02/2024
1707782400,111.65,115.15,108.25,112.48,66.87632354058715,13/02/2024
1707868800,112.49,118.69,110.61,116.97,70.57555924992676,14/02/2024
1707955200,116.97,118.39,111.51,113.5,64.57355897255033,15/02/2024
1708041600,113.5,114.25,107.94,110.33,59.58798829365778,16/02/2024
1708128000,110.32,111.08,105,108.92,57.462828043226466,17/02/2024
1708214400,108.92,114.04,107.51,112.24,60.99064009050438,18/02/2024
1708300800,112.25,114.87,110.75,111.53,59.84753013631835,19/02/2024
1708387200,111.53,112.11,103,108.31,54.82856794077557,20/02/2024
1708473600,108.32,108.4,100.23,105.03,50.20948155204222,21/02/2024
1708560000,105.04,107.1,101.53,101.76,46.04474225686287,22/02/2024
1708646400,101.75,103.1,98.64,99.9,43.81831928632829,23/02/2024
1708732800,99.91,104.85,98.48,104.01,49.61575502849142,24/02/2024
1708819200,104.02,104.43,102,103.47,48.90174843074755,25/02/2024
1708905600,103.47,110.89,100.29,109.9,56.86227435073216,26/02/2024
1708992000,109.9,112.3,105.29,108.36,54.66570409638088,27/02/2024
1709078400,108.35,119.06,106.85,119.03,64.80903203083716,28/02/2024
1709164800,119.03,134.65,117.15,125.68,69.40379455,29/02/2024
1709251200,125.68,137.8,125.61,129.43,71.65158078743023,01/03/2024
1709337600,129.43,131.69,127.2,130.02,72.00011793,02/03/2024
1709424000,130.03,132.11,124.17,130.16,72.08781292559024,03/03/2024
1709510400,130.16,134.95,127.35,133.27,74.0334002,04/03/2024
1709596800,133.26,142.72,105,125.31,62.10180674440743,05/03/2024
1709683200,125.31,134.95,120,130.79,66.14684036,06/03/2024
1709769600,130.8,149.3,130.52,143.82,73.41321772,07/03/2024
1709856000,143.82,152.64,142,144.79,73.86298384822814,08/03/2024
1709942400,144.79,149.15,143.54,144.29,73.17580241820401,09/03/2024
1710028800,144.3,148.5,140.43,144.39,73.22944585659081,10/03/2024
1710115200,144.39,150.2,136.49,148.83,75.56588333641923,11/03/2024
1710201600,148.83,155,141.5,151.05,76.66262295894123,12/03/2024
1710288000,151.06,166.73,148.71,163.9,81.76477001872573,13/03/2024
1710374400,163.9,178.5,159.2,176.65,85.21800235250298,14/03/2024
1710460800,176.65,188.98,164.5,183.95,86.76355330616494,15/03/2024
1710547200,183.95,197.95,176.78,182.05,84.29320500603386,16/03/2024
1710633600,182.05,205.2,178.55,201.86,88.09816664807244,17/03/2024
1710720000,201.85,210.18,193.8,195.92,81.70661122714938,18/03/2024
1710806400,195.92,198.68,166,169.82,60.82512363665144,19/03/2024
1710892800,169.82,193.19,162.45,191.77,68.18836349420735,20/03/2024
1710979200,191.76,195.68,175.84,179.46,61.23680691058718,21/03/2024
1711065600,179.46,181.95,167.57,175.21,59.00044224410873,22/03/2024
1711152000,175.21,179,170.38,172.65,57.63506521380662,23/03/2024
1711238400,172.65,186.78,171.25,183.88,61.81018859006082,24/03/2024
1711324800,183.87,194.6,180.92,188.99,63.56954255137491,25/03/2024
1711411200,188.98,196.57,186,190.46,64.08216425254473,26/03/2024
1711497600,190.46,192.74,180,186.33,61.46530823996575,27/03/2024
1711584000,186.34,190.93,180.92,189.63,62.773418595600404,28/03/2024
1711670400,189.64,193,183.39,192.01,63.729712082658025,29/03/2024
1711756800,192.02,200,190.71,194.2,64.63008798,30/03/2024
1711843200,194.19,203.17,193.69,202.45,67.86624005703356,31/03/2024
1711929600,202.45,204.46,186.87,192.24,60.49000058437537,01/04/2024
1712016000,192.24,192.24,175.92,181.53,53.87517598515055,02/04/2024
1712102400,181.53,192,176.92,185.05,55.59393470035446,03/04/2024
1712188800,185.05,190.13,180.02,184,54.93632065630938,04/04/2024
1712275200,184,185.07,167.84,174.37,49.189380304852115,05/04/2024
1712361600,174.37,179.89,173.54,178.68,51.62833548,06/04/2024
1712448000,178.69,182.71,176.85,179.52,52.11080904973792,07/04/2024
1712534400,179.51,184.68,175.25,180.68,52.81079376,08/04/2024
1712620800,180.68,180.9,169.11,172.42,47.48797757514711,09/04/2024
1712707200,172.41,175.5,162.28,173.31,48.09502469786619,10/04/2024
1712793600,173.3,176.32,170.07,172.37,47.47084001478938,11/04/2024
1712880000,172.37,175.98,141,153.16,36.92431103330748,12/04/2024
1712966400,153.16,155,116,138.47,31.213428554866823,13/04/2024
1713052800,138.47,152.84,130.45,151.25,39.919427781274194,14/04/2024
1713139200,151.26,156.06,133.56,138.51,35.144221414896094,15/04/2024
1713225600,138.51,140.57,126.4,136.22,34.34884857153918,16/04/2024
1713312000,136.21,142.77,126.87,131.84,32.818942639221106,17/04/2024
1713398400,131.84,144.25,127.62,142.07,39.58707180239005,18/04/2024
1713484800,142.08,147.49,128.5,142.5,39.86132592029737,19/04/2024
1713571200,142.5,152.39,139.66,151.22,45.285781804949494,20/04/2024
1713657600,151.21,153.5,146.68,148.8,44.097019210503376,21/04/2024
1713744000,148.81,158.5,146.63,156.95,48.95660997171434,22/04/2024
1713830400,156.94,160,153.04,154.75,47.74994321771557,23/04/2024
1713916800,154.75,159.8,145.58,147.78,44.04589816007196,24/04/2024
1714003200,147.79,149.6,142.09,144.84,42.546668395936756,25/04/2024
1714089600,144.83,146.19,138.74,139.23,39.76524800057217,26/04/2024
1714176000,139.23,143.04,132.88,141.31,41.29754344120611,27/04/2024
1714262400,141.31,144.82,137.03,137.99,39.56736100015028,28/04/2024
1714348800,137.99,138.93,133.38,137.77,39.44941654014331,29/04/2024
1714435200,137.79,139.77,121.21,126.77,33.993247628941845,30/04/2024
1714521600,126.76,135.97,118.47,134.64,40.34985591855879,01/05/2024
1714608000,134.64,140.9,128.19,137.58,42.57469042,02/05/2024
1714694400,137.58,145,135.88,143.69,46.999031341031476,03/05/2024
1714780800,143.7,149.14,142.22,146.05,48.64486004499275,04/05/2024
1714867200,146.05,148,143.1,145.73,48.42527861339544,05/05/2024
1714953600,145.74,156.89,145.4,152.82,53.44006001015947,06/05/2024
1715040000,152.81,159.19,147.76,148.03,49.90928210511843,07/05/2024
1715126400,148.03,152,140,142.18,45.919022653425216,08/05/2024
1715212800,142.17,153.39,140.61,152.57,53.09216666774568,09/05/2024
1715299200,152.56,155.75,144.49,146.01,48.70010998949135,10/05/2024
1715385600,146.02,147.7,143.12,145.42,48.31300002669679,11/05/2024
1715472000,145.42,147.8,142.5,143.43,46.95720998526735,12/05/2024
1715558400,143.42,150.88,137.78,147.54,50.07346701359611,13/05/2024
1715644800,147.53,149.09,141.82,142.03,46.158292651595254,14/05/2024
1715731200,142.03,158.88,141.21,158.52,56.995374549575914,15/05/2024
1715817600,158.52,164.79,156.46,159.37,57.47056326281334,16/05/2024
1715904000,159.36,174,159.32,169.44,62.72539935900957,17/05/2024
1715990400,169.43,176.06,168.65,172.4,64.12842905687026,18/05/2024
1716076800,172.4,175.5,165.96,169.93,62.030227690256375,19/05/2024
1716163200,169.93,188.32,167.47,186.7,69.36021292748738,20/05/2024
1716249600,186.69,188.89,174.37,178.15,62.712988532569995,21/05/2024
1716336000,178.15,185,174.96,176.95,61.81753832077056,22/05/2024
1716422400,176.96,181.04,165.35,176.16,61.198023259298736,23/05/2024
1716508800,176.15,176.15,162.5,167.7,54.85777443626562,24/05/2024
1716595200,167.7,170.55,165.9,168.35,55.24145740479893,25/05/2024
1716681600,168.35,168.4,161,163.41,51.64855046922076,26/05/2024
1716768000,163.42,172.28,163.26,170.15,55.86619384000443,27/05/2024
1716854400,170.15,173.24,164.92,168.68,54.74457937642148,28/05/2024
1716940800,168.68,173.93,167,168.32,54.45623467475423,29/05/2024
1717027200,168.32,173,163.55,166.88,53.248088320433276,30/05/2024
1717113600,166.88,170.94,163.67,165.65,52.18313779744764,31/05/2024
1717200000,165.65,167.95,165.64,166.14,52.58992910782261,01/06/2024
1717286400,166.14,167.1,161.32,163.15,49.80555146337256,02/06/2024
1717372800,163.14,167.21,161.79,164.89,51.41756101230612,03/06/2024
1717459200,164.9,171.87,164.31,171.78,57.26955647247894,04/06/2024
1717545600,171.78,175.6,170,173.54,58.64006775306114,05/06/2024
1717632000,173.55,174.4,167.51,170.15,54.982112806478746,06/06/2024
1717718400,170.15,172.85,152.92,162.5,47.74423498128836,07/06/2024
1717804800,162.51,163.78,157.37,157.83,43.941429320575395,08/06/2024
1717891200,157.83,163.04,156.52,162.12,48.03602175863081,09/06/2024
1717977600,162.12,163.18,157.46,159.05,45.47615051608965,10/06/2024
1718064000,159.04,159.75,145.2,149.31,38.47137718060275,11/06/2024
1718150400,149.31,161.84,145.44,155.22,44.09803697880398,12/06/2024
1718236800,155.21,155.21,146.03,147.29,38.95094581398855,13/06/2024
1718323200,147.29,149,139.67,143.05,36.49799434758611,14/06/2024
1718409600,143.04,145.78,142.92,145.52,38.91148860646754,15/06/2024
1718496000,145.52,151.35,143.08,151.3,44.25111175688059,16/06/2024
1718582400,151.3,151.79,139.85,143.27,39.13344985857801,17/06/2024
1718668800,143.28,143.82,127.95,137.41,35.87297019982522,18/06/2024
1718755200,137.41,141.9,134.47,135.62,34.91600101039265,19/06/2024
1718841600,135.62,141.29,131.9,133.55,33.793302234662804,20/06/2024
1718928000,133.55,135.38,128.76,134.6,34.936133871461905,21/06/2024
1719014400,134.61,136.74,133,133.69,34.38220898177423,22/06/2024
1719100800,133.7,135.09,128.22,128.69,31.43318862251617,23/06/2024
1719187200,128.68,132.66,122,132.33,35.75344856897824,24/06/2024
1719273600,132.34,139.9,131.2,136.58,40.469793340867476,25/06/2024
1719360000,136.57,140.41,134.85,136.81,40.72340113148952,26/06/2024
1719446400,136.81,151.21,135.2,149.71,52.85476352755834,27/06/2024
1719532800,149.71,150.84,139.01,140.03,45.35389993964456,28/06/2024
1719619200,140.03,143.26,139.67,140.28,45.568744725429646,29/06/2024
1719705600,140.28,147.62,137.09,146.61,50.83903382906568,30/06/2024
1719792000,146.61,149.36,145.87,146.67,50.88757493783024,01/07/2024
1719878400,146.68,155,146.14,154.03,56.55447529764136,02/07/2024
1719964800,154.03,154.5,139.01,140.84,46.25404087,03/07/2024
1720051200,140.84,142.75,127.2,127.86,38.77053738,04/07/2024
1720137600,127.85,136.58,121,134.32,43.656411755384084,05/07/2024
1720224000,134.32,144.35,132.33,143.05,49.51884052165911,06/07/2024
1720310400,143.05,143.33,131.23,131.64,43.193199573380994,07/07/2024
1720396800,131.64,142,127.77,139.81,48.28713851714787,08/07/2024
1720483200,139.81,144.33,136.45,141.42,49.25286346521922,09/07/2024
1720569600,141.43,146.2,138.6,141.98,49.605385157144504,10/07/2024
1720656000,141.99,146.1,135.64,135.73,45.78283120578576,11/07/2024
1720742400,135.73,140.55,133.92,139.46,48.341309229080714,12/07/2024
1720828800,139.47,143.6,137.94,141.9,50.00338617,13/07/2024
1720915200,141.89,148.56,141.87,147.66,53.78363876046629,14/07/2024
1721001600,147.66,159.95,147,159.38,60.352444975990046,15/07/2024
1721088000,159.37,162.49,152.57,160.62,60.984287713166594,16/07/2024
1721174400,160.62,163.8,154.68,155.5,56.948677699095455,17/07/2024
1721260800,155.5,161.6,155.07,159.22,59.06806892364275,18/07/2024
1721347200,159.22,172.42,156.07,169.13,64.13362900771128,19/07/2024
1721433600,169.12,175.1,167.27,173.6,66.16747560194707,20/07/2024
1721520000,173.6,185.17,170.27,184.49,70.54909315869995,21/07/2024
1721606400,184.49,185,176.71,178.9,65.83573578796316,22/07/2024
1721692800,178.9,180.54,169.72,173.03,61.21107466367315,23/07/2024
1721779200,173.03,182.5,170.9,178.06,63.57243840156884,24/07/2024
1721865600,178.07,179.59,165.42,171.85,58.81217807,25/07/2024
1721952000,171.86,185.01,171.69,183.06,64.04588219807337,26/07/2024
1722038400,183.07,188.33,178.11,183.92,64.41941687401686,27/07/2024
1722124800,183.92,186.77,181.16,184.9,64.86734218204307,28/07/2024
1722211200,184.91,193.98,181.57,182.57,62.84173496785259,29/07/2024
1722297600,182.57,184.95,175.39,179.16,59.89395369788963,30/07/2024
1722384000,179.16,185.1,171.61,171.71,53.940751194915656,31/07/2024
1722470400,171.7,172.91,157.91,167.37,50.77459537531834,01/08/2024
1722556800,167.37,169.43,150,152.77,41.87081366018361,02/08/2024
1722643200,152.78,154.05,140,142.52,36.96935245309293,03/08/2024
1722729600,142.53,146.08,131.22,138.33,35.15756281472105,04/08/2024
1722816000,138.32,139.37,110,129.78,31.73933839272472,05/08/2024
1722902400,129.79,149.59,129.4,144.4,42.104833680108776,06/08/2024
1722988800,144.4,155,142.21,144.77,42.343453889600575,07/08/2024
1723075200,144.78,163.7,141.4,163.13,52.75030934317658,08/08/2024
1723161600,163.12,163.54,150.72,156.28,49.18340035065895,09/08/2024
1723248000,156.29,158.75,152.54,154.01,48.024490242856636,10/08/2024
1723334400,154.01,158,141.2,141.57,42.161413616700536,11/08/2024
1723420800,141.56,150.79,141.2,146.29,44.90959307059321,12/08/2024
1723507200,146.29,149.82,142.92,146.65,45.12376223048784,13/08/2024
1723593600,146.65,152.18,142.36,143.71,43.631946926471834,14/08/2024
1723680000,143.7,147.64,137.78,142.58,43.042930529852605,15/08/2024
1723766400,142.58,144.88,136.1,139.04,41.167971582449255,16/08/2024
1723852800,139.04,141.99,137.61,141.93,43.337979180652916,17/08/2024
1723939200,141.92,147.31,140.56,142.42,43.717038600152385,18/08/2024
1724025600,142.42,146.19,140.33,144.29,45.22310073060976,19/08/2024
1724112000,144.28,148.83,141,142.27,43.85786428416214,20/08/2024
1724198400,142.27,144.42,138.7,142.79,44.32382955633253,21/08/2024
1724284800,142.78,144.88,140.63,143.22,44.73232350079585,22/08/2024
1724371200,143.23,154.08,142.68,153.26,53.34041843,23/08/2024
1724457600,153.27,162.3,151.97,160.67,58.48036438672023,24/08/2024
1724544000,160.67,162,155.25,158.92,56.88657109725024,25/08/2024
1724630400,158.92,162,155.53,157.12,55.21957671246331,26/08/2024
1724716800,157.12,159.69,145.03,146.79,46.75236424606288,27/08/2024
1724803200,146.78,149.3,140.53,143.95,44.72201186662416,28/08/2024
1724889600,143.96,147.36,138.05,140,41.99062262681249,29/08/2024
1724976000,140.01,141.11,132.04,137.99,40.63074238300805,30/08/2024
1725062400,137.99,139.23,134.49,135.35,38.85105500793508,31/08/2024
1725148800,135.35,136.15,127.66,128.5,34.61445217173885,01/09/2024
1725235200,128.5,135.39,126.8,134.94,41.11566913004095,02/09/2024
1725321600,134.95,138.13,127.15,127.54,36.611072755253524,03/09/2024
1725408000,127.54,134.98,122.6,133.64,42.229767456982785,04/09/2024
1725494400,133.64,135.58,127.85,129.41,39.60796606497814,05/09/2024
1725580800,129.4,134.29,120,125.05,37.05437473962763,06/09/2024
1725667200,125.05,129.5,124.13,127.71,39.612352674244775,07/09/2024
1725753600,127.72,131.7,126.61,130.15,41.94301106574528,08/09/2024
1725840000,130.15,137.09,126.96,135.08,46.440869736664155,09/09/2024
1725926400,135.07,138,132.5,135.63,46.93479540246394,10/09/2024
1726012800,135.64,135.91,128.2,132.42,44.36333807904774,11/09/2024
1726099200,132.43,136.78,132.38,136.05,47.84334718635556,12/09/2024
1726185600,136.06,139.8,131.7,139.02,50.56770767605125,13/09/2024
1726272000,139.02,139.8,135.6,137.14,48.829030142622514,14/09/2024
1726358400,137.15,137.95,130.43,131.37,43.846155694224144,15/09/2024
1726444800,131.38,132.4,128.91,131.47,43.95290469690698,16/09/2024
1726531200,131.47,135.55,130.12,131.54,44.03310910489704,17/09/2024
1726617600,131.54,134.45,127.07,134.34,47.28280059276074,18/09/2024
1726704000,134.34,144.04,134.27,142.89,55.73490934094526,19/09/2024
1726790400,142.88,152.5,141.18,146.66,58.86652238,20/09/2024
1726876800,146.67,150.25,144.61,149.41,61.03217563116188,21/09/2024
1726963200,149.42,149.92,141.12,144.63,55.55683806487505,22/09/2024
1727049600,144.64,149.07,142.13,144.79,55.700100246614575,23/09/2024
1727136000,144.79,154,143.09,152.73,62.21018420236187,24/09/2024
1727222400,152.74,153.93,147.28,147.98,56.829749351699384,25/09/2024
1727308800,147.97,158.05,146.57,155.55,62.40956884828098,26/09/2024
1727395200,155.54,161.43,153.89,157.64,63.800708533386874,27/09/2024
1727481600,157.63,159.43,155,156.75,62.73598089053515,28/09/2024
1727568000,156.75,161.78,155.09,158.46,63.979779818310355,29/09/2024
1727654400,158.47,159.77,151.73,152.49,56.84594748594789,30/09/2024
1727740800,152.51,157.34,142.29,145.13,49.51580866795321,01/10/2024
1727827200,145.12,148.96,138.61,140.18,45.286285056794696,02/10/2024
1727913600,140.18,142.96,133.11,136.82,42.62477311134568,03/10/2024
1728000000,136.81,144.55,135.95,143.24,48.81472405024341,04/10/2024
1728086400,143.24,144.93,141.06,142.59,48.24718237400262,05/10/2024
1728172800,142.59,146.75,142,146.48,51.85480265094561,06/10/2024
1728259200,146.47,152.4,143.5,143.96,49.44995090934983,07/10/2024
1728345600,143.97,145.6,141.17,143.49,48.99357735152767,08/10/2024
1728432000,143.5,145.34,138.66,139.33,45.03210178115632,09/10/2024
1728518400,139.33,140.92,135.52,139.03,44.75108387306306,10/10/2024
1728604800,139.04,146.62,138.68,145.53,51.773327074823555,11/10/2024
1728691200,145.52,147.32,144.71,146.4,52.64097873437373,12/10/2024
1728777600,146.39,148.86,144.45,147.74,54.013314671838984,13/10/2024
1728864000,147.74,158.1,146.8,157.59,62.593889545031935,14/10/2024
1728950400,157.59,159.73,150.3,154.76,59.177437553962356,15/10/2024
1729036800,154.76,158.41,153,154.28,58.593279092599104,16/10/2024
1729123200,154.28,155.73,147.66,150.5,54.066993218701455,17/10/2024
1729209600,150.5,156.65,149.56,154.94,58.15587471399857,18/10/2024
1729296000,154.93,159.85,153.45,159.79,62.122361363813404,19/10/2024
1729382400,159.79,167.94,157.58,167.4,67.35183399782244,20/10/2024
1729468800,167.4,171.76,160.99,166.17,65.77125479310303,21/10/2024
1729555200,166.16,170.99,162.99,167.59,66.74162137,22/10/2024
1729641600,167.6,174.3,164.13,170.85,68.92003013510804,23/10/2024
1729728000,170.86,179.3,170.5,177.19,72.66929011964532,24/10/2024
1729814400,177.19,177.6,159.12,164.9,58.05031688822011,25/10/2024
1729900800,164.91,173.25,162.43,170.88,62.05071768133999,26/10/2024
1729987200,170.87,178.27,170.26,176.63,65.46132583921357,27/10/2024
1730073600,176.63,179.8,172.45,178.29,66.40016317934615,28/10/2024
1730160000,178.28,183.38,176.41,179.42,67.05662255162176,29/10/2024
1730246400,179.43,181.36,173.01,174.87,61.81926572593217,30/10/2024
1730332800,174.87,176.56,167.56,168.69,55.48092026209749,31/10/2024
1730419200,168.69,174,163.43,166.1,53.02708291034509,01/11/2024
1730505600,166.11,168.61,162.11,166.17,53.087474142826295,02/11/2024
1730592000,166.16,166.61,157.82,162.53,49.5220362,03/11/2024
1730678400,162.52,165.04,155.11,157.95,45.39117134248393,04/11/2024
1730764800,157.95,169.3,156.86,166.62,53.32784699273052,05/11/2024
1730851200,166.63,190.01,166.4,186.59,65.69514885174608,06/11/2024
1730937600,186.59,197.84,185.84,196.35,69.89396724951975,07/11/2024
1731024000,196.36,205,195.64,199.85,71.25281197168994,08/11/2024
1731110400,199.86,203.45,194.86,199.89,71.26877249451411,09/11/2024
1731196800,199.89,215.27,198.68,210.07,75.06334163,10/11/2024
1731283200,210.07,224,204.16,222.13,78.65920439,11/11/2024
1731369600,222.12,225.21,204.71,211.64,69.29863253894189,12/11/2024
1731456000,211.63,220.44,200.67,215.13,70.55411892471015,13/11/2024
1731542400,215.14,222.8,206.78,209.57,65.92858280845101,14/11/2024
1731628800,209.57,220.5,204.48,218.45,69.38121642044118,15/11/2024
1731715200,218.44,221.99,213.35,215.71,67.12104547031134,16/11/2024
1731801600,215.72,242.33,212.1,237.47,74.28533671187604,17/11/2024
1731888000,237.47,248.44,234.01,239.79,74.91298732766009,18/11/2024
1731974400,239.79,247.5,233.4,237.63,73.12343600840595,19/11/2024
1732060800,237.64,242.54,230.37,235.48,71.29772470626409,20/11/2024
1732147200,235.48,259.8,229.6,256.37,77.24303492182291,21/11/2024
1732233600,256.38,264.39,251.47,256.9,77.37110382,22/11/2024
1732320000,256.9,264,252.69,254.89,75.63272683361728,23/11/2024
1732406400,254.9,259.78,240.93,252.73,73.71596091109062,24/11/2024
1732492800,252.74,256.7,231.21,234.18,59.71866202692128,25/11/2024
1732579200,234.18,239.66,221.8,230.69,57.506260110985814,26/11/2024
1732665600,230.69,243.33,227.51,241.96,62.356142926926985,27/11/2024
1732752000,241.96,245.28,232.8,237.59,59.51948068713499,28/11/2024
1732838400,237.58,246.77,236.55,243.33,61.96688340179411,29/11/2024
1732924800,243.33,245.4,237.5,237.6,58.18508439347836,30/11/2024
1733011200,237.6,239.89,234.1,236.8,57.65602607961649,01/12/2024
1733097600,236.79,238.2,220,225.72,50.77049100099339,02/12/2024
1733184000,225.73,239.6,215,233.92,55.048988062479786,03/12/2024
1733270400,233.92,241,224.67,229.15,52.20661872,04/12/2024
1733356800,229.15,244.77,222.95,235.84,55.66424241800905,05/12/2024
1733443200,235.84,247,230.92,236.87,56.18975299426371,06/12/2024
1733529600,236.87,243.61,234.12,238.14,56.868600238664484,07/12/2024
1733616000,238.14,241.51,233.22,237.02,56.043848400072804,08/12/2024
1733702400,237.02,237.28,203,216.63,43.63637605236018,09/12/2024
1733788800,216.62,221.06,203.21,213.6,42.14325994889278,10/12/2024
1733875200,213.6,230.65,211.51,227.29,50.401034551521484,11/12/2024
1733961600,227.29,234.69,225.67,226.96,50.21498118002374,12/12/2024
1734048000,226.95,228.44,220.6,224.79,48.935733399604544,13/12/2024
1734134400,224.79,227.51,215.13,219.93,46.10296269908279,14/12/2024
1734220800,219.94,225.5,215.68,224.27,48.94519819288795,15/12/2024
1734307200,224.26,227.56,213.26,216.19,44.26502237,16/12/2024
1734393600,216.19,228.95,211.36,223.15,48.80604169355128,17/12/2024
1734480000,223.16,226.04,204.8,206.53,40.351474327294106,18/12/2024
1734566400,206.53,212.14,187,193.81,35.31001284795343,19/12/2024
1734652800,193.82,199.81,175.26,194.48,35.76525183312479,20/12/2024
1734739200,194.48,201.98,178.3,181.45,31.171068079377307,21/12/2024
1734825600,181.46,187.87,176.88,180.52,30.866310155492783,22/12/2024
1734912000,180.53,193.48,176.48,190.11,37.637249539181475,23/12/2024
1734998400,190.12,199,186.13,197.09,42.08339611059482,24/12/2024
1735084800,197.09,201.85,195,197.44,42.30551735749665,25/12/2024
1735171200,197.45,199.71,186.54,188.46,38.25198227144674,26/12/2024
1735257600,188.46,194.39,182.74,184.22,36.47490895475778,27/12/2024
1735344000,184.22,196.1,183.82,195.5,43.936925948897986,28/12/2024
1735430400,195.5,197.71,188.57,189.94,41.358100780704234,29/12/2024
1735516800,189.94,196.47,185.89,191.38,42.30264120331748,30/12/2024
1735603200,191.37,199.27,188.04,189.31,41.273496784630574,31/12/2024
1735689600,189.31,195.33,188,194.28,44.749015164600614,01/01/2025
1735776000,194.28,210.48,193.43,208.31,53.173824838054536,02/01/2025
1735862400,208.3,219.83,205.63,217.99,57.93922834931267,03/01/2025
1735948800,218,218.18,213.54,216.67,57.086080156072484,04/01/2025
1736035200,216.67,219.05,211.46,213.41,54.93465366634658,05/01/2025
1736121600,213.41,223.18,211.56,218.22,57.48085627,06/01/2025
1736208000,218.22,219.11,201.8,202.17,47.7799821,07/01/2025
1736294400,202.17,203.28,188.34,197.48,45.37039467,08/01/2025
1736380800,197.48,199.06,182,184.95,39.62142856193317,09/01/2025
1736467200,184.96,193.02,183.51,187.68,41.36472957623077,10/01/2025
1736553600,187.69,191.91,184.01,188.09,41.63727007127409,11/01/2025
1736640000,188.09,191,185.17,188.51,41.93500965934092,12/01/2025
1736726400,188.5,191.99,168.88,182.87,39.05377579303442,13/01/2025
1736812800,182.86,190.11,181.88,187.57,42.593475773030065,14/01/2025
1736899200,187.57,206.04,185.84,205.86,53.83100013101061,15/01/2025
1736985600,205.86,217.14,198.47,211.14,56.479547221440775,16/01/2025
1737072000,211.15,222.11,209.84,219.51,60.36150337365159,17/01/2025
1737158400,219.52,270.67,217.29,261.97,73.34868829639038,18/01/2025
1737244800,261.97,295.83,236.68,252.42,67.95567322148953,19/01/2025
1737331200,252.4,273.29,229.44,242.19,62.64237217278001,20/01/2025
1737417600,242.18,260.06,230,250.33,64.98815172618387,21/01/2025
1737504000,250.33,272.03,248.43,257.36,66.92006722721538,22/01/2025
1737590400,257.37,258.48,242.19,253.11,64.59936392859478,23/01/2025
1737676800,253.12,270.18,247.18,253.37,64.68005998466896,24/01/2025
1737763200,253.36,260.78,246.33,256.41,65.66555888869645,25/01/2025
1737849600,256.4,260.16,240.32,240.5,56.74228384,26/01/2025
1737936000,240.49,242.68,220.89,234.89,53.95796137131998,27/01/2025
1738022400,234.9,244,225.01,227.06,50.25161241425373,28/01/2025
1738108800,227.06,238.49,222.63,228.16,50.76328884855565,29/01/2025
1738195200,228.16,244.7,226.84,238.31,55.328920729873346,30/01/2025
1738281600,238.3,241.82,228.24,231.77,51.984057095724836,31/01/2025
1738368000,231.77,236.46,212.74,213.03,43.81097822,01/02/2025
1738454400,213.03,218.9,192.31,203.51,40.34109214995579,02/02/2025
1738540800,203.52,218.7,175.89,216.28,46.466013076402575,03/02/2025
1738627200,216.27,219.97,201.87,206.64,42.886555844665914,04/02/2025
1738713600,206.64,209.39,195.14,196.12,39.3262471,05/02/2025
1738800000,196.12,203.98,187.39,189.54,37.243612287720886,06/02/2025
1738886400,189.53,203.42,188.12,191.99,38.548543666627694,07/02/2025
1738972800,192,200.88,189.81,199.32,42.40707013048576,08/02/2025
1739059200,199.32,207.37,193.53,200.47,43.01165034853541,09/02/2025
1739145600,200.47,209.05,195.85,200.47,43.01165034853542,10/02/2025
1739232000,200.47,206.18,195.12,197.96,41.89831358261377,11/02/2025
1739318400,197.95,198.56,188.48,196.78,41.35634321,12/02/2025
1739404800,196.78,198.47,188.78,194.25,40.15694642779836,13/02/2025
1739491200,194.24,205.34,194.11,199.39,43.727567157138516,14/02/2025
1739577600,199.4,200.27,192.61,194.48,41.19875196056828,15/02/2025
1739664000,194.47,196.24,186.3,188.27,38.19051473907746,16/02/2025
1739750400,188.26,189.72,174.63,177.53,33.61853618527586,17/02/2025
1739836800,177.53,179.09,160.88,169.32,30.602546839111326,18/02/2025
1739923200,169.32,174.3,163.75,168.93,30.462740742229954,19/02/2025
1740009600,168.94,176.65,167.66,176,36.15680836,20/02/2025
1740096000,176,180.52,167.15,168.94,33.23055072250385,21/02/2025
1740182400,168.94,174.68,168.07,172.07,35.71459414192202,22/02/2025
1740268800,172.07,173.07,166.42,167.94,33.921328456508206,23/02/2025
1740355200,167.94,169.69,138,141.81,25.274519431692525,24/02/2025
1740441600,141.81,147.09,131.91,144.33,27.20181957547561,25/02/2025
1740528000,144.33,145.19,130.65,135.32,24.744465962502076,26/02/2025
1740614400,135.33,142.9,134.71,137.68,26.61450983270214,27/02/2025
1740700800,137.68,148.72,125.55,148.18,34.4223543,28/02/2025
1740787200,148.18,151.25,138.57,143.66,32.80432678309246,01/03/2025
1740873600,143.66,179.85,140.04,178.71,51.745830346374376,02/03/2025
1740960000,178.72,179.47,139.21,142.16,39.30378981747088,03/03/2025
1741046400,142.16,147,130.66,144.79,40.41402090006455,04/03/2025
1741132800,144.8,149.73,140.18,146.28,41.07166537808636,05/03/2025
1741219200,146.27,152.9,142.44,143.31,40.12111539082217,06/03/2025
1741305600,143.3,150.88,135.04,139.39,38.84331437748931,07/03/2025
1741392000,139.39,141.09,135.29,137.01,38.050938624150476,08/03/2025
1741478400,137.01,139.88,125.41,126.51,34.68890174161682,09/03/2025
1741564800,126.52,131.57,115.47,118.32,32.292199859068205,10/03/2025
1741651200,118.32,128.43,112,125.35,36.356920994999996,11/03/2025
1741737600,125.35,131.33,121.22,126.62,37.09166043652303,12/03/2025
1741824000,126.61,128.76,120.76,123.37,35.947938413281165,13/03/2025
1741910400,123.36,136.03,122.98,133.54,41.97721307792386,14/03/2025
1741996800,133.53,136.53,132.44,135.86,43.28866844828415,15/03/2025
1742083200,135.86,136.71,125.21,126.13,39.278862362793404,16/03/2025
1742169600,126.13,130.64,125.55,128.01,40.42708910459921,17/03/2025
1742256000,128.01,128.19,121.76,125.33,39.28659313496215,18/03/2025
1742342400,125.33,136.08,124.2,135.33,45.46845089,19/03/2025
1742428800,135.33,136.12,126.65,127.6,41.91562045373783,20/03/2025
1742515200,127.6,130.18,124.81,128.48,42.46677187,21/03/2025
1742601600,128.47,131.84,127.8,128.51,42.486807466886965,22/03/2025
1742688000,128.5,134.06,128.21,132.84,45.44011286695466,23/03/2025
1742774400,132.85,144.96,132.04,141.01,50.59512328,24/03/2025
1742860800,141.01,147.48,138.17,143.64,52.162044181075146,25/03/2025
1742947200,143.64,145.49,135.89,137.34,48.21704155188789,26/03/2025
1743033600,137.35,140.22,135.63,138.43,48.93661140118708,27/03/2025
1743120000,138.44,139.05,127.69,129.49,43.58681846675176,28/03/2025
1743206400,129.5,130.54,122.68,124.58,40.93968274366245,29/03/2025
1743292800,124.58,127.08,123,124.82,41.127893762539316,30/03/2025
1743379200,124.83,127.81,122.75,124.54,40.96387942191862,31/03/2025
1743465600,124.53,130.55,123.74,126.67,42.831582269862466,01/04/2025
1743552000,126.68,136.21,117,117.42,37.31112418095657,02/04/2025
1743638400,117.42,120.94,112.24,117.17,37.171678159974554,03/04/2025
1743724800,117.17,124,113.25,122.79,42.384667697069936,04/04/2025
1743811200,122.8,122.85,117.15,120.32,40.783058667342054,05/04/2025
1743897600,120.33,121.13,103.81,105.91,32.95839773,06/04/2025
1743984000,105.9,113,95.26,106.99,33.980750493939425,07/04/2025
1744070400,106.98,112.58,102.96,105.4,33.178569985566625,08/04/2025
1744156800,105.4,121,101.26,119.05,45.149772605430066,09/04/2025
1744243200,119.05,119.3,108.21,112.81,41.49040288874006,10/04/2025
1744329600,112.8,122.65,112.16,121.41,47.77306633407797,11/04/2025
1744416000,121.41,134.11,119.41,132.24,54.41178099736644,12/04/2025
1744502400,132.24,133.96,125.32,128.38,51.88051778402609,13/04/2025
1744588800,128.38,136.13,127.98,129.42,52.52139238247574,14/04/2025
1744675200,129.41,134.45,125.82,126.11,50.22851016,15/04/2025
1744761600,126.1,133.91,123.49,131.33,53.66401900311889,16/04/2025
1744848000,131.33,136.2,129.5,134.83,55.86383931017052,17/04/2025
1744934400,134.84,136.02,132.47,134.04,55.22651539322611,18/04/2025
1745020800,134.05,140.5,133.58,139.87,58.94857890535765,19/04/2025
1745107200,139.86,141.96,135.64,137.86,57.183572231575205,20/04/2025
1745193600,137.86,143.25,133.82,136.56,56.01538536758451,21/04/2025
1745280000,136.57,150.23,134.68,148.79,63.557843286708874,22/04/2025
1745366400,148.78,154.21,147.13,151.1,64.78611992,23/04/2025
1745452800,151.1,152.9,144.87,152.55,65.57056531964116,24/04/2025
1745539200,152.55,157,149.87,150.82,63.74597899105945,25/04/2025
1745625600,150.82,153.17,147.75,149.21,62.01645387108011,26/04/2025
1745712000,149.22,150.41,145.51,147.98,60.66233399274768,27/04/2025
1745798400,147.97,153.4,144.63,147.84,60.50040817596592,28/04/2025
1745884800,147.84,150.39,145,146.31,58.657644355102896,29/04/2025
1745971200,146.3,148.67,140.32,147.54,59.71983143796977,30/04/2025
1746057600,147.54,153.99,147.54,150.85,62.511186354704876,01/05/2025
1746144000,150.85,151.91,147.3,148.05,58.799171477360915,02/05/2025
1746230400,148.04,149.05,145.82,146.71,57.05309747878068,03/05/2025
1746316800,146.71,147.81,143.5,143.95,53.52731233759919,04/05/2025
1746403200,143.94,147.73,142.5,146.72,56.437021311567364,05/05/2025
1746489600,146.72,147.23,141.41,146.88,56.60602884230953,06/05/2025
1746576000,146.89,149.54,144.68,147.32,57.09894587962071,07/05/2025
1746662400,147.32,164.6,147.08,164.46,70.94461378344525,08/05/2025
1746748800,164.46,176.15,161.07,172.78,75.13894476011959,09/05/2025
1746835200,172.77,178.98,168.72,177.89,77.30581494689422,10/05/2025
1746921600,177.89,180.26,169.35,173.19,71.16219538273046,11/05/2025
1747008000,173.2,181.46,168.31,174.22,71.69311441195558,12/05/2025
1747094400,174.22,184.83,166.18,183.75,76.08095030996738,13/05/2025
1747180800,183.75,184.88,173.23,176.64,67.65498834523315,14/05/2025
1747267200,176.63,178.33,166.7,169.16,60.11233969238929,15/05/2025
1747353600,169.16,174.21,166.36,167.4,58.460816471496784,16/05/2025
1747440000,167.4,169.99,164.01,165.94,57.06032595590931,17/05/2025
1747526400,165.94,176.77,164.54,173.3,62.00211660388569,18/05/2025
1747612800,173.3,173.94,159.44,166.86,55.93601274378621,19/05/2025
1747699200,166.87,173.11,164.51,168.59,57.14887226357423,20/05/2025
1747785600,168.59,175.99,165.51,173.53,60.492882382076395,21/05/2025
1747872000,173.54,180.87,172.59,179.68,64.23483598,22/05/2025
1747958400,179.68,187.71,173.23,174.01,58.71338991,23/05/2025
1748044800,174,178.33,172.5,175.87,59.930175951064605,24/05/2025
1748131200,175.87,176.88,169.14,175.74,59.79752715581792,25/05/2025
1748217600,175.75,179.02,173.48,174.91,58.90112931400054,26/05/2025
1748304000,174.92,179.41,171.24,176.71,60.291343967765414,27/05/2025
1748390400,176.72,177.45,168.92,172.21,55.258900500344126,28/05/2025
1748476800,172.22,175.34,165.96,166.71,49.788855010560155,29/05/2025
1748563200,166.71,167.51,155.22,156.2,41.36281533750796,30/05/2025
1748649600,156.2,158.01,152.14,156.45,41.61592442891887,31/05/2025
1748736000,156.45,157.92,150.59,157.68,42.921367625604084,01/06/2025
1748822400,157.68,158.93,151.67,156.83,42.218832110209775,02/06/2025
1748908800,156.83,163.64,154.14,155.19,40.83020419966502,03/06/2025
1748995200,155.19,157.97,152.94,153.26,39.196313352270884,04/06/2025
1749081600,153.27,154.61,141.53,144.29,32.655677082576815,05/06/2025
1749168000,144.28,152.39,144.11,147.83,37.11546430012089,06/06/2025
1749254400,147.82,152.84,146.84,150.06,39.81915920733896,07/06/2025
1749340800,150.07,155.3,147.88,152.45,42.66438052956257,08/06/2025
1749427200,152.45,161.73,149.58,161.16,51.63798857752606,09/06/2025
1749513600,161.16,165.67,156.32,165.12,55.080233673814746,10/06/2025
1749600000,165.12,168.36,159.21,160.97,50.98466162741281,11/06/2025
1749686400,160.98,161.28,152.02,152.32,43.69218200403787,12/06/2025
1749772800,152.32,152.59,140.21,148.6,40.97765421401298,13/06/2025
1749859200,148.6,148.7,141.97,144.64,38.25310779379716,14/06/2025
1749945600,144.65,153.54,144.22,152.97,46.33596556,15/06/2025
1750032000,152.97,158.8,150.3,150.72,44.63631227038461,16/06/2025
1750118400,150.73,154.33,145.61,147.57,42.29712143441572,17/06/2025
1750204800,147.58,149.28,143.65,146.34,41.38510914067376,18/06/2025
1750291200,146.35,147.9,142.92,147.04,42.14960271281572,19/06/2025
1750377600,147.04,148.81,135.69,140.11,37.00401897169509,20/06/2025
1750464000,140.11,142.6,130.9,135.43,33.98653254618198,21/06/2025
1750550400,135.43,137.62,126,131.71,31.768943954220333,22/06/2025
1750636800,131.71,146.92,130.68,144.51,45.05396365485846,23/06/2025
1750723200,144.51,146.77,142.31,145.92,46.29445312,24/06/2025
1750809600,145.93,147.95,142.25,143.57,44.491568792560734,25/06/2025
1750896000,143.57,148,138.62,139.06,41.177283002383504,26/06/2025
1750982400,139.05,144.85,137.14,142.09,44.18550580409416,27/06/2025
1751068800,142.09,152.7,141.13,150.72,51.75354205,28/06/2025
1751155200,150.73,154.77,149.36,153.32,53.786607220688936,29/06/2025
1751241600,153.32,159.99,149.45,154.81,54.95799629894393,30/06/2025
1751328000,154.82,155.64,144.85,146.88,47.98652813289015,01/07/2025
1751414400,146.87,154.47,145.85,152.27,52.40577142449291,02/07/2025
1751500800,152.28,156.35,149.86,152.36,52.478375629180746,03/07/2025
1751587200,152.35,153.88,145.22,147.7,48.36440296111058,04/07/2025
1751673600,147.69,148.7,145.9,147.55,48.23332844100234,05/07/2025
1751760000,147.55,153.89,146.78,151.86,52.238669957674176,06/07/2025
1751846400,151.86,153.6,147.7,148.88,49.393038018928095,07/07/2025
1751932800,148.89,152.88,147.85,151.67,52.02784305,08/07/2025
1752019200,151.68,157.93,150.53,157.05,56.708468826273666,09/07/2025
1752105600,157.06,165.43,155.64,164.34,62.104041061215185,10/07/2025
1752192000,164.33,168.2,159.54,162.93,60.53259272235668,11/07/2025
1752278400,162.92,163.9,157.74,160.69,58.020834637360224,12/07/2025
1752364800,160.7,164.19,159.63,161.15,58.402558795706085,13/07/2025
1752451200,161.15,168.65,160.61,162.21,59.32051923368345,14/07/2025
1752537600,162.21,164.26,157.23,163.98,60.873205466050756,15/07/2025
1752624000,163.98,176,161.51,173.63,68.03634574049826,16/07/2025
1752710400,173.62,178.19,168.71,175.87,69.43514968352419,17/07/2025
1752796800,175.88,184.67,173.24,177.28,70.31575678305586,18/07/2025
1752883200,177.28,178.61,174,176.96,69.82407889945239,19/07/2025
1752969600,176.97,183.66,176.33,181.43,72.69614370974672,20/07/2025
1753056000,181.44,199.28,178.25,195.72,79.43483180422872,21/07/2025
1753142400,195.72,206.3,193.75,205.7,82.65456295029578,22/07/2025
1753228800,205.7,205.75,183.97,189.4,64.80789945933486,23/07/2025
1753315200,189.4,191.87,179.21,182.87,59.285254201165756,24/07/2025
1753401600,182.88,186.85,175.63,186.76,61.39570822285416,25/07/2025
1753488000,186.75,189.78,184.29,184.88,59.782858964020555,26/07/2025
1753574400,184.89,190.7,184.53,188.64,61.93652744061296,27/07/2025
1753660800,188.64,195.26,182.16,183.11,57.093917696684066,28/07/2025
1753747200,183.1,186.68,178.3,181.48,55.71123489554651,29/07/2025
1753833600,181.47,182.56,170.29,177.77,52.589454352426976,30/07/2025
1753920000,177.77,182.7,171.44,172.22,48.23507465612246,31/07/2025
1754006400,172.22,172.26,159.2,162.71,41.84196797615079,01/08/2025
1754092800,162.71,165.3,155.83,158.48,39.344080177439615,02/08/2025
1754179200,158.49,163.14,156.28,161.97,42.39940598876919,03/08/2025
1754265600,161.98,169.8,161.26,169.55,48.47052211606472,04/08/2025
1754352000,169.55,171.73,161.3,164.09,44.80702535955386,05/08/2025
1754438400,164.09,169.93,161.13,168.09,47.91301069449686,06/08/2025
1754524800,168.1,175.51,166.7,175.36,53.081019762265505,07/08/2025
1754611200,175.37,179.66,173.43,176.78,54.04022279506901,08/08/2025
1754697600,176.79,183.45,176.64,179.95,56.19329299,09/08/2025
1754784000,179.96,186.18,177.51,182.66,58.004538583518396,10/08/2025
1754870400,182.67,186.8,173.43,174.84,51.400276014362376,11/08/2025
1754956800,174.83,193.76,173.6,191.78,61.59993498083486,12/08/2025
1755043200,191.77,204.96,191.48,201.51,66.01217688825358,13/08/2025
1755129600,201.51,209.86,186.68,192.47,59.20557665,14/08/2025
1755216000,192.46,198.07,183.3,185.72,54.67247989381771,15/08/2025
1755302400,185.71,190.06,185.2,189.6,56.72362274525776,16/08/2025
1755388800,189.61,195.89,187.35,190.99,57.46619033483864,17/08/2025
1755475200,191,191.33,180,182.94,51.91086934992773,18/08/2025
1755561600,182.94,185.87,175.69,176.22,47.760175157329684,19/08/2025
1755648000,176.22,187.97,176.04,187.94,54.581083681438706,20/08/2025
1755734400,187.95,190.1,179.43,180.29,49.992643039737196,21/08/2025
1755820800,180.3,202.4,177.27,200.69,59.71767267552081,22/08/2025
1755907200,200.69,208.62,195.26,204.14,61.09560935396249,23/08/2025
1755993600,204.15,211.99,201.09,205.98,61.84523917213341,24/08/2025
1756080000,205.99,213.6,185.33,187.2,51.03616048214466,25/08/2025
1756166400,187.19,198.1,185.58,195.86,54.94652867063312,26/08/2025
1756252800,195.85,212.08,193.78,202.95,57.910212974730634,27/08/2025
1756339200,202.95,216.89,201.72,214.43,62.24133705,28/08/2025
1756425600,214.43,218,199.85,205.08,57.08871191820806,29/08/2025
1756512000,205.09,207.06,197.52,202.7,55.82192242612526,30/08/2025
1756598400,202.7,206.66,200.28,200.62,54.67995576831212,31/08/2025
1756684800,200.62,204.58,194.19,197.32,52.83327652313738,01/09/2025
1756771200,197.32,209.68,196.77,209.65,58.47608633788031,02/09/2025
1756857600,209.64,213.02,207.42,210.77,58.95642168980715,03/09/2025
1756944000,210.77,211.94,201.84,202.32,53.89131687,04/09/2025
1757030400,202.32,210,200.95,203.36,54.41045613747403,05/09/2025
1757116800,203.37,204.68,199.32,200.16,52.45351795964388,06/09/2025
1757203200,200.17,207.95,200.12,206.35,55.76758113378108,07/09/2025
1757289600,206.35,217.11,205.59,214.11,59.57193658675747,08/09/2025
1757376000,214.11,219.79,210.79,217.21,61.01447837699916,09/09/2025
1757462400,217.22,226,215.09,224.07,64.06976934134283,10/09/2025
1757548800,224.06,228.95,221.72,228.73,66.01801812824885,11/09/2025
1757635200,228.73,244.04,228.11,242.18,70.91930615268521,12/09/2025
1757721600,242.18,244.14,235.73,242.38,70.98631879618566,13/09/2025
1757808000,242.38,249.6,239.23,239.76,68.75126162240446,14/09/2025
1757894400,239.75,244,230.15,234.31,64.22151,15/09/2025
1757980800,234.32,240.95,231.26,236.96,65.41472580198834,16/09/2025
1758067200,236.96,246.62,232.23,244.84,68.75194688462747,17/09/2025
1758153600,244.84,253.51,242.58,247.5,69.81091717670473,18/09/2025
1758240000,247.5,248.57,235.12,238.53,62.16072455249111,19/09/2025
1758326400,238.53,241.22,236.91,239.48,62.62782814712211,20/09/2025
1758412800,239.48,241.82,235.32,236.16,59.84738060149035,21/09/2025
1758499200,236.16,236.96,214.5,220.38,48.765496496953325,22/09/2025
1758585600,220.39,221.71,212.34,213.3,44.760735409319736,23/09/2025
1758672000,213.29,216.45,204.81,211.6,43.82997997309843,24/09/2025
1758758400,211.61,212.44,191.32,192.74,35.10789023828457,25/09/2025
1758844800,192.73,205.52,190.8,205.17,43.13903781374011,26/09/2025
1758931200,205.16,205.43,199.88,203.46,42.362299191262736,27/09/2025
1759017600,203.47,211,198,210.83,46.807684434796414,28/09/2025
1759104000,210.83,214.74,204.58,212.75,47.934292748089604,29/09/2025
1759190400,212.74,213.67,204.29,208.68,45.72353226770612,30/09/2025
1759276800,208.68,222.77,206.31,222.04,53.33221219920459,01/10/2025
1759363200,222.04,234.99,219.52,234.74,59.188969719826034,02/10/2025
1759449600,234.74,237,227.13,232.84,58.01590581918131,03/10/2025
1759536000,232.84,234.05,224.07,227.86,54.94230012643761,04/10/2025
1759622400,227.86,237.22,226.45,228.56,55.300771502071704,05/10/2025
1759708800,228.56,237.79,227.55,232.35,57.28238222382225,06/10/2025
1759795200,232.35,235.21,219.7,219.97,49.55439165942816,07/10/2025
1759881600,219.98,229.72,217.3,229.02,54.397727814746425,08/10/2025
1759968000,229.03,229.69,216.53,220.93,49.795229743875126,09/10/2025
1760054400,220.93,224.46,168.79,188.43,36.45216247387703,10/10/2025
1760140800,188.43,191.05,172.58,177.62,33.25978398534407,11/10/2025
1760227200,177.63,199,173,197,42.91241132629691,12/10/2025
1760313600,196.99,209.28,190.02,208.69,47.81524337091065,13/10/2025
1760400000,208.69,211.25,191.03,202.44,45.562246267213666,14/10/2025
1760486400,202.45,208.91,192.04,193.84,42.58859079246337,15/10/2025
1760572800,193.84,198.42,182.03,184.85,39.67362582387308,16/10/2025
1760659200,184.84,187.55,174.06,181.96,38.755305762518404,17/10/2025
1760745600,181.97,188.26,181.75,187.56,41.577253808607544,18/10/2025
1760832000,187.55,192.29,183.19,187.86,41.73214527199818,19/10/2025
1760918400,187.86,194.5,183.82,189.71,42.74030581646609,20/10/2025
1761004800,189.71,197.71,182.72,185.63,41.053280303062756,21/10/2025
1761091200,185.62,187.45,177.04,180.12,38.82450604330006,22/10/2025
1761177600,180.13,193.45,179.68,191.35,45.338034346517624,23/10/2025
1761264000,191.36,197,188.83,193.59,46.56027295041425,24/10/2025
1761350400,193.58,195.25,191.19,193.84,46.70350693005051,25/10/2025
1761436800,193.84,202.43,191.9,200.03,50.258479145876265,26/10/2025
1761523200,200.03,205.33,197.34,198.7,49.49457156106636,27/10/2025
1761609600,198.71,203.99,190.22,194.15,46.869928728885014,28/10/2025
1761696000,194.16,201.7,189.37,193.88,46.71163098508857,29/10/2025
1761782400,193.89,198.19,178.65,184.69,41.56582648161039,30/10/2025
1761868800,184.69,190.26,183.7,187.21,43.40686024433396,31/10/2025
1761955200,187.21,187.55,183.79,186.35,42.90999806939482,01/11/2025
1762041600,186.35,188.34,182,187.71,44.00163458293599,02/11/2025
1762128000,187.71,189.13,163.15,166.06,33.13851209286321,03/11/2025
1762214400,166.06,168.42,145.85,155.03,29.18528229680173,04/11/2025
1762300800,155.04,163.97,147.29,162.37,34.76254730680705,05/11/2025
1762387200,162.37,162.91,153.45,155.28,32.13018402,06/11/2025
1762473600,155.27,164.48,149.82,161.79,36.85811584713395,07/11/2025
1762560000,161.8,164.89,155.8,158.02,35.32348771101363,08/11/2025
1762646400,158.01,166.57,155.11,164.53,39.97134674172225,09/11/2025
1762732800,164.53,170.48,163.42,167.31,41.89175089044909,10/11/2025
1762819200,167.31,171.94,153.93,154.63,36.20276430946717,11/11/2025
1762905600,154.63,161.14,151.2,153.42,35.70447695,12/11/2025
1762992000,153.43,157.2,141.04,144.73,32.26931672126479,13/11/2025
1763078400,144.74,145.68,135.76,138.92,30.17873839730376,14/11/2025
1763164800,138.93,144.69,138.61,139.61,30.752509084431978,15/11/2025
1763251200,139.6,143.38,134.42,137.17,29.819311312173056,16/11/2025
1763337600,137.17,143.28,128.82,130.99,27.53982181247936,17/11/2025
1763424000,131,142.17,129,140.69,35.831286607738704,18/11/2025
1763510400,140.68,142.84,130.53,137.06,34.25173432915865,19/11/2025
1763596800,137.06,144.8,131.11,133.67,32.79764201367658,20/11/2025
1763683200,133.67,135.06,121.66,128.68,30.72963349290417,21/11/2025
1763769600,128.69,129.94,125.08,127.59,30.280491910912687,22/11/2025
1763856000,127.6,133.54,127.56,130.58,33.16619372875405,23/11/2025
1763942400,130.58,139.87,128.44,138.44,40.17603773863516,24/11/2025
1764028800,138.43,140.5,133.13,138.96,40.61976848850914,25/11/2025
1764115200,138.96,144.75,135.5,143.02,44.105702996008034,26/11/2025
1764201600,143.01,144.29,140.47,140.85,42.66405943579176,27/11/2025
1764288000,140.85,143.6,136.01,137.33,40.35955710129442,28/11/2025
1764374400,137.33,138.1,134.76,135.91,39.434181234777725,29/11/2025
1764460800,135.92,140.19,133.26,133.48,37.83545765151572,30/11/2025
1764547200,133.48,133.74,123.11,126.66,33.70534316054115,01/12/2025
1764633600,126.66,140.88,126.01,138.68,45.08347418264682,02/12/2025
1764720000,138.67,146.08,137.76,144.67,49.71513482656162,03/12/2025
1764806400,144.67,146.91,137.8,139.01,45.785635524943935,04/12/2025
1764892800,139.01,140.75,130.73,133.29,42.159005652070825,05/12/2025
1764979200,133.29,134.13,131.28,132.19,41.478582266765564,06/12/2025
1765065600,132.2,136.35,127.7,132.24,41.52478022027616,07/12/2025
1765152000,132.25,139.36,131.52,133.25,42.51201632120313,08/12/2025
1765238400,133.24,144.93,131.62,137.88,46.93487119011285,09/12/2025
1765324800,137.87,142.57,135.39,136.26,45.61257451798756,10/12/2025
1765411200,136.26,137.79,129,136.41,45.76493571002257,11/12/2025
1765497600,136.41,140.12,130.35,132.27,42.247167479811125,12/12/2025
1765584000,132.28,134.28,131.6,133.14,43.234631816747765,13/12/2025
1765670400,133.13,133.66,127.98,129.4,40.06336632736075,14/12/2025
1765756800,129.39,135.43,123.63,127.81,38.76165885756133,15/12/2025
1765843200,127.81,130.14,124.87,129.15,40.51578197880418,16/12/2025
1765929600,129.15,133.99,121.36,123.27,35.68537100171049,17/12/2025
1766016000,123.28,129.05,116.88,119.6,33.037818157931355,18/12/2025
1766102400,119.6,127.87,117.61,126.27,41.52850924528429,19/12/2025
1766188800,126.27,126.89,125.3,125.81,41.141068145559274,20/12/2025
1766275200,125.8,126.62,123.4,126.03,41.42254286486167,21/12/2025
1766361600,126.03,128.78,124.2,125.93,41.32580192316808,22/12/2025
1766448000,125.93,126.93,122.16,124.01,39.42209885746792,23/12/2025
1766534400,124.02,124.3,120.63,122.53,37.97010465038279,24/12/2025
1766620800,122.52,124.46,119.71,120.06,35.612619418660586,25/12/2025
1766707200,120.05,125.14,119.24,122.26,39.23167193544903,26/12/2025
1766793600,122.27,125.08,121.86,124.73,43.09868289481063,27/12/2025
1766880000,124.74,125.64,123.08,125.27,43.938613563568396,28/12/2025
1766966400,125.27,130.16,122.36,123.28,41.50704280099824,29/12/2025
1767052800,123.28,126.52,122.58,125.01,44.38831524642411,30/12/2025
1767139200,125.02,132.75,122.99,124.65,43.903671438626084,31/12/2025
1767225600,124.64,127.25,124.15,126.9,47.74388869876738,01/01/2026
1767312000,126.91,133.25,125.84,132.29,55.58752217246449,02/01/2026
1767398400,132.28,133.99,129.6,133.37,56.98087607616242,03/01/2026
1767484800,133.37,135.54,133.12,134.12,57.96708324238995,04/01/2026
1767571200,134.12,139.87,133.18,137.9,62.61843602103888,05/01/2026
1767657600,137.91,143.48,136.19,141.08,66.02466260126744,06/01/2026
1767744000,141.08,141.4,134.41,136.39,57.67726449,07/01/2026
1767830400,136.39,140.07,132.67,138.37,59.977769863938484,08/01/2026
1767916800,138.37,141.17,134.98,135.97,56.00402912089619,09/01/2026
1768003200,135.96,137.05,135.37,135.84,55.78841854469895,10/01/2026
1768089600,135.85,141.6,135.75,139.7,60.634544565131556,11/01/2026
1768176000,139.69,144.4,138.34,139.22,59.75736459615802,12/01/2026
1768262400,139.21,148.74,137.82,145.51,66.58022125889599,13/01/2026
1768348800,145.52,148.44,143.37,146.69,67.68703043327307,14/01/2026
1768435200,146.7,146.73,140.9,142.4,59.917689074064086,15/01/2026
1768521600,142.41,145.55,140.26,144.89,62.60096812789572,16/01/2026
1768608000,144.9,144.99,143.32,143.72,60.54981946395001,17/01/2026
1768694400,143.73,144,137.74,137.87,51.469151690027466,18/01/2026
1768780800,137.87,137.87,130,133.44,45.86029525137068,19/01/2026
1768867200,133.44,134.63,124.68,125.8,38.14076269838142,20/01/2026
1768953600,125.81,132.17,125.26,129.54,43.18270250218049,21/01/2026
1769040000,129.53,130.94,126.73,128.47,42.12484238712332,22/01/2026
1769126400,128.47,130.2,125.28,127.43,41.07168047957224,23/01/2026
1769212800,127.43,128.12,126.64,127.21,40.839082011654185,24/01/2026
1769299200,127.22,127.46,117.15,118.85,33.15514798005046,25/01/2026
1769385600,118.85,125.6,118.53,124.24,40.878727156951854,26/01/2026
1769472000,124.24,127.84,123.12,127.19,44.64836009253062,27/01/2026
1769558400,127.18,128.34,124.78,125.35,42.81466011848867,28/01/2026
1769644800,125.34,125.51,115.39,117.82,36.252810359752424,29/01/2026
1769731200,117.82,119.12,112.14,117.59,36.07096214092527,30/01/2026
1769817600,117.6,118.85,96.4,105.58,28.134792485555238,31/01/2026
1769904000,105.58,106.69,98.02,100.79,25.705619305405435,01/02/2026
1769990400,100.78,106.12,95.95,104.55,30.759358860692274,02/02/2026
1770076800,104.54,105.1,96.64,97.89,27.226546904143092,03/02/2026
1770163200,97.89,99.67,89.3,92.12,24.591356525075838,04/02/2026
1770249600,92.11,93.43,81.61,82.23,20.86384538769029,05/02/2026