time,high,low,close,RSI,date
1563840000,30.94,28.9471,29.4929,45.55793069905582,23/07/2019
1563926400,29.5057,27.7426,28.8261,43.74067369059731,24/07/2019
1564012800,29.6596,28.4444,28.9227,44.08862522218944,25/07/2019
1564099200,29.05,28.1641,28.9,44.01972748019095,26/07/2019
1564185600,29.4502,27.2061,27.7498,40.56097849345629,27/07/2019
1564272000,27.8459,26.42,27.7555,40.58589272218191,28/07/2019
1564358400,28.0419,26.8202,26.9525,38.15927542792091,29/07/2019
1564444800,27.1198,26.202,26.9867,38.32839997460255,30/07/2019
1564531200,27.83,26.78,27.75,42.13224282264288,31/07/2019
1564617600,28.7664,27.45,28.7088,46.58868302204938,01/08/2019
1564704000,28.7186,27.5643,28.14,44.40399358111892,02/08/2019
1564790400,28.3409,27.5,27.7333,42.85651242263658,03/08/2019
1564876800,27.7719,27.0852,27.3834,41.51599266684321,04/08/2019
1564963200,28.3,27.3011,28.0114,44.85025876,05/08/2019
1565049600,28.3125,27.3333,27.6523,43.32907055041576,06/08/2019
1565136000,29.98,27.333,29.6694,52.97683263,07/08/2019
1565222400,31.8791,29.1914,31.1074,58.41241510112214,08/08/2019
1565308800,31.5,29.6666,29.8188,52.55031222,09/08/2019
1565395200,30.02,29.0333,29.6661,51.88580089098058,10/08/2019
1565481600,30.4458,29.3,30.2439,54.24357585317439,11/08/2019
1565568000,30.5936,29.823,30.1856,53.95626852830107,12/08/2019
1565654400,30.4496,29.2,29.4512,50.33922520451322,13/08/2019
1565740800,29.4693,26.75,27.0256,40.647216183688165,14/08/2019
1565827200,28.2174,26.7,28.1058,45.66441490806418,15/08/2019
1565913600,28.1313,26.788,27.5111,43.48500852644053,16/08/2019
1566000000,27.9605,26.9863,27.5038,43.457590539235866,17/08/2019
1566086400,28.1797,27.0511,27.8977,45.45602805719467,18/08/2019
1566172800,29.1779,27.6884,28.7931,49.799528332515706,19/08/2019
1566259200,28.8079,27.52,28.0286,46.40191406720747,20/08/2019
1566345600,28.051,26.3,26.925,41.95228926816158,21/08/2019
1566432000,27.3301,26.211,26.9731,42.21238923888254,22/08/2019
1566518400,27.2864,26.5,26.94,42.07268068687454,23/08/2019
1566604800,26.9586,26.01,26.2814,39.28652674477626,24/08/2019
1566691200,26.4,25.57,26.0888,38.483918801035784,25/08/2019
1566777600,27.1908,25.6502,26.1257,38.74213083058301,26/08/2019
1566864000,26.1507,24.6224,25.6051,36.41947947153429,27/08/2019
1566950400,26.129,23.203,23.3565,28.477981187871876,28/08/2019
1567036800,23.3559,21.2202,21.7777,24.44713459,29/08/2019
1567123200,22.5678,21.5,22.1448,27.033285211157136,30/08/2019
1567209600,22.37,20.8857,21.0604,24.378663866274664,31/08/2019
1567296000,21.6828,20.98,21.4248,26.97377609,01/09/2019
1567382400,22.8303,21.01,22.7449,35.596323697234425,02/09/2019
1567468800,22.89,22.1615,22.3511,34.295416252400685,03/09/2019
1567555200,22.5998,21.4699,21.6764,32.128924119860116,04/09/2019
1567641600,23.5213,21.3,22.6388,38.132540175944676,05/09/2019
1567728000,23.445,21.6997,21.9906,35.83345552010134,06/09/2019
1567814400,22.65,21.91,22.3996,38.358848306208664,07/09/2019
1567900800,22.7321,22,22.4111,38.43222075063929,08/09/2019
1567987200,22.4901,21.74,22.0978,37.13534911,09/09/2019
1568073600,22.3262,21.5,21.7679,35.76671557626611,10/09/2019
1568160000,22.0724,20.5413,20.7334,31.80788170996503,11/09/2019
1568246400,20.9572,19.65,20.82,32.481606298344744,12/09/2019
1568332800,21.2475,20.4088,20.788,32.35440299880098,13/09/2019
1568419200,21.15,20.6714,20.9555,33.81545930908206,14/09/2019
1568505600,21.0419,20.2619,20.2901,30.95514998702295,15/09/2019
1568592000,20.8,19.8775,20.2422,30.75348548640541,16/09/2019
1568678400,21.439,20.03,21.0473,38.05784062536332,17/09/2019
1568764800,23.17,20.9442,22.2018,46.73460679015948,18/09/2019
1568851200,22.4383,20.0022,21.5376,43.00249357885317,19/09/2019
1568937600,21.5764,20.9005,21.2695,41.55980580303449,20/09/2019
1569024000,21.4494,20.8096,20.9666,39.929894333286406,21/09/2019
1569110400,20.9912,20,20.3602,36.81687358454517,22/09/2019
1569196800,20.364,19.1614,19.3228,32.19289678857024,23/09/2019
1569283200,19.5,14.5,15.8249,22.10971314651424,24/09/2019
1569369600,16.4882,14.8945,16.0321,23.63550795197081,25/09/2019
1569456000,16.4,14.2555,15.2212,21.832956726588492,26/09/2019
1569542400,15.777,14.7,15.6666,25.20700428236762,27/09/2019
1569628800,15.8729,15.2911,15.7346,25.73406488220003,28/09/2019
1569715200,15.7953,14.8018,15.1999,24.284887100543955,29/09/2019
1569801600,15.8506,14.62,15.8349,29.37163978806838,30/09/2019
1569888000,16.28,15.6295,15.8563,29.543432313056826,01/10/2019
1569974400,15.8892,15.5,15.8742,29.69746753910829,02/10/2019
1570060800,15.929,15.25,15.6377,28.801531619386736,03/10/2019
1570147200,15.82,15.21,15.6133,28.705312102919706,04/10/2019
1570233600,15.7794,15.3644,15.6869,29.47071436790634,05/10/2019
1570320000,15.7299,14.9,15.0688,26.862492724700544,06/10/2019
1570406400,16.128,14.8555,16.0255,36.26480863436883,07/10/2019
1570492800,16.4007,15.7959,16.0213,36.24278066847815,08/10/2019
1570579200,17.9999,15.8829,17.7177,49.567623512932165,09/10/2019
1570665600,17.918,17.031,17.5288,48.35571750869765,10/10/2019
1570752000,17.7,16.51,16.5666,42.63726804424328,11/10/2019
1570838400,17.4868,16.5059,17.17,46.879706567383714,12/10/2019
1570924800,18.7699,17.111,18.256,53.53974214896368,13/10/2019
1571011200,18.6275,17.8511,18.4376,54.56556395822993,14/10/2019
1571097600,19.17,18.1,18.5643,55.307002653800026,15/10/2019
1571184000,18.647,17.3627,17.7401,49.63286192141694,16/10/2019
1571270400,18.8346,17.562,18.5188,54.39353778314495,17/10/2019
1571356800,18.7501,17.6733,18.2188,52.34096381174779,18/10/2019
1571443200,18.4444,17.8575,18.2229,52.36741851627799,19/10/2019
1571529600,18.58,17.7152,18.4997,54.21518070938922,20/10/2019
1571616000,18.5171,17.91,18.2551,52.285016503852304,21/10/2019
1571702400,18.8,18.0692,18.2286,52.06873247144096,22/10/2019
1571788800,18.27,16.1213,16.6796,41.31134581067515,23/10/2019
1571875200,17.0987,16.31,16.9194,43.26550270382293,24/10/2019
1571961600,19.111,16.7516,18.6188,54.76145652288786,25/10/2019
1572048000,19.7653,18.0308,18.9501,56.60742274560039,26/10/2019
1572134400,19.63,18.4744,19.2888,58.473044811299985,27/10/2019
1572220800,21.15,19.26,19.939,61.86283689045214,28/10/2019
1572307200,21.2378,19.81,20.7452,65.61119104750958,29/10/2019
1572393600,20.7975,19.1076,20.052,60.13798787220915,30/10/2019
1572480000,20.37,19.3529,19.9099,59.05054176651997,31/10/2019
1572566400,20.0399,19.6424,19.9999,59.54944514760721,01/11/2019
1572652800,20.3,19.96,20.1745,60.55351293220555,02/11/2019
1572739200,20.39,19.8053,20.1874,60.63126646814202,03/11/2019
1572825600,20.88,20.0285,20.6139,63.21304877597377,04/11/2019
1572912000,20.89,20.32,20.6588,63.48454071091458,05/11/2019
1572998400,20.9399,20.4408,20.7,63.748915294552255,06/11/2019
1573084800,20.849,19.91,20.4208,60.54959964,07/11/2019
1573171200,20.5164,19.2609,19.646,52.65258615620074,08/11/2019
1573257600,19.9632,19.4626,19.6999,53.110737372167364,09/11/2019
1573344000,20.6,19.6694,20.4333,58.93359405237517,10/11/2019
1573430400,20.6277,19.7497,20.0888,55.450228582449974,11/11/2019
1573516800,20.9798,19.9443,20.9798,61.74770777,12/11/2019
1573603200,21.8,20.68,21.3846,64.22218019024146,13/11/2019
1573689600,21.6492,20.7111,21.3166,63.47931420952071,14/11/2019
1573776000,21.3353,19.9614,20.2735,53.29535795283566,15/11/2019
1573862400,20.5999,19.9,20.1631,52.33831409690171,16/11/2019
1573948800,20.4359,19.75,20.194,52.59490518299377,17/11/2019
1574035200,20.1916,18.6,19.0817,43.51365102763122,18/11/2019
1574121600,19.28,18.08,18.4997,39.655402112763554,19/11/2019
1574208000,18.7494,17.7738,18.0826,37.115472943031484,20/11/2019
1574294400,18.2399,16.34,16.7985,30.614359247061742,21/11/2019
1574380800,17.2798,14.2846,15.485,25.66269738780194,22/11/2019
1574467200,16.3483,14.957,16.232,32.36287271738114,23/11/2019
1574553600,16.506,14.9,14.9964,27.88570841664506,24/11/2019
1574640000,15.76,13.88,15.1457,29.160958137055317,25/11/2019
1574726400,15.89,14.9382,15.3564,31.01499351,26/11/2019
1574812800,16.2255,14.5811,16.0888,37.17067596615956,27/11/2019
1574899200,16.1899,15.4404,15.5333,34.64551573756641,28/11/2019
1574985600,16.2998,15.4692,16.2281,40.12447701654272,29/11/2019
1575072000,16.2765,15.4501,15.7118,37.60181729569731,30/11/2019
1575158400,15.7139,14.8,15.4297,36.260389213168885,01/12/2019
1575244800,15.62,15.019,15.1288,34.83296585852386,02/12/2019
1575331200,15.4255,15.0475,15.2542,35.96432978760477,03/12/2019
1575417600,15.88,14.8275,15.1,35.156078658018146,04/12/2019
1575504000,15.72,14.806,15.6555,40.35631618490968,05/12/2019
1575590400,15.7498,15.3,15.6666,40.459068858698004,06/12/2019
1575676800,15.8199,15.519,15.6067,40.05801141125571,07/12/2019
1575763200,15.72,15.3496,15.6121,40.115642353222796,08/12/2019
1575849600,15.799,15.1838,15.3284,38.04605183479897,09/12/2019
1575936000,15.3454,14.6,14.8088,34.53215617449828,10/12/2019
1576022400,14.9984,14.6,14.78,34.342824487119245,11/12/2019
1576108800,14.8495,14.35,14.7238,33.951633540828055,12/12/2019
1576195200,14.9775,14.66,14.8555,35.797246296249284,13/12/2019
1576281600,15,14.1629,14.3888,32.34772411509128,14/12/2019
1576368000,14.493,14.1361,14.3949,32.43936299564925,15/12/2019
1576454400,14.4356,13.258,13.4544,26.483033187666464,16/12/2019
1576540800,13.475,12.1111,12.381,21.60680109892205,17/12/2019
1576627200,13.7348,12.21,13.6158,36.16739050602814,18/12/2019
1576713600,13.7631,12.9624,13.3441,34.64267207,19/12/2019
1576800000,13.5291,13.08,13.5,36.302026846917435,20/12/2019
1576886400,13.51,13.26,13.2933,35.03206761973077,21/12/2019
1576972800,13.8309,13.2689,13.7798,40.323679617660126,22/12/2019
1577059200,13.9447,13.2,13.2998,37.11190357500364,23/12/2019
1577145600,13.5916,13.2299,13.3369,37.52609500358803,24/12/2019
1577232000,13.3522,12.85,13.0666,35.68218016509549,25/12/2019
1577318400,13.5466,13.023,13.1414,36.610431361123425,26/12/2019
1577404800,13.2981,12.8927,13.2888,38.49421380830022,27/12/2019
1577491200,13.72,13.2569,13.6779,43.28553433342255,28/12/2019
1577577600,14.2186,13.575,14.104,48.057497741035974,29/12/2019
1577664000,14.3796,13.78,13.8597,45.68412896233634,30/12/2019
1577750400,14.0564,13.64,13.7161,44.29923675731283,31/12/2019
1577836800,13.8692,13.65,13.7184,44.3283468,01/01/2020
1577923200,13.7302,12.98,13.0105,37.783331297655856,02/01/2020
1578009600,13.75,12.9801,13.6474,45.56999688808676,03/01/2020
1578096000,13.871,13.5102,13.8092,47.37199218118053,04/01/2020
1578182400,14.3133,13.791,14.0532,50.057236786090876,05/01/2020
1578268800,14.9873,14.0168,14.9471,58.42618042995306,06/01/2020
1578355200,15.187,14.456,15.0226,59.050333545341424,07/01/2020
1578441600,15.32,14.2,14.5334,53.45082620357597,08/01/2020
1578528000,14.5823,14.201,14.3978,51.97947194327136,09/01/2020
1578614400,15.0973,14.11,15.07,58.13218457427793,10/01/2020
1578700800,15.32,14.7111,14.9177,56.36991179205665,11/01/2020
1578787200,15.4707,14.8001,15.3366,59.96486261241638,12/01/2020
1578873600,15.3572,14.9295,15.1736,57.963510650660346,13/01/2020
1578960000,16.91,15.1659,16.6371,68.21949283124535,14/01/2020
1579046400,18.19,16.27,17.6655,73.17265490614608,15/01/2020
1579132800,17.6923,16.31,17.0333,66.32879759,16/01/2020
1579219200,18.4849,17.04,18.0724,71.11141783541424,17/01/2020
1579305600,18.3602,17.45,17.8088,68.45506592020283,18/01/2020
1579392000,18.495,16.6666,17.388,64.32424848079687,19/01/2020
1579478400,17.5516,16.8043,17.3235,63.689839633268754,20/01/2020
1579564800,18.2,17.2228,18.1166,67.88420369416568,21/01/2020
1579651200,18.4,17.55,17.8344,65.00673851536416,22/01/2020
1579737600,17.8344,16.7441,17.0524,57.70704521451942,23/01/2020
1579824000,17.4429,16.4288,17.1148,58.11125433805937,24/01/2020
1579910400,17.1215,16.5685,16.9555,56.62343511361011,25/01/2020
1579996800,17.499,16.8315,17.499,60.3530827,26/01/2020
1580083200,17.95,17.2198,17.67,61.47544109787491,27/01/2020
1580169600,18.16,17.4466,18.0662,64.01712227970418,28/01/2020
1580256000,18.4437,17.809,17.9134,62.309731832551805,29/01/2020
1580342400,18.7027,17.7,18.5555,66.36893942,30/01/2020
1580428800,18.88,17.8,18.2644,63.05346841606566,31/01/2020
1580515200,18.5956,18.03,18.2752,63.12706443197072,01/02/2020
1580601600,18.7714,17.8277,18.4333,64.24973589,02/02/2020
1580688000,18.8763,18.1959,18.46,64.44661065650877,03/02/2020
1580774400,18.6158,17.87,18.1778,60.64525870139061,04/02/2020
1580860800,19.4583,18.1635,19.262,68.36557396518617,05/02/2020
1580947200,20.84,19.03,20.6675,75.16667192106092,06/02/2020
1581033600,22.5221,20.5199,22.0555,79.78804208082259,07/02/2020
1581120000,22.19,20.8943,21.7888,76.82947167131302,08/02/2020
1581206400,24.3814,21.7746,24.38,83.30626693304995,09/02/2020
1581292800,25.7935,23.3,25.1465,84.67124889515794,10/02/2020
1581379200,25.74,24.1202,25.6963,85.58191325713281,11/02/2020
1581465600,26.9196,25.3402,26.4243,86.70795549812641,12/02/2020
1581552000,27.1905,24.5995,25.4579,77.99935649496011,13/02/2020
1581638400,26.513,25.0304,26.3547,80.00617709378507,14/02/2020
1581724800,26.4931,23.5288,24.2576,65.06097036692769,15/02/2020
1581811200,25.2485,21.8,23.3193,59.68847385987126,16/02/2020
1581897600,23.6,21.551,23.4555,60.20220359757164,17/02/2020
1581984000,24.4588,22.8013,24.0821,62.56579318,18/02/2020
1582070400,24.3264,21.8,22.3709,53.26262864326147,19/02/2020
1582156800,22.6741,21,22.1626,52.24425886655788,20/02/2020
1582243200,22.8639,21.7677,22.1888,52.36762100333464,21/02/2020
1582329600,22.35,21.5,21.9689,51.172796645637476,22/02/2020
1582416000,22.98,21.9275,22.8452,55.52737630942576,23/02/2020
1582502400,23.255,21.4844,22.0965,51.316422596778814,24/02/2020
1582588800,22.0967,20.0711,20.3193,42.9836463,25/02/2020
1582675200,20.5191,17.9,18.7441,37.21544223570423,26/02/2020
1582761600,19.6499,17.7051,19.2,39.736096010709325,27/02/2020
1582848000,19.7551,17.9053,18.9838,38.937730489064656,28/02/2020
1582934400,20.4,18.8,19.23,40.40610022689198,29/02/2020
1583020800,19.8994,18.488,18.902,39.05853765086622,01/03/2020
1583107200,20.0722,18.7583,19.9289,45.21845996736253,02/03/2020
1583193600,20.3865,19.3156,19.6882,44.093417934432864,03/03/2020
1583280000,20.2847,19.5131,19.95,45.67655501,04/03/2020
1583366400,21.4585,19.9401,20.7462,50.28719352805442,05/03/2020
1583452800,21.7628,20.6303,21.3389,53.45421882,06/03/2020
1583539200,21.49,19.7183,20.25,47.47082261390404,07/03/2020
1583625600,20.2612,16.7315,16.894,34.61178623427182,08/03/2020
1583712000,17.4775,15.6168,16.5888,33.717283835045336,09/03/2020
1583798400,17.4475,16.3107,16.8671,35.35782384208835,10/03/2020
1583884800,17.1388,15.41,16.5705,34.38115000990908,11/03/2020
1583971200,16.6,8.89,9.2566,19.83286047685894,12/03/2020
1584057600,11.5572,6.38,10.9204,27.362736032584124,13/03/2020
1584144000,11.2886,9.8652,10.1487,26.13650854678636,14/03/2020
1584230400,11.2644,9.9768,10.3898,27.233682070257956,15/03/2020
1584316800,10.3952,8.4422,9.4285,25.60083315898696,16/03/2020
1584403200,10.49,9.3265,10.2576,29.52551285185578,17/03/2020
1584489600,10.4301,9.6539,10.3866,30.142979751498856,18/03/2020
1584576000,12.6891,10.226,12.2597,38.56052040832706,19/03/2020
1584662400,13.65,10.4014,11.9147,37.660395343546874,20/03/2020
1584748800,12.4199,11.25,12.1,38.490896749068305,21/03/2020
1584835200,12.4754,11.0145,11.167,35.89770895932416,22/03/2020
1584921600,12.49,10.8427,12.1887,40.61587009915939,23/03/2020
1585008000,12.5834,11.91,12.426,41.68937963788418,24/03/2020
1585094400,12.7108,12.0561,12.3251,41.34711749917245,25/03/2020
1585180800,13.2565,12.19,13.199,45.51901504327778,26/03/2020
1585267200,13.3655,12.16,12.3354,42.31582528758158,27/03/2020
1585353600,12.3588,11.6414,12.1888,41.778363912017504,28/03/2020
1585440000,12.2425,11.275,11.3008,38.581750950489976,29/03/2020
1585526400,12.4277,11.2552,12.1365,43.00175088066716,30/03/2020
1585612800,12.7322,12.118,12.5451,45.08272396220761,31/03/2020
1585699200,12.7386,11.96,12.72,45.991677668346696,01/04/2020
1585785600,13.7362,12.5349,13.0166,47.57630246289189,02/04/2020
1585872000,13.57,12.9106,13.3615,49.43423142127088,03/04/2020
1585958400,14.0561,13.1724,13.7606,51.57299265,04/04/2020
1586044800,13.9638,13.4002,13.6888,51.15380255636578,05/04/2020
1586131200,15.2149,13.6371,15.1989,58.74826214998006,06/04/2020
1586217600,15.49,14.2503,14.7266,55.824846457917204,07/04/2020
1586304000,15.3486,14.57,15.0888,57.56865010603904,08/04/2020
1586390400,15.2011,14.6279,15.0096,57.038439309391485,09/04/2020
1586476800,15.0797,13.47,13.72,49.10749613224315,10/04/2020
1586563200,14.0808,13.5234,13.807,49.61646909862882,11/04/2020
1586649600,14.8399,13.6439,14.2808,52.40795689698715,12/04/2020
1586736000,15.0799,13.6289,15.0277,56.49955458361362,13/04/2020
1586822400,15.9555,14.7835,15.6148,59.450608985373805,14/04/2020
1586908800,15.8888,14.4913,14.5755,52.64240215912867,15/04/2020
1586995200,15.7669,14.116,15.7394,58.38938606383781,16/04/2020
1587081600,15.92,15.2501,15.64,57.74489146132761,17/04/2020
1587168000,16.8183,15.6242,16.6137,62.151982123515616,18/04/2020
1587254400,16.6933,15.8509,16.0683,58.47319837057198,19/04/2020
1587340800,16.4499,14.8219,14.9892,51.92452873138163,20/04/2020
1587427200,15.4416,14.6945,15.1283,52.66051528477054,21/04/2020
1587513600,15.803,14.9112,15.7104,55.715790775673646,22/04/2020
1587600000,16.4666,15.4102,16.034,57.36322029,23/04/2020
1587686400,16.2568,15.68,15.9319,56.647178867642126,24/04/2020
1587772800,16.4305,15.7761,16.2283,58.27547418341327,25/04/2020
1587859200,16.4435,16.04,16.3588,59.00553332936386,26/04/2020
1587945600,16.56,16.063,16.4229,59.38147716058315,27/04/2020
1588032000,16.49,16.1125,16.34,58.63258727,28/04/2020
1588118400,17.5171,16.3,17.3667,64.58893063749215,29/04/2020
1588204800,18.1377,16.5,16.9542,60.80103986442707,30/04/2020
1588291200,17.8551,16.9381,17.466,63.64950369902996,01/05/2020
1588377600,17.5711,17.2599,17.5333,64.01975766038629,02/05/2020
1588464000,17.81,16.8711,17.1071,59.861422714957456,03/05/2020
1588550400,17.3267,16.2556,17.0074,58.89766052775662,04/05/2020
1588636800,17.2993,16.606,16.8886,57.70546965058656,05/05/2020
1588723200,17.145,16.3018,16.3743,52.72941156148163,06/05/2020
1588809600,17.24,16.1218,17.0003,57.52998748611871,07/05/2020
1588896000,17.3977,16.823,17.1371,58.52132971645318,08/05/2020
1588982400,17.4926,16.733,16.7751,54.87132188,09/05/2020
1589068800,16.79,13.9129,15.3506,43.40011611811756,10/05/2020
1589155200,15.5468,14.01,15.0811,41.62706821,11/05/2020
1589241600,16.24,14.9586,15.7892,47.67565464385913,12/05/2020
1589328000,16.35,15.6785,16.2164,50.976093085017084,13/05/2020
1589414400,16.6982,16.0123,16.3777,52.20202166038485,14/05/2020
1589500800,16.4719,15.4606,15.7222,47.052541944876495,15/05/2020
1589587200,16.2367,15.58,16.058,49.78529043786394,16/05/2020
1589673600,16.51,16.0014,16.2959,51.68772813336389,17/05/2020
1589760000,16.862,16.2511,16.6299,54.30520543826631,18/05/2020
1589846400,17.2488,16.3,17.2098,58.508377840913674,19/05/2020
1589932800,17.3396,16.4851,16.8998,55.56590711,20/05/2020
1590019200,17.0675,15.7218,16.0888,48.66989038033536,21/05/2020
1590105600,16.924,15.9145,16.5864,52.560140234839594,22/05/2020
1590192000,16.85,16.3202,16.48,51.658582123791206,23/05/2020
1590278400,16.79,15.9074,15.9624,47.39920953332767,24/05/2020
1590364800,16.4161,15.8057,16.3807,50.92110306919253,25/05/2020
1590451200,16.4979,15.9537,16.2159,49.51450372840162,26/05/2020
1590537600,16.51,16.1554,16.47,51.72859094208459,27/05/2020
1590624000,17.1405,16.389,17.0772,56.62400394,28/05/2020
1590710400,17.198,16.6333,17.0031,55.87923603808041,29/05/2020
1590796800,17.7857,16.9291,17.7277,61.246968475754024,30/05/2020
1590883200,18.1954,16.8419,17.0916,54.929211055631015,31/05/2020
1590969600,18.1224,16.9836,17.9477,60.791208098044784,01/06/2020
1591056000,18.2,16.68,17.2669,54.69856042105189,02/06/2020
1591142400,17.6275,16.9645,17.5779,56.82719485656291,03/06/2020
1591228800,17.6527,17.0424,17.517,56.26961813332038,04/06/2020
1591315200,17.8999,17.4396,17.6914,57.554014043605754,05/06/2020
1591401600,17.7951,17.49,17.5511,56.12586169044465,06/06/2020
1591488000,17.6371,16.8526,17.4135,54.692447414319815,07/06/2020
1591574400,17.5454,17.2594,17.4489,55.01078406289576,08/06/2020
1591660800,17.5098,17.0374,17.3733,54.135990971731076,09/06/2020
1591747200,17.5833,17.13,17.406,54.47322781105262,10/06/2020
1591833600,17.5191,15.93,16.2298,42.39732610363952,11/06/2020
1591920000,16.7999,16.0869,16.6377,46.80176787685899,12/06/2020
1592006400,16.8179,16.49,16.8101,48.590955960378835,13/06/2020
1592092800,16.8398,16.4023,16.5729,46.284442768016575,14/06/2020
1592179200,16.5982,15.4,16.377,44.40952981503631,15/06/2020
1592265600,16.6481,16.1562,16.4329,45.09302528521175,16/06/2020
1592352000,16.632,15.9709,16.3983,44.72646212639573,17/06/2020
1592438400,16.5423,15.8783,16.1608,42.191141358380065,18/06/2020
1592524800,16.3106,15.8966,15.9512,40.03432473,19/06/2020
1592611200,16.0898,15.7,16.059,41.68545376946666,20/06/2020
1592697600,16.3358,15.921,15.9775,40.77142944076414,21/06/2020
1592784000,16.55,15.9499,16.5051,48.62483951500857,22/06/2020
1592870400,16.5472,16.2602,16.3898,47.153377572518906,23/06/2020
1592956800,16.6481,15.95,15.9968,42.439199698740026,24/06/2020
1593043200,16.0816,15.5,15.906,41.40912853166326,25/06/2020
1593129600,15.9996,15.5715,15.7694,39.84239542373335,26/06/2020
1593216000,15.8714,14.8,15.1242,33.41209851537825,27/06/2020
1593302400,15.4944,14.9249,15.3782,37.67653101681236,28/06/2020
1593388800,15.5901,15.204,15.4656,39.12128464971733,29/06/2020
1593475200,15.5476,15.2519,15.3838,38.22807951361112,30/06/2020
1593561600,15.8888,15.3363,15.8144,45.30711864474086,01/07/2020
1593648000,15.9796,15.0743,15.3634,40.12100306597577,02/07/2020
1593734400,15.488,15.2484,15.2863,39.29295983454271,03/07/2020
1593820800,15.6399,15.2239,15.5548,43.65426870203482,04/07/2020
1593907200,15.6135,15.1,15.4885,42.835917396297035,05/07/2020
1593993600,16.3496,15.4401,16.311,54.285172019948924,06/07/2020
1594080000,16.8757,16.0301,16.8048,59.52632117442152,07/07/2020
1594166400,17.455,16.5683,17.2819,63.83993840411207,08/07/2020
1594252800,17.5,16.4088,16.8274,57.54768850202403,09/07/2020
1594339200,17.331,16.4438,17.3123,61.866132897695586,10/07/2020
1594425600,17.6888,17.018,17.6205,64.34851562,11/07/2020
1594512000,18.59,17.5928,18.2994,69.11752187193473,12/07/2020
1594598400,18.9999,17.7282,18.4046,69.79184657184155,13/07/2020
1594684800,18.77,17.8266,18.079,65.05701639266866,14/07/2020
1594771200,18.1538,17.4194,17.6351,59.16393793769102,15/07/2020
1594857600,17.7618,16.5473,17.1647,53.62088634541779,16/07/2020
1594944000,17.4825,16.9354,17.0676,52.52690415181411,17/07/2020
1595030400,17.3247,16.8122,17.1507,53.40309717975519,18/07/2020
1595116800,18.098,16.89,18.0154,61.38882304456049,19/07/2020
1595203200,18.34,17.235,17.4645,54.92992606350587,20/07/2020
1595289600,17.9799,17.4,17.7285,57.251110884532906,21/07/2020
1595376000,18.1151,17.45,18.09,60.26859138368242,22/07/2020
1595462400,18.77,18.043,18.75,65.11067733298083,23/07/2020
1595548800,19.55,18.235,19.1853,67.89017247498957,24/07/2020
1595635200,20.0434,19.1451,19.8242,71.48130868388697,25/07/2020
1595721600,20.49,19.2639,19.5557,68.03750512584872,26/07/2020
1595808000,20.1999,18.4,19.7474,69.17920567,27/07/2020
1595894400,20.6834,19.4281,20.1732,71.60534821004005,28/07/2020
1595980800,20.4091,19.7404,19.899,67.89870768033444,29/07/2020
1596067200,20.0995,19.5111,19.97,68.35548966858677,30/07/2020
1596153600,20.855,19.9102,20.6615,72.46499981442555,31/07/2020
1596240000,21.74,20.51,21.6168,76.92354392352814,01/08/2020
1596326400,22.1832,19.1,20.9898,69.02369746951636,02/08/2020
1596412800,22.5,20.7,22.0504,73.90547067132637,03/08/2020
1596499200,22.4433,21.41,22.2818,74.83722821137007,04/08/2020
1596585600,23.54,22.0566,23.2728,78.39517313952828,05/08/2020
1596672000,23.315,22.5,22.7487,72.55241630398766,06/08/2020
1596758400,22.9999,21.4515,22.3323,68.20316726425277,07/08/2020
1596844800,22.9241,21.8571,22.9234,70.87248770142541,08/08/2020
1596931200,22.9233,22.0462,22.422,65.82456279012575,09/08/2020
1597017600,22.77,22.0462,22.6369,66.91233533644808,10/08/2020
1597104000,22.7306,20.66,21.2902,55.08074894300728,11/08/2020
1597190400,21.982,20.571,21.4919,56.32634173006085,12/08/2020
1597276800,21.856,20.64,21.7667,58.033757081189286,13/08/2020
1597363200,23.3019,21.26,23.1047,65.17310347763379,14/08/2020
1597449600,23.7884,22.7,23.0881,65.02530246724922,15/08/2020
1597536000,23.779,22.7,23.529,67.15581542093501,16/08/2020
1597622400,23.91,22.9584,23.4961,66.82867549725869,17/08/2020
1597708800,23.78,22.333,22.9705,61.660896879922134,18/08/2020
1597795200,23.25,21.8219,22.3761,56.35362839565257,19/08/2020
1597881600,23.3,22.0265,23.0888,60.719318245880345,20/08/2020
1597968000,23.32,21.5,22.0988,52.81641331,21/08/2020
1598054400,22.2464,21.2814,22.2044,53.51146820835309,22/08/2020
1598140800,22.2348,21.2841,21.8555,50.84638966003753,23/08/2020
1598227200,22.9746,21.6655,22.5953,55.86563132069319,24/08/2020
1598313600,22.6415,20.9805,21.3882,47.366615392494104,25/08/2020
1598400000,22.4743,21.2651,22.1999,52.589771002090224,26/08/2020
1598486400,23.1507,21.8064,23.1127,57.67628471098027,27/08/2020
1598572800,23.5846,22.6158,23.0811,57.44650698473928,28/08/2020
1598659200,23.5,22.7416,22.9398,56.36516957,29/08/2020
1598745600,23.83,22.9,23.6208,60.24879662524979,30/08/2020
1598832000,23.9,22.967,23.1477,56.487422736193786,31/08/2020
1598918400,25.41,22.84,24.7028,64.36310286012306,01/09/2020
1599004800,25.8262,23.1215,24.7652,64.63966996451522,02/09/2020
1599091200,25.54,19.8765,20.3592,40.65064256139895,03/09/2020
1599177600,21.83,19.2,20.9712,43.77209706520529,04/09/2020
1599264000,21.5539,18.011,19.4698,38.43184350688227,05/09/2020
1599350400,23.4418,18.5283,23.142,53.40513241806877,06/09/2020
1599436800,23.5545,20,22.4426,50.86774086489594,07/09/2020
1599523200,23.42,21.2739,23.2837,53.715768747169186,08/09/2020
1599609600,24.5201,22.4139,24.4716,57.46578268067427,09/09/2020
1599696000,25.67,24.0568,24.5489,57.70592222,10/09/2020
1599782400,25.6969,23.0677,25.399,60.356682375132266,11/09/2020
1599868800,28.5305,25.3575,28.505,68.19904839772511,12/09/2020
1599955200,32.4401,27.61,31.1656,73.1067985,13/09/2020
1600041600,33.3888,29,31.2523,73.25166344015679,14/09/2020
1600128000,31.278,26.7123,27.1181,57.37954313854008,15/09/2020
1600214400,28.4724,25.82,27.8695,59.11358998527405,16/09/2020
1600300800,28.83,26.05,27.095,56.55923547997873,17/09/2020
1600387200,28.75,26.5708,27.629,57.909691552978074,18/09/2020
1600473600,27.977,26.6591,27.2035,56.40501311,19/09/2020
1600560000,27.32,25.1247,26.316,53.29452516106893,20/09/2020
1600646400,26.68,22.1,23.1232,43.91267043120638,21/09/2020
1600732800,24.565,22.6666,24.0468,46.828625875962096,22/09/2020
1600819200,24.3437,22.4514,22.8331,43.61934745,23/09/2020
1600905600,24.6999,22.5661,24.5745,49.01799263,24/09/2020
1600992000,25.0799,23.7111,24.6924,49.37146057824078,25/09/2020
1601078400,26.4628,24.475,26.1998,53.78340875171645,26/09/2020
1601164800,26.9,25.5012,26.251,53.93025974913025,27/09/2020
1601251200,27.72,25.8313,26.9855,56.08596252419054,28/09/2020
1601337600,29,26.86,28.8946,61.17158731,29/09/2020
1601424000,29.5646,27.8813,29.2656,62.09038570410741,30/09/2020
1601510400,29.3927,26.2111,27.4673,55.26406992508281,01/10/2020
1601596800,28.3633,25.6652,27.3369,54.79364283645308,02/10/2020
1601683200,28.3997,27.0701,28.1867,57.34207457819389,03/10/2020
1601769600,29.15,27.9658,28.9668,59.59391937466426,04/10/2020
1601856000,29.2665,28.0687,28.6158,58.10759651285399,05/10/2020
1601942400,28.99,27.25,27.6812,54.229237150068506,06/10/2020
1602028800,27.8965,26.8401,27.6898,54.25949050142559,07/10/2020
1602115200,27.8153,26.4999,27.7424,54.45776718030791,08/10/2020
1602201600,28.5368,27.4548,28.4076,56.99654760341351,09/10/2020
1602288000,29.2814,28.0666,28.4414,57.12732735935208,10/10/2020
1602374400,28.72,27.876,28.5271,57.48040895729515,11/10/2020
1602460800,31.1299,28.4338,30.6503,65.14016039849315,12/10/2020
1602547200,31.7999,30.187,30.7256,65.37837141660415,13/10/2020
1602633600,31.33,30.3733,30.838,65.75455111,14/10/2020
1602720000,31.6663,30.399,31.3256,67.40890664090587,15/10/2020
1602806400,31.9798,29.5705,30.0516,59.34246522510307,16/10/2020
1602892800,30.564,29.6521,30.2414,60.10834087828501,17/10/2020
1602979200,31.0354,30.165,30.6593,61.813962386918334,18/10/2020
1603065600,30.6766,29.7002,29.9107,57.10388186348745,19/10/2020
1603152000,30.0892,28.5,28.8227,51.01918407046385,20/10/2020
1603238400,30.4074,28.6406,29.7329,55.30942735065516,21/10/2020
1603324800,31.3,29.6655,30.6396,59.148088317515594,22/10/2020
1603411200,31.2,30.0652,30.6377,59.136625403261625,23/10/2020
1603497600,30.8781,30.4243,30.6639,59.253891600280355,24/10/2020
1603584000,30.9726,29.8805,30.128,55.73097469288086,25/10/2020
1603670400,31.43,29.96,31.0467,60.109516167996134,26/10/2020
1603756800,32.3788,30.9,31.4826,62.02855796755522,27/10/2020
1603843200,31.9375,29.8,30.3338,54.57669886066143,28/10/2020
1603929600,30.4272,29.47,29.8702,51.86861987954515,29/10/2020
1604016000,30.2596,27.5111,28.4909,44.753516409302456,30/10/2020
1604102400,28.888,28.1132,28.5058,44.84154036325528,31/10/2020
1604188800,28.679,28,28.5318,45.00619794816538,01/11/2020
1604275200,29.3079,27.7782,27.7983,41.26379748182616,02/11/2020
1604361600,27.7984,25.7499,26.8638,37.03816898814527,03/11/2020
1604448000,26.97,25.9,26.96,37.74493757999855,04/11/2020
1604534400,27.8947,26.6601,27.6875,42.95958751,05/11/2020
1604620800,29.4692,27.6668,29.0435,51.169734728629784,06/11/2020
1604707200,29.899,26.85,27.7651,44.64539309117607,07/11/2020
1604793600,28.6943,27.449,28.4101,48.231836042002875,08/11/2020
1604880000,28.9691,27.3461,28.0941,46.637579493479386,09/11/2020
1604966400,28.488,27.6114,28.2188,47.37678609694747,10/11/2020
1605052800,28.5999,27.7966,28.016,46.25458349274732,11/11/2020
1605139200,28.1599,27.3028,27.6874,44.418656583638366,12/11/2020
1605225600,28.5198,27.5284,28.1974,47.876620664593766,13/11/2020
1605312000,28.1974,27.3684,27.9311,46.258292077305846,14/11/2020
1605398400,28.2332,27.07,27.6786,44.71492021930246,15/11/2020
1605484800,28.2202,27.4461,27.9451,46.73488754990025,16/11/2020
1605571200,28.8,27.9262,28.5552,51.136478335690015,17/11/2020
1605657600,28.838,27.5,28.0931,47.90732711386681,18/11/2020
1605744000,28.3666,27.6183,28.1387,48.25457775838871,19/11/2020
1605830400,29.3516,28.0598,28.9715,54.25242077,20/11/2020
1605916800,30.8,28.2955,30.5161,62.85266554342603,21/11/2020
1606003200,31.12,29,30.0226,59.03409008,22/11/2020
1606089600,31.1,29.786,30.995,63.71229895570607,23/11/2020
1606176000,35.14,30.7934,33.9407,73.56184798275942,24/11/2020
1606262400,35.4338,30.439,31.2953,58.26638901705354,25/11/2020
1606348800,31.7708,26.35,28.2356,46.280284001002315,26/11/2020
1606435200,28.7175,27.2042,28.4606,47.14140454084785,27/11/2020
1606521600,29.6175,27.9,29.1766,49.89395657950776,28/11/2020
1606608000,30.45,28.8544,30.1045,53.28875650398822,29/11/2020
1606694400,31.5999,29.723,31.4935,57.88827967608179,30/11/2020
1606780800,31.8875,29.17,30.1996,52.68408019514671,01/12/2020
1606867200,30.9993,29.5306,30.2875,52.993249498519994,02/12/2020
1606953600,30.793,29.8568,30.7065,54.51881440190267,03/12/2020
1607040000,31.1371,28.7051,29.0231,47.80591584075247,04/12/2020
1607126400,30.0588,28.6588,29.728,50.55154141295691,05/12/2020
1607212800,30.1819,29.0124,29.5026,49.652108430406194,06/12/2020
1607299200,29.6685,29.06,29.37,49.09865851072688,07/12/2020
1607385600,29.4998,27.45,27.6705,42.55195752166817,08/12/2020
1607472000,28.3853,26.9244,28.1452,44.767255980618124,09/12/2020
1607558400,28.2997,27.39,27.6926,43.062220456777254,10/12/2020
1607644800,27.77,26.7273,27.3419,41.73578109123735,11/12/2020
1607731200,28.23,27.2542,28.1603,45.92203763688495,12/12/2020
1607817600,29.2628,28,29.1571,50.57958609,13/12/2020
1607904000,30.1884,28.6669,30.0338,54.30705375243289,14/12/2020
1607990400,30.379,29.3069,29.5053,51.77203369485391,15/12/2020
1608076800,30.614,29.0265,30.5577,56.16048634,16/12/2020
1608163200,31.5489,29.6891,30.2255,54.47542179390393,17/12/2020
1608249600,31.2172,29.61,30.9882,57.61948125621307,18/12/2020
1608336000,34.2307,30.8812,33.3167,65.46190610216584,19/12/2020
1608422400,35.69,32.5899,34.3148,68.18001334130054,20/12/2020
1608508800,35.6,31.4871,32.05,57.182981106657145,21/12/2020
1608595200,33.8,30.4719,33.5151,61.50820573655822,22/12/2020
1608681600,34.505,30,31.1843,52.433660979005275,23/12/2020
1608768000,32.7589,30,32.4895,56.319921723012136,24/12/2020
1608854400,33.4954,31.7313,33.1996,58.31534726739638,25/12/2020
1608940800,34.0495,32.51,33.6361,59.538945211528585,26/12/2020
1609027200,34.99,31.8601,33.674,59.64969655450001,27/12/2020
1609113600,36.15,33.3105,35.951,65.72060226774539,28/12/2020
1609200000,39.9999,35.3015,39.0667,71.94144557525757,29/12/2020
1609286400,39.27,36.8131,38.1558,68.05310941800013,30/12/2020
1609372800,38.2133,36.5157,37.3588,64.75525150125864,31/12/2020
1609459200,38.959,36.9555,37.7762,65.69291412258306,01/01/2021
1609545600,38.8798,36.8,38.2331,66.73613971466368,02/01/2021
1609632000,41.7017,37.763,41.2575,72.66214005162252,03/01/2021
1609718400,43.2039,38.02,41.1333,72.09413005453963,04/01/2021
1609804800,41.8375,38.8014,41.8219,73.33853549767962,05/01/2021
1609891200,42.267,40.4531,42.2417,74.09690030766946,06/01/2021
1609977600,44.9,41.366,43.5728,76.39009699906227,07/01/2021
1610064000,43.722,40.2313,42.356,70.26618235355676,08/01/2021
1610150400,44.0552,41.5,43.8479,73.11228855981193,09/01/2021
1610236800,45.162,40,42.4031,66.47610075,10/01/2021
1610323200,42.5094,35.0374,38.1674,51.66925285579672,11/01/2021
1610409600,40.1989,37,38.2541,51.90539420214295,12/01/2021
1610496000,40.4499,37.02,40.1114,56.77739255974603,13/01/2021
1610582400,42,39.5739,41.8723,60.82887640049381,14/01/2021
1610668800,42.5622,38.6616,40.8668,57.51370087339875,15/01/2021
1610755200,44.12,40.625,43.142,62.494650378291645,16/01/2021
1610841600,46.7228,40.9192,45.8675,67.42185776683857,17/01/2021
1610928000,46.8888,44.0278,45.3412,65.62888168950442,18/01/2021
1611014400,47.2187,41.7,42.5241,56.90555703432819,19/01/2021
1611100800,43.0992,40.2,42.6069,57.08610712098803,20/01/2021
1611187200,42.7176,38.2,38.6343,46.92752175772019,21/01/2021
1611273600,41.528,36.8518,40.8936,52.143410282883664,22/01/2021
1611360000,41.88,39.4555,40.9109,52.18216331978547,23/01/2021
1611446400,42.2,40.3144,41.8263,54.29133541125707,24/01/2021
1611532800,43.4241,40.5364,41.8347,54.31125059986295,25/01/2021
1611619200,42.598,39.6955,41.8396,54.323752550646475,26/01/2021
1611705600,42.0984,39.6102,40.8826,51.36739732070974,27/01/2021
1611792000,43.085,40.317,42.5254,55.812889934464664,28/01/2021
1611878400,44,41.8017,42.8618,56.68601508405368,29/01/2021
1611964800,45.1071,42.5911,44.7849,61.38368301478782,30/01/2021
1612051200,45.8269,43.3,44.3292,59.730532473945196,31/01/2021
1612137600,52.3736,43.4331,51.4781,72.32324934649021,01/02/2021
1612224000,53,49.1572,51.0071,70.75340262319465,02/02/2021
1612310400,52.7,49.7823,52.12,72.28422989253059,03/02/2021
1612396800,57.0547,51.25,55.9599,76.79700199178416,04/02/2021
1612483200,68.73,55.9202,67.7005,84.89517694,05/02/2021
1612569600,75.5,61.7,72.8356,87.02774046437798,06/02/2021
1612656000,74.8199,64.1803,68.3542,76.83284581354707,07/02/2021
1612742400,79.8823,67.6152,79.8374,82.49243279566676,08/02/2021
1612828800,116.24,78.0381,107.3469,89.26084320361265,09/02/2021
1612915200,148.4,107.2811,128.9711,91.90882278405985,10/02/2021
1613001600,132.8,117.7289,124.085,86.70643451966454,11/02/2021
1613088000,141.32,120.89,136.6139,88.50343764,12/02/2021
1613174400,138.5067,125,133.3496,85.26927591491315,13/02/2021
1613260800,139,128.4615,135.8623,85.70238805539206,14/02/2021
1613347200,139.369,118,130.303,80.09155747,15/02/2021
1613433600,133.4925,126,130.183,79.96985304724272,16/02/2021
1613520000,175.9997,126.7546,165.3233,86.45891556483771,17/02/2021
1613606400,199.88,162.7969,195.6,89.58856764761245,18/02/2021
1613692800,348.6969,194.9279,333.111,95.11306496046117,19/02/2021
1613779200,335,223,253,71.35766646,20/02/2021
1613865600,309.4995,249.7044,295.2597,74.91665461,21/02/2021
1613952000,296,220.5,267.5147,68.86646560886479,22/02/2021
1614038400,269.444,186.1,231.3646,61.85694248978432,23/02/2021
1614124800,281,213.0257,254.5056,64.35787283,24/02/2021
1614211200,265.4014,231.5,234.9146,60.72766222430688,25/02/2021
1614297600,239.4,209.105,221.717,58.34028140551937,26/02/2021
1614384000,237.77,219.011,225.3853,58.82481651147216,27/02/2021
1614470400,229.4,195,210.2138,55.92758410075925,28/02/2021
1614556800,260,209.1204,254.9637,61.88985359242452,01/03/2021
1614643200,264.9,227,239.6841,58.95703643315617,02/03/2021
1614729600,254.8481,236.002,240.5701,59.07813176621914,03/03/2021
1614816000,249.9885,225.5308,229.6369,56.84912823055434,04/03/2021
1614902400,232.2,215.6439,225.4714,55.98248429827106,05/03/2021
1614988800,232.4996,219.1514,226.3814,56.139790747322465,06/03/2021
1615075200,243.95,224.9542,240.11,58.54664728,07/03/2021
1615161600,243.0986,228.7029,240.5509,58.62517341701981,08/03/2021
1615248000,297.2962,235.6001,293.2052,66.73063122292727,09/03/2021
1615334400,295.5,263.8184,278.4499,63.00568518678232,10/03/2021
1615420800,315.2855,272.12,290.0301,64.67240106707641,11/03/2021
1615507200,290.5,247.5547,263.2201,58.14143037914565,12/03/2021
1615593600,284.2857,255.4206,276.2822,60.24773648070863,13/03/2021
1615680000,276.8847,263.0003,263.238,57.154746365383595,14/03/2021
1615766400,267.7453,249.5327,254.5144,55.116836109599944,15/03/2021
1615852800,259.7847,240.199,258.5352,55.89738216425446,16/03/2021
1615939200,272.1787,248.2001,269.7896,58.09415058214642,17/03/2021
1616025600,277.8,257.01,261.4816,55.88133360965731,18/03/2021
1616112000,269,255,262.935,56.19567633802338,19/03/2021
1616198400,274.6805,261.4,264.3023,56.509609856207106,20/03/2021
1616284800,268.0305,257.0001,264.6513,56.595117627710195,21/03/2021
1616371200,277,252.9164,254.7976,53.40260017574482,22/03/2021
1616457600,262.97,251.838,255.4646,53.59342943736184,23/03/2021
1616544000,268.7062,240.3333,248.5236,51.241698164721974,24/03/2021
1616630400,250.0912,224.9686,233.9466,46.615373502788415,25/03/2021
1616716800,255.2113,233.8114,255.2105,53.246484744509736,26/03/2021
1616803200,276,249.5001,269.2234,57.034083539196736,27/03/2021
1616889600,281.3939,261,268.4263,56.75243747376455,28/03/2021
1616976000,277.9813,264.4585,275.2991,58.64855599852625,29/03/2021
1617062400,311.5325,271.2857,311.2962,66.84720791,30/03/2021
1617148800,316.6997,284,302.3724,63.486725009052805,31/03/2021
1617235200,339,300.7,334.7991,69.4889605,01/04/2021
1617321600,356.9882,324.6162,338.2932,70.06008406147126,02/04/2021
1617408000,349.1347,315.91,321.9497,64.02330114791363,03/04/2021
1617494400,352.3275,316,348.8617,68.79187175,04/04/2021
1617580800,380,335.8442,368.0263,71.67145502525105,05/04/2021
1617667200,411.755,363.8333,403.3648,76.05827996930009,06/04/2021
1617753600,414.3803,356,375.5538,67.23419965445916,07/04/2021
1617840000,422.6323,371.78,418.7048,72.55467334183572,08/04/2021
1617926400,453.9937,403.19,453.9937,75.98851647903211,09/04/2021
1618012800,487.4062,450,471.2975,77.47662166109075,10/04/2021
1618099200,529.211,458.0165,525.9275,81.39658277698159,11/04/2021
1618185600,638.5673,515.1,596.7104,85.03159306,12/04/2021
1618272000,602.7871,530.2288,551.6442,74.98549421773313,13/04/2021
1618358400,590.5369,521.1313,550.0182,74.64283725970091,14/04/2021
1618444800,556.9,533.7166,541.8824,72.84905136879632,15/04/2021
1618531200,547.6074,489.7356,508.2743,65.81309467636439,16/04/2021
1618617600,547.95,506,514.6861,66.47828537995127,17/04/2021
1618704000,520.4237,428,481.4367,59.96266413131437,18/04/2021
1618790400,540,467.8846,504.0322,62.64231839877325,19/04/2021
1618876800,589.5,470.207,586.3635,70.41276066764296,20/04/2021
1618963200,613.8975,535.9186,543.6327,63.07923261923506,21/04/2021
1619049600,582.7051,480,505.2411,57.304520484137235,22/04/2021
1619136000,530,450,526.5357,59.51823366158592,23/04/2021
1619222400,528.8088,482.3052,496.992,55.23900600975489,24/04/2021
1619308800,517.74,478.01,505,56.15911346186119,25/04/2021
1619395200,550,501.5,535.33,59.55055562836543,26/04/2021
1619481600,579.5,525,568.78,62.95425946076874,27/04/2021
1619568000,578.88,538,562.78,61.94732415984632,28/04/2021
1619654400,615.29,554,599.7,65.59406527327408,29/04/2021
1619740800,628,585.72,622.65,67.66828228167859,30/04/2021
1619827200,645.57,609.21,620,67.16476981470602,01/05/2021
1619913600,629,595.3,621.78,67.34055919,02/05/2021
1620000000,680,621.22,676.15,72.23089290908074,03/05/2021
1620086400,677.71,604.14,609.3,60.279324752454926,04/05/2021
1620172800,656.67,605,651.1,64.26131367232486,05/05/2021
1620259200,653.77,620,633.99,61.541675360585074,06/05/2021
1620345600,644.02,611.43,624.3,59.99313837232453,07/05/2021
1620432000,657.91,618.36,646.1,62.29195178315214,08/05/2021
1620518400,679,630.54,661.74,63.89484075631134,09/05/2021
1620604800,691.77,588,631.1,58.636217805933995,10/05/2021
1620691200,673,621.11,671.91,63.00366318461295,11/05/2021
1620777600,684.91,581.4,594.65,51.84341963697692,12/05/2021
1620864000,633.5,526.6,571.1,48.99452545858817,13/05/2021
1620950400,615,566,602.61,52.73689845296984,14/05/2021
1621036800,611.31,560,563.41,48.016851637656394,15/05/2021
1621123200,606.78,534.88,564.32,48.13290658035146,16/05/2021
1621209600,564.66,483,512.07,42.29426128,17/05/2021
1621296000,534,490,507.88,41.85579319458134,18/05/2021
1621382400,516.5,280,334.8,28.645124328905155,19/05/2021
1621468800,423.83,284.27,391.17,35.75695163422529,20/05/2021
1621555200,415.71,274,326.01,31.81018484254055,21/05/2021
1621641600,335.82,284.55,299.76,30.356514919937794,22/05/2021
1621728000,313.45,211.7,260.72,28.286186707648085,23/05/2021
1621814400,350,257.4,345.64,38.16503406741124,24/05/2021
1621900800,378.12,306.61,343.18,38.00172265009361,25/05/2021
1621987200,388.28,336.21,379.16,41.916561987147915,26/05/2021
1622073600,387.56,340,369.67,41.17799606445833,27/05/2021
1622160000,373.68,312.3,328.82,38.06856687857788,28/05/2021
1622246400,347,295.22,305.04,36.34789068933475,29/05/2021
1622332800,338.32,291.06,325.57,38.914912757032376,30/05/2021
1622419200,356,307.55,353.33,42.30322582267475,31/05/2021
1622505600,364.4,339.48,362.39,43.406561926423755,01/06/2021
1622592000,419.43,350.43,401.54,48.031292774965465,02/06/2021
1622678400,433,391.32,428.48,50.99870866449309,03/06/2021
1622764800,429.5,365,390.7,46.949960353364034,04/06/2021
1622851200,426,373.8,390.08,46.88417907097507,05/06/2021
1622937600,400.29,381.5,393.73,47.351845415455394,06/06/2021
1623024000,407.42,353.53,357.96,43.32587719426696,07/06/2021
1623110400,366.33,319.18,352.5,42.72868876454542,08/06/2021
1623196800,378.77,333.56,375.54,46.10459426804555,09/06/2021
1623283200,377.55,344.13,351.94,43.289761732822505,10/06/2021
1623369600,366.28,340.84,345.75,42.555871386788695,11/06/2021
1623456000,348.88,325.3,343.7,42.30010976971491,12/06/2021
1623542400,369,330.48,365.8,46.06352013319411,13/06/2021
1623628800,377.33,355.07,370.19,46.805732779930295,14/06/2021
1623715200,379.58,363.23,366.48,46.226792740301114,15/06/2021
1623801600,366.77,343.35,347.22,43.23689656228085,16/06/2021
1623888000,362.47,345.85,352.85,44.36958748752224,17/06/2021
1623974400,357.12,327.22,337.16,41.86249895,18/06/2021
1624060800,345,331.11,334.01,41.35724677508475,19/06/2021
1624147200,340.57,310.13,339.08,42.55892364381517,20/06/2021
1624233600,342,268.57,270.76,32.803985106934874,21/06/2021
1624320000,291.5,225.42,262.1,31.80872881253883,22/06/2021
1624406400,309.75,251.41,296.25,39.591970167934015,23/06/2021
1624492800,316.49,281.5,308.62,42.16693666841604,24/06/2021
1624579200,314.84,275.24,280.81,38.22227782291229,25/06/2021
1624665600,290.33,264.26,279.65,38.06233142361491,26/06/2021
1624752000,291.7,269.72,290.87,40.649369329265696,27/06/2021
1624838400,299.96,283.55,290,40.508082816331566,28/06/2021
1624924800,315.6,289.19,300.79,43.14735653283789,29/06/2021
1625011200,304.88,281.53,303.71,43.87303480295639,30/06/2021
1625097600,304,281,287.43,40.74999681142235,01/07/2021
1625184000,290.74,276.4,287.17,40.700168126570574,02/07/2021
1625270400,303.21,282.77,298.13,43.81880430866935,03/07/2021
1625356800,314.91,292.58,307.62,46.44514141509084,04/07/2021
1625443200,307.68,291,302.02,45.10517964892982,05/07/2021
1625529600,322.5,301.8,319.92,50.064386198554395,06/07/2021
1625616000,340,318.23,327.51,52.04276037512511,07/07/2021
1625702400,328.21,304.4,310.14,47.41319724768072,08/07/2021
1625788800,319.69,301.43,317.09,49.35448686554466,09/07/2021
1625875200,321.44,310.57,316.12,49.08214855201184,10/07/2021
1625961600,326.82,312.21,322.16,50.89901173269106,11/07/2021
1626048000,334.37,308.57,316.12,49.01549187715935,12/07/2021
1626134400,318.33,305.2,308.94,46.798495745247216,13/07/2021
1626220800,313.46,290.24,309.4,46.96400427012197,14/07/2021
1626307200,324.33,301.32,316.11,49.43512934987669,15/07/2021
1626393600,323.5,301.5,302.88,44.98461676147977,16/07/2021
1626480000,306.71,295,300.52,44.219850931441705,17/07/2021
1626566400,309.18,298.7,302.1,44.89528502433808,18/07/2021
1626652800,303.94,278.85,280.54,38.11330812190671,19/07/2021
1626739200,283.6,254.52,264.44,33.98472412365233,20/07/2021
1626825600,298.92,261.02,293.26,45.38877576472272,21/07/2021
1626912000,298.44,287.3,293.36,45.42400532,22/07/2021
1626998400,301.5,281.01,299.27,47.57641086172759,23/07/2021
1627084800,307.79,295.43,301.56,48.42518628452871,24/07/2021
1627171200,304.44,292.34,302.56,48.81491167642158,25/07/2021
1627257600,328,301,304,49.40777149891612,26/07/2021
1627344000,318.41,297.61,313.48,53.24703769,27/07/2021
1627430400,318.68,308,313.8,53.375656200398325,28/07/2021
1627516800,320.31,308.6,317.03,54.72943430924505,29/07/2021
1627603200,325.66,306.16,322.58,57.03775864,30/07/2021
1627689600,338.44,317.21,332.38,60.835228065285236,31/07/2021
1627776000,347.8,328.99,332.59,60.914953315813825,01/08/2021
1627862400,338.29,326.17,330.55,59.64476481334067,02/08/2021
1627948800,334.73,317.02,323.43,55.309843665597185,03/08/2021
1628035200,337.39,319.78,334.77,60.26340217201398,04/08/2021
1628121600,340.17,323.37,337.91,61.53478081,05/08/2021
1628208000,347.14,331.12,342.39,63.33714900202087,06/08/2021
1628294400,359.74,340.34,356.18,68.26624918028716,07/08/2021
1628380800,359.87,337,341.79,59.305979064996265,08/08/2021
1628467200,357.7,333.15,354.32,63.765720232640845,09/08/2021
1628553600,376.6,348,371.92,68.91835465727296,10/08/2021
1628640000,408.72,371.09,390.96,73.33585262277421,11/08/2021
1628726400,406.18,371.59,385.66,70.33902137666578,12/08/2021
1628812800,411.46,382.91,410.76,75.45463731,13/08/2021
1628899200,418.8,400,408.67,74.30545117298735,14/08/2021
1628985600,415.16,395.88,414.05,75.34634499412917,15/08/2021
1629072000,437,410.79,415.72,75.67574519319389,16/08/2021
1629158400,435.77,398.77,401.8,67.57148370136503,17/08/2021
1629244800,412.36,385.47,396.15,64.54982303589759,18/08/2021
1629331200,431.7,390.89,431.27,72.71690065803325,19/08/2021
1629417600,458,421.84,454.93,76.62406888810115,20/08/2021
1629504000,460,443.47,448.74,73.65229815533667,21/08/2021
1629590400,458.34,437.77,448.68,73.622492,22/08/2021
1629676800,509.71,445.89,499.06,80.68913213271838,23/08/2021
1629763200,504.2,461.12,471.62,69.73145355,24/08/2021
1629849600,507,470,503.19,74.09089700247992,25/08/2021
1629936000,518.94,471.2,478.1,65.96012612466215,26/08/2021
1630022400,495,467.1,494.5,68.40111864474089,27/08/2021
1630108800,497,482.3,486.2,65.82829487223303,28/08/2021
1630195200,495.5,475,479.7,63.80426691761584,29/08/2021
1630281600,480.9,457,460.3,58.065782096715935,30/08/2021
1630368000,477.8,448.2,463.9,58.806179757151426,31/08/2021
1630454400,490,455.1,489.4,63.69580589153921,01/09/2021
1630540800,504.7,478,483.7,61.926355209846186,02/09/2021
1630627200,495,473,488.5,62.861970998096496,03/09/2021
1630713600,509.9,485.2,497.7,64.65478403229457,04/09/2021
1630800000,505.2,488.4,504.8,66.01816788053459,05/09/2021
1630886400,509,486.9,496.1,62.82049211,06/09/2021
1630972800,504.8,369,418.7,42.908312997422364,07/09/2021
1631059200,425.5,382.3,415,42.21938348439186,08/09/2021
1631145600,436.1,403.4,421.3,43.87186818006911,09/09/2021
1631232000,439.4,393.2,401.4,39.98214598144252,10/09/2021
1631318400,415.3,399.3,405.1,41.02904300226436,11/09/2021
1631404800,421.5,397.4,416.3,44.201854343715844,12/09/2021
1631491200,419.7,383,399.1,40.590076335652874,13/09/2021
1631577600,414.7,395.7,414.3,44.87670216546919,14/09/2021
1631664000,438,409.6,431.3,49.284179196049564,15/09/2021
1631750400,435,415.6,424.3,47.59659836622314,16/09/2021
1631836800,426,400.4,406.6,43.53706501714448,17/09/2021
1631923200,420,401.5,410.7,44.713358471678575,18/09/2021
1632009600,419,402.8,408.6,44.205377486529244,19/09/2021
1632096000,410.1,353.7,364.1,35.10424891758865,20/09/2021
1632182400,376,336.8,344.4,31.966579315338137,21/09/2021
1632268800,379.9,342.3,379,41.805045821509005,22/09/2021
1632355200,384.6,369,383.5,42.960367495862286,23/09/2021
1632441600,385.3,333.6,355,37.837043572418445,24/09/2021
1632528000,360.8,343.2,349.6,36.938181771307754,25/09/2021
1632614400,353,320,344,35.98350117061683,26/09/2021
1632700800,357.6,335,335.5,34.524919214391886,27/09/2021
1632787200,344.6,330,333,34.087270743431645,28/09/2021
1632873600,375.4,331.2,367.7,44.58700927573949,29/09/2021
1632960000,388.8,366.4,387.5,49.527648346424535,30/09/2021
1633046400,423.4,381.5,421.5,56.67165780525386,01/10/2021
1633132800,438.2,410.6,427.1,57.73282901,02/10/2021
1633219200,437.2,421.5,430.5,58.399010577934426,03/10/2021
1633305600,430.9,410.9,426.3,57.199682207174206,04/10/2021
1633392000,444,424,442.1,60.487163606666854,05/10/2021
1633478400,442.8,414.7,434.9,58.28996069467215,06/10/2021
1633564800,450,423.6,438.5,59.09014417782714,07/10/2021
1633651200,441.6,415.7,419.2,53.197872785518705,08/10/2021
1633737600,426,416,421.9,53.890578081715276,09/10/2021
1633824000,422.3,402,404.1,48.766183050515316,10/10/2021
1633910400,424,399.8,413.1,51.28832769189747,11/10/2021
1633996800,444.5,392.2,444.2,58.83042635267605,12/10/2021
1634083200,471.8,432.3,470.8,63.96898789558073,13/10/2021
1634169600,482.8,461.2,472.7,64.31163611468551,14/10/2021
1634256000,478,450.8,474.5,64.65456880700711,15/10/2021
1634342400,484.7,423,465.8,61.574809620749384,16/10/2021
1634428800,472.4,454.2,470.9,62.69657455452846,17/10/2021
1634515200,487.6,466.4,484.9,65.66021772,18/10/2021
1634601600,497.6,480.3,488.1,66.31889124426232,19/10/2021
1634688000,505.9,481.3,501.3,68.96345854291702,20/10/2021
1634774400,504.9,466,470.9,57.72262206187383,21/10/2021
1634860800,498,470.7,479.3,59.67834931,22/10/2021
1634947200,485.7,472.6,485.5,61.10840541649804,23/10/2021
1635033600,486.5,467.8,475.8,57.66272746436276,24/10/2021
1635120000,488.6,474.7,485.1,59.991980568182825,25/10/2021
1635206400,489.8,473.5,478.1,57.43080988432871,26/10/2021
1635292800,486.4,435.3,448.7,48.135842442288855,27/10/2021
1635379200,494.8,446.4,491.9,58.71044850193707,28/10/2021
1635465600,533.61,487.6,530.3,65.45319612816239,29/10/2021
1635552000,540.5,510.2,528.3,64.85910760448212,30/10/2021
1635638400,535,508.9,524.6,63.70707601215029,31/10/2021
1635724800,551.9,511,551.3,68.10911791689115,01/11/2021
1635811200,564,537.4,554.4,68.58554545,02/11/2021
1635897600,570.1,537.5,568.4,70.71343820243617,03/11/2021
1635984000,568.9,543.6,558.7,67.31141468159072,04/11/2021
1636070400,616.9,554.1,607.3,74.04819204614304,05/11/2021
1636156800,637.8,595.1,637.7,77.21183473730008,06/11/2021
1636243200,669.3,630.5,649.6,78.32567631,07/11/2021
1636329600,655.7,631,653.5,78.69324100570091,08/11/2021
1636416000,656.7,631.9,635,72.41938071453177,09/11/2021
1636502400,662.9,573,614.1,66.01604657,10/11/2021
1636588800,635.2,605.7,628.4,68.09472938758668,11/11/2021
1636675200,634.5,602.7,626.9,67.62744933904355,12/11/2021
1636761600,655,619.6,649.5,70.87080171437162,13/11/2021
1636848000,661,634.5,650.8,71.05047283947408,14/11/2021
1636934400,659.5,630.3,633.8,65.37199726735781,15/11/2021
1637020800,635.2,573.7,588.7,53.21990204146009,16/11/2021
1637107200,592.6,553.7,578,50.80681334266584,17/11/2021
1637193600,588.2,510,531.8,41.96015627,18/11/2021
1637280000,585.5,523.9,581,51.62112752,19/11/2021
1637366400,604.8,572.6,604.3,55.4067651,20/11/2021
1637452800,605.2,579.6,584,51.61709300022397,21/11/2021
1637539200,585.5,553.8,559.3,47.371471138356675,22/11/2021
1637625600,605,557.9,591.1,52.758911936056684,23/11/2021
1637712000,594.3,576.8,590.3,52.61299628868293,24/11/2021
1637798400,650,587.4,639.1,59.89880647997287,25/11/2021
1637884800,657.9,564.2,587.3,50.944875713503045,26/11/2021
1637971200,621.3,582.6,599.9,52.79339423703767,27/11/2021
1638057600,612.9,571.6,611.3,54.46525952836331,28/11/2021
1638144000,629,601.6,623.4,56.23688507929019,29/11/2021
1638230400,635,602.6,622.5,56.06216582649642,30/11/2021
1638316800,649.8,618.2,627.5,56.863976424806744,01/12/2021
1638403200,630.9,605.5,619.9,55.21461635152651,02/12/2021
1638489600,628,574,595,50.08851867478563,03/12/2021
1638576000,596,489.2,568.6,45.28782949657308,04/12/2021
1638662400,582,539.9,557.8,43.45302446488585,05/12/2021
1638748800,593,533,587.5,49.51093830926628,06/12/2021
1638835200,594.1,572.2,578.7,47.87439349414367,07/12/2021
1638921600,607.6,567,607.2,53.26253251795103,08/12/2021
1639008000,617,567.7,570.2,46.53698748048981,09/12/2021
1639094400,595.1,550.2,552.4,43.67948791685412,10/12/2021
1639180800,572.7,542,564.5,46.102238389763116,11/12/2021
1639267200,574.8,559.3,570.3,47.273089635881995,12/12/2021
1639353600,572.2,511.1,521,39.43189474476634,13/12/2021
1639440000,535.8,509.7,528.1,40.95096267527124,14/12/2021
1639526400,546.7,501.6,541.1,43.73357202,15/12/2021
1639612800,545.3,524.8,526.2,41.32960622249046,16/12/2021
1639699200,535.8,511,525.5,41.21498502652538,17/12/2021
1639785600,537.8,515,533.9,43.24895013116257,18/12/2021
1639872000,544.4,527.1,529.8,42.47642244987102,19/12/2021
1639958400,534.8,505.6,524,41.35115704563836,20/12/2021
1640044800,535.7,509.8,528.3,42.565948242424604,21/12/2021
1640131200,545,527.2,533.6,44.102773689418974,22/12/2021
1640217600,552.6,524.3,549,48.421478416506446,23/12/2021
1640304000,554.4,537.4,542.1,46.68120160407699,24/12/2021
1640390400,550.5,539.1,547.4,48.22059220193846,25/12/2021
1640476800,549.3,535.6,546.4,47.93935711933687,26/12/2021
1640563200,572,543.1,563.7,53.04181093637402,27/12/2021
1640649600,563.7,528.4,534.2,44.951355906100794,28/12/2021
1640736000,540.5,510.3,514.5,40.507878305786605,29/12/2021
1640822400,527.8,508.3,518.5,41.76660305706388,30/12/2021
1640908800,528.3,506,511.4,40.14305633862754,31/12/2021
1640995200,527.9,511.4,527.3,45.273519932055706,01/01/2022
1641081600,533.9,518,531,46.42431784344971,02/01/2022
1641168000,532.8,510,511.9,41.56529698235709,03/01/2022
1641254400,520,502,506.9,40.37398324,04/01/2022
1641340800,516,457,474.1,33.57557493247673,05/01/2022
1641427200,481.3,458.8,472.6,33.29942529149832,06/01/2022
1641513600,473.9,437.5,448.1,29.090834393726652,07/01/2022
1641600000,459.7,415,429.9,26.419576536048638,08/01/2022
1641686400,444.5,427,438.7,29.77721293558099,09/01/2022
1641772800,445.5,405.6,424.7,27.618008391388997,10/01/2022
1641859200,467.7,421.3,463.6,40.523178641947915,11/01/2022
1641945600,489.9,456.6,487.8,46.86957181,12/01/2022
1642032000,489.8,466.5,475.2,44.223669176273894,13/01/2022
1642118400,492.3,467.6,490,47.94118643,14/01/2022
1642204800,500.9,485,494.5,49.053063079102515,15/01/2022
1642291200,506,488.6,498.6,50.098816318128144,16/01/2022
1642377600,499.1,466.9,475.2,44.486340233720924,17/01/2022
1642464000,479.6,457.2,471.4,43.631510327323824,18/01/2022
1642550400,473.1,453.7,461.9,41.48530152536944,19/01/2022
1642636800,478.7,438.2,440.2,37.00733955,20/01/2022
1642723200,444.6,373.7,383.9,28.43237044,21/01/2022
1642809600,389.6,336.3,358.3,25.53504319736946,22/01/2022
1642896000,389,356.3,383.9,32.898800220614135,23/01/2022
1642982400,384,336,371.3,31.260266270954276,24/01/2022
1643068800,389.5,357.4,385.1,35.074305973365796,25/01/2022
1643155200,402.4,366.4,375.1,33.61863559457608,26/01/2022
1643241600,393.8,360,389.9,37.73722795438967,27/01/2022
1643328000,395.9,375.8,385.9,37.06783245890868,28/01/2022
1643414400,397.3,380.7,389.3,38.07335987681291,29/01/2022
1643500800,389.6,372.2,377.2,35.876404311199636,30/01/2022
1643587200,385.4,365.2,374.3,35.34991954,31/01/2022
1643673600,388.4,373.7,384.2,38.65930585869297,01/02/2022
1643760000,386.1,366.1,366.9,35.26238326774144,02/02/2022
1643846400,372.4,359.6,372.3,37.11966914607476,03/02/2022
1643932800,399.7,369.5,399.5,45.58764143916638,04/02/2022
1644019200,431,396.3,413.7,49.41738759758901,05/02/2022
1644105600,422.5,407,419.9,51.037784944843565,06/02/2022
1644192000,439,413.3,433.5,54.48233238629448,07/02/2022
1644278400,445.4,406.2,407.8,47.659021855651226,08/02/2022
1644364800,427.7,407.1,422.9,51.502195693085795,09/02/2022
1644451200,434.9,410,414.7,49.381707372010865,10/02/2022
1644537600,418.9,390.5,400,45.74551518863539,11/02/2022
1644624000,407.1,393.3,403.6,46.779068886324254,12/02/2022
1644710400,407.8,394.7,397.9,45.30735578434761,13/02/2022
1644796800,404.5,390.6,403.4,47.038774571474086,14/02/2022
1644883200,443,402.7,432.4,55.10847725242434,15/02/2022
1644969600,433.5,422.2,427.3,53.56279714142842,16/02/2022
1645056000,431.1,400,402.4,46.678882,17/02/2022
1645142400,411,392.2,399.2,45.86310579319428,18/02/2022
1645228800,406.4,393,399.8,46.05347644982049,19/02/2022
1645315200,400,375,380.6,41.075792852127805,20/02/2022
1645401600,393.7,355,356.6,35.85843216,21/02/2022
1645488000,375.4,348.7,374.3,41.73617532237315,22/02/2022
1645574400,384.2,365.3,365.6,39.805349304688754,23/02/2022
1645660800,371.3,323.5,361.2,38.82702527715068,24/02/2022
1645747200,377.2,356.8,375,43.51599926839874,25/02/2022
1645833600,386.1,370.5,373.7,43.18022142287408,26/02/2022
1645920000,381.2,358.1,360.1,39.72667327264458,27/02/2022
1646006400,397.2,355.8,395.6,50.79046599824422,28/02/2022
1646092800,424.9,390.4,408.7,54.13609315678461,01/03/2022
1646179200,415.7,403.8,409.3,54.289381814493176,02/03/2022
1646265600,413.2,397.4,402.6,52.19165802191038,03/03/2022
1646352000,403.5,372,374.2,44.36613727824381,04/03/2022
1646438400,387.3,367.2,384.7,47.50032095241824,05/03/2022
1646524800,387.3,371.6,375,44.979362743417994,06/03/2022
1646611200,385.9,362.8,380.6,46.73686857211002,07/03/2022
1646697600,388.7,375.3,381.4,46.99733724037417,08/03/2022
1646784000,402.7,381,393.2,50.81777941603251,09/03/2022
1646870400,394.5,363,372,44.59806435,10/03/2022
1646956800,380,364.7,371.9,44.57035351165843,11/03/2022
1647043200,379.2,371.1,372.4,44.75518667442168,12/03/2022
1647129600,377.2,360.1,361.4,41.47826729805451,13/03/2022
1647216000,373.9,359.5,373.4,46.11353992358982,14/03/2022
1647302400,374.7,361.7,371.7,45.562957464577956,15/03/2022
1647388800,386.6,367.8,385.4,50.67417745981696,16/03/2022
1647475200,393.5,381.7,391.8,52.899043505222124,17/03/2022
1647561600,400,384,397.2,54.753484996465325,18/03/2022
1647648000,406.4,394.9,399.9,55.692802420899454,19/03/2022
1647734400,400.8,386.2,390.8,51.79034344104118,20/03/2022
1647820800,399.5,384.8,396,53.783242853068295,21/03/2022
1647907200,410,394.8,404.3,56.84942111198758,22/03/2022
1647993600,411.7,397.9,408.4,58.320417931489466,23/03/2022
1648080000,416.6,405,414.2,60.37814932980312,24/03/2022
1648166400,421.5,405.5,410.3,58.29408502235184,25/03/2022
1648252800,416.4,407.5,415.8,60.37149299990075,26/03/2022
1648339200,431.6,411.7,430.5,65.34066166222854,27/03/2022
1648425600,441,427.6,430.2,65.16108374542806,28/03/2022
1648512000,441.6,429.4,434.2,66.48374404917882,29/03/2022
1648598400,449.3,425.5,442.1,68.98792811618056,30/03/2022
1648684800,452.3,423.9,428.9,60.81209134696414,31/03/2022
1648771200,448.2,412.8,447.7,66.83971309153276,01/04/2022
1648857600,454.2,435.7,437.2,61.179700663163764,02/04/2022
1648944000,455.7,432.2,450.4,65.17247475640926,03/04/2022
1649030400,450.5,433.4,447.6,63.676366847524434,04/04/2022
1649116800,460,444.1,444.7,62.08664355191637,05/04/2022
1649203200,448.6,418.3,420.1,50.556341300024975,06/04/2022
1649289600,450,416.2,436,56.21616621619073,07/04/2022
1649376000,442,418.4,421.5,50.534967869411275,08/04/2022
1649462400,428.2,419.6,426.6,52.35865202785177,09/04/2022
1649548800,429.5,417,418.1,49.10893687423008,10/04/2022
1649635200,419.7,391.2,394.6,41.449307775282584,11/04/2022
1649721600,417.1,392.4,413.6,48.45007542690389,12/04/2022
1649808000,424.6,410.3,423.4,51.66057258694276,13/04/2022
1649894400,426.9,411.3,414.7,48.75746434930016,14/04/2022
1649980800,420,412.5,417.3,49.667773552055266,15/04/2022
1650067200,419,411.6,417.3,49.66777355205527,16/04/2022
1650153600,418.2,405.5,406.6,45.785665254710324,17/04/2022
1650240000,418,396.2,416.8,49.81272134625885,18/04/2022
1650326400,424.7,414.6,422.3,51.88798964125937,19/04/2022
1650412800,431.4,414.9,418.4,50.29968973220314,20/04/2022
1650499200,426,401.2,404.9,45.14791132371784,21/04/2022
1650585600,413.9,403.3,406.6,45.899351098059974,22/04/2022
1650672000,408.1,397.3,401.1,43.80834036682552,23/04/2022
1650758400,405.5,397.1,398.8,42.92762334413393,24/04/2022
1650844800,405.7,382.3,404.3,45.73695668884565,25/04/2022
1650931200,407.5,380.8,385.9,38.84756421968971,26/04/2022
1651017600,394.8,383.3,391.3,41.62657027834889,27/04/2022
1651104000,408.6,388.5,407.1,48.93828356862602,28/04/2022
1651190400,410.7,389.7,393,43.68011586720226,29/04/2022
1651276800,399.9,376.3,377.1,38.63851129,30/04/2022
1651363200,391.4,375.5,389.9,44.22012835395881,01/05/2022
1651449600,392.6,382.1,389.5,44.08517260161658,02/05/2022
1651536000,392.3,379.8,383.9,42.14589747499357,03/05/2022
1651622400,403.1,382.7,402.6,50.04792719839694,04/05/2022
1651708800,413.6,370.7,378.4,42.04455984839858,05/05/2022
1651795200,383.3,370.6,379.1,42.33182978923783,06/05/2022
1651881600,380.6,360.1,365.5,38.35411620968091,07/05/2022
1651968000,367,349.5,355.9,35.79711188,08/05/2022
1652054400,359.3,295.4,296.1,24.734859432945385,09/05/2022
1652140800,332.8,289,319.1,33.27553129,10/05/2022
1652227200,323,260.8,271.5,26.558646520082547,11/05/2022
1652313600,285,218.8,269,26.258843342954947,12/05/2022
1652400000,313.5,265.4,290.6,33.267957534185925,13/05/2022
1652486400,299.5,272.1,296.9,35.202520132799464,14/05/2022
1652572800,312.6,285.7,312.4,39.824656751855954,15/05/2022
1652659200,312.5,290.3,297.2,37.034744234243945,16/05/2022
1652745600,310.7,295.8,306.2,39.72716996721356,17/05/2022
1652832000,308.6,286.8,287.7,36.29186028,18/05/2022
1652918400,308.9,286.8,307.1,41.95975990548645,19/05/2022
1653004800,316.1,294.1,302.2,40.96834670297652,20/05/2022
1653091200,314.2,299.3,312.4,43.93782673,21/05/2022
1653177600,323.7,311.5,319.4,45.94735875863385,22/05/2022
1653264000,337,315.3,317.2,45.39660470729035,23/05/2022
1653350400,330.4,312.1,328.3,48.73547153580391,24/05/2022
1653436800,337.9,324,325.7,47.995164316598895,25/05/2022
1653523200,331.8,296.7,303,41.996952697351986,26/05/2022
1653609600,309.8,290.6,301.6,41.651221235554935,27/05/2022
1653696000,310.5,296.9,307.5,43.75273011938957,28/05/2022
1653782400,308.2,298.6,305.8,43.26915993439567,29/05/2022
1653868800,324,303.9,321.8,48.98414704600252,30/05/2022
1653955200,324.8,313.5,320.9,48.68703750366152,31/05/2022
1654041600,324.5,297.6,300.4,42.381357236702605,01/06/2022
1654128000,309.2,298.2,308.3,45.32037389,02/06/2022
1654214400,310.3,293.3,298.6,42.45675544285616,03/06/2022
1654300800,302.9,294.8,301.3,43.52641055759961,04/06/2022
1654387200,302.5,295,299.1,42.82782588168463,05/06/2022
1654473600,312.3,288,295.1,41.52292905260161,06/06/2022
1654560000,295.9,273.5,290.3,39.94991732076704,07/06/2022
1654646400,294.6,283.9,288.5,39.34793753954298,08/06/2022
1654732800,293.4,286.3,289.9,40.10390782004091,09/06/2022
1654819200,298.9,283.2,286.4,38.80183258632749,10/06/2022
1654905600,290.6,265.2,269.9,33.31100611800659,11/06/2022
1654992000,272,251.1,254.8,29.233917226132107,12/06/2022
1655078400,257.8,213.2,223,22.88215526175877,13/06/2022
1655164800,231.4,204.1,223,22.88215526175877,14/06/2022
1655251200,234.7,198.4,233.6,28.857772512657178,15/06/2022
1655337600,237.2,207.7,210.2,24.36871479426118,16/06/2022
1655424000,222.1,207.7,215.8,27.283988183618845,17/06/2022
1655510400,219,183.4,197,23.946806046371464,18/06/2022
1655596800,217,189.7,215.1,32.50617081037079,19/06/2022
1655683200,219.8,204.8,216.5,33.13302981179221,20/06/2022
1655769600,228.4,213.1,220.1,34.80970106912683,21/06/2022
1655856000,221,211.2,214.4,33.38241488240902,22/06/2022
1655942400,231.7,214,228.9,40.10977315252934,23/06/2022
1656028800,243.3,228.3,240.2,44.78902293628637,24/06/2022
1656115200,242.1,229.7,239.7,44.62289058385706,25/06/2022
1656201600,245.2,233.2,233.9,42.64677869366419,26/06/2022
1656288000,241,230,233.8,42.61174065426556,27/06/2022
1656374400,242.8,225.9,226.9,40.159965342445524,28/06/2022
1656460800,229.8,215.4,219.7,37.72101556067417,29/06/2022
1656547200,220.3,205.4,219.6,37.686782102511636,30/06/2022
1656633600,226.8,213.5,216.9,36.717850561859166,01/07/2022
1656720000,219.7,213.8,218.3,37.61351129465217,02/07/2022
1656806400,220.1,213.9,219.2,38.218876246075894,03/07/2022
1656892800,232.2,214.8,231.5,45.93952621,04/07/2022
1656979200,236.6,222.9,230.8,45.59034684972346,05/07/2022
1657065600,240,229,238.6,50.13824626987819,06/07/2022
1657152000,243.8,230,241.4,51.69901652489443,07/07/2022
1657238400,247.7,237,240.7,51.26696678745824,08/07/2022
1657324800,245,240.4,243.3,52.843324006669306,09/07/2022
1657411200,243.5,231.7,234.7,47.38361862835906,10/07/2022
1657497600,235,225.1,225.6,42.39252220563469,11/07/2022
1657584000,228.3,220.2,220.6,39.90531603841727,12/07/2022
1657670400,231.3,216.4,230.5,46.58745735152504,13/07/2022
1657756800,240,227.1,238.5,51.29992820852209,14/07/2022
1657843200,242.7,235.4,238.5,51.29992820852209,15/07/2022
1657929600,251.5,233.9,249.8,57.44978505234965,16/07/2022
1658016000,256.1,246.4,247.8,56.099484300412115,17/07/2022
1658102400,265.6,247.6,264.1,63.607086010107025,18/07/2022
1658188800,274.8,255.8,268.6,65.36792524127038,19/07/2022
1658275200,272,256.4,258.2,58.342199659191024,20/07/2022
1658361600,266,250.7,265.6,61.51202010742405,21/07/2022
1658448000,271.4,261.1,262.4,59.40689400139589,22/07/2022
1658534400,272.6,252.7,259.2,57.29524659423756,23/07/2022
1658620800,266.2,257.1,261.4,58.39030301493615,24/07/2022
1658707200,262.7,243.8,244.6,48.22145276,25/07/2022
1658793600,249.6,239.6,249.4,50.854919357526555,26/07/2022
1658880000,272,247.5,271.6,60.78817165,27/07/2022
1658966400,280.8,263.6,277.2,62.82912881420639,28/07/2022
1659052800,302,274.8,293.6,68.07054667623353,29/07/2022
1659139200,300.2,285.1,287.8,64.60114117188147,30/07/2022
1659225600,297.1,282.1,283.4,62.01871477073425,31/07/2022
1659312000,290.5,277.9,283.2,61.89759263385453,01/08/2022
1659398400,291.1,274.2,283.8,62.136498860982535,02/08/2022
1659484800,305.7,278.2,297.5,67.19446763581041,03/08/2022
1659571200,313.4,297.2,311.8,71.47742935,04/08/2022
1659657600,321.5,308.1,315.9,72.58266490267633,05/08/2022
1659744000,322.9,312.6,315.2,72.06919532119616,06/08/2022
1659830400,325.9,308.2,322.8,74.20298451384355,07/08/2022
1659916800,334,320.8,324.9,74.77639496796763,08/08/2022
1660003200,328.3,312.4,324.4,74.35262726518792,09/08/2022
1660089600,336.8,313.6,328.8,75.65986240890516,10/08/2022
1660176000,334.7,322,323.6,71.05077443,11/08/2022
1660262400,328.1,317.7,327.9,72.54045314553159,12/08/2022
1660348800,333,322.8,324.3,69.32413607,13/08/2022
1660435200,331,315.8,317.6,63.66636186818086,14/08/2022
1660521600,327.4,313.6,319.5,64.54993333514066,15/08/2022
1660608000,322.4,312,316.1,61.66026383248973,16/08/2022
1660694400,324,304.2,306.9,54.54485640455823,17/08/2022
1660780800,311,295.8,298.1,48.749930072002996,18/08/2022
1660867200,298.2,276.2,279.1,39.092828075516856,19/08/2022
1660953600,289.4,277,283.7,42.084123906514996,20/08/2022
1661040000,304.2,283.4,301.9,52.10640555357016,21/08/2022
1661126400,304.9,288.8,300,51.112010773525654,22/08/2022
1661212800,301.7,293.8,299.3,50.727911201814706,23/08/2022
1661299200,300.5,294.3,296.4,49.08228838486416,24/08/2022
1661385600,307.5,296,301.2,51.86563013448617,25/08/2022
1661472000,302.3,277.2,279.6,41.003484545388176,26/08/2022
1661558400,284.8,273.3,277.9,40.288337803688655,27/08/2022
1661644800,284.1,275.6,276.5,39.67464470027949,28/08/2022
1661731200,286.7,272.3,285.9,45.65982734804512,29/08/2022
1661817600,292,276.1,281.6,43.532116593495395,30/08/2022
1661904000,290,277.7,279.2,42.34602442877723,31/08/2022
1661990400,280.3,270.7,278.3,41.88514783021056,01/09/2022
1662076800,283.4,273.7,277.5,41.45326797401787,02/09/2022
1662163200,278.8,274.2,277.8,41.69605016361151,03/09/2022
1662249600,280.6,275,279.1,42.80291562885886,04/09/2022
1662336000,282,273.4,276.9,41.37151152,05/09/2022
1662422400,286.3,261,262.5,33.47943154785801,06/09/2022
1662508800,280.4,258.6,278.9,46.09213678099337,07/09/2022
1662595200,282.9,275.4,280.5,47.14506473896092,08/09/2022
1662681600,295.9,280,293.4,54.80901621778923,09/09/2022
1662768000,298.6,290.3,296.7,56.54488548019607,10/09/2022
1662854400,298.1,289.7,295.3,55.56966729077632,11/09/2022
1662940800,300,290.8,294.1,54.69885491,12/09/2022
1663027200,298.6,275.4,277.4,44.295637768720034,13/09/2022
1663113600,282.8,273.3,279.3,45.564154542887586,14/09/2022
1663200000,280.5,266.3,271.1,41.20318792704184,15/09/2022
1663286400,276.6,268.5,274.9,43.88361243074776,16/09/2022
1663372800,279.9,274.7,279.1,46.77190447952245,17/09/2022
1663459200,280.3,263.1,266.2,39.967588848253506,18/09/2022
1663545600,273,256.7,271.9,43.85432896,19/09/2022
1663632000,273.7,265.2,266.3,41.04284852860716,20/09/2022
1663718400,276.4,260.3,264,39.91112319510517,21/09/2022
1663804800,276.7,263.5,275.3,47.56159635479441,22/09/2022
1663891200,277.9,268.3,276.7,48.437512131870484,23/09/2022
1663977600,285,274.2,274.4,47.047141418349334,24/09/2022
1664064000,280,270.9,274.3,46.98399400546187,25/09/2022
1664150400,276.9,270.8,276.1,48.32840295497798,26/09/2022
1664236800,286.6,269.2,272.3,45.694016428417314,27/09/2022
1664323200,283.7,266.3,281.6,52.515968617328085,28/09/2022
1664409600,285.6,277.1,284.1,54.18220612005863,29/09/2022
1664496000,289.8,280.5,284.8,54.66193407442905,30/09/2022
1664582400,285.4,277.7,282.9,53.038653518958846,01/10/2022
1664668800,287.9,279.4,284.7,54.41964155485402,02/10/2022
1664755200,289.1,283.1,286.9,56.118155469521355,03/10/2022
1664841600,298.2,286.3,296.2,62.48270714958435,04/10/2022
1664928000,296.4,289.2,294.2,60.45209930119148,05/10/2022
1665014400,298.1,278.6,287,53.687714249042855,06/10/2022
1665100800,287,279.1,282.3,49.77249246416527,07/10/2022
1665187200,282.7,275.4,276.4,45.305911941130056,08/10/2022
1665273600,279.4,275.1,278.2,46.872344166163394,09/10/2022
1665360000,279.2,271.3,271.5,42.04535596,10/10/2022
1665446400,274,267.2,271.4,41.975874455033946,11/10/2022
1665532800,272.9,269.2,270.9,41.605655863947355,12/10/2022
1665619200,273.7,256.8,271.6,42.371966738648474,13/10/2022
1665705600,276.8,267.6,269.4,40.569992987205964,14/10/2022
1665792000,271.4,267.4,268.2,39.581207406741086,15/10/2022
1665878400,273.9,267.9,272.5,44.77522088412132,16/10/2022
1665964800,275.9,269.8,275.6,48.23049841128373,17/10/2022
1666051200,276,270.1,273.1,45.74477152871838,18/10/2022
1666137600,273.9,270.3,272,44.654255944401704,19/10/2022
1666224000,273.4,267.3,269,41.732285389888894,20/10/2022
1666310400,271.2,263.4,270.1,43.19992031027652,21/10/2022
1666396800,271.1,268.4,270.4,43.61703092961362,22/10/2022
1666483200,276.8,268.7,276,50.86977729703961,23/10/2022
1666569600,277.4,271.6,274.1,48.58618984,24/10/2022
1666656000,289.9,272,284.2,59.097562978452004,25/10/2022
1666742400,292,284.1,290.2,63.828630781707275,26/10/2022
1666828800,293.3,284.7,286.7,59.504848488874984,27/10/2022
1666915200,301.1,285.7,297.9,67.16904265795671,28/10/2022
1667001600,308.4,295.6,304.4,70.64178909263048,29/10/2022
1667088000,318.8,302.3,313.5,74.67981515916378,30/10/2022
1667174400,337.9,306.5,325.7,78.87490547064937,31/10/2022
1667260800,334.6,317.4,323.9,76.85176677433772,01/11/2022
1667347200,330,315.3,320.2,72.72253089550576,02/11/2022
1667433600,338.7,318,329.5,76.18601932322372,03/11/2022
1667520000,358.9,328.3,354.6,82.60546953481487,04/11/2022
1667606400,361.3,346.1,349.2,77.74958196989041,05/11/2022
1667692800,356,337.7,337.9,68.65465577195704,06/11/2022
1667779200,344.4,326.4,337,67.97265619,07/11/2022
1667865600,398.3,298,327.4,61.01066774130181,08/11/2022
1667952000,333.1,260.2,267.3,36.089518455198224,09/11/2022
1668038400,313,263.2,304,49.62205017371767,10/11/2022
1668124800,306,279,290.4,45.75563014240849,11/11/2022
1668211200,294.5,271.6,282.8,43.706183658613604,12/11/2022
1668297600,286.5,273.2,276.4,42.00012601823693,13/11/2022
1668384000,292,268,279,42.97399783376532,14/11/2022
1668470400,282.4,273.2,277,42.38444520370532,15/11/2022
1668556800,280.2,268.8,271.8,40.81657045413746,16/11/2022
1668643200,273.5,262.9,267.9,39.63243451970472,17/11/2022
1668729600,274.8,267.7,274.1,42.48889692777345,18/11/2022
1668816000,274.6,268.9,272.6,41.97145321959872,19/11/2022
1668902400,273.8,261.8,264.2,39.09978209263683,20/11/2022
1668988800,265.3,250,253.9,35.859878202541395,21/11/2022
1669075200,267.8,252,266.7,42.26270364556626,22/11/2022
1669161600,301.8,264.8,298.8,54.52327722733593,23/11/2022
1669248000,304.1,293.9,300.2,54.97237517473801,24/11/2022
1669334400,306.6,294.1,300.8,55.176673071723705,25/11/2022
1669420800,317.8,299.9,311.4,58.738472478314776,26/11/2022
1669507200,316.7,306.3,307.6,56.9901264,27/11/2022
1669593600,309.6,286.6,293.5,50.93228229584677,28/11/2022
1669680000,305.3,289,295.4,51.67767556,29/11/2022
1669766400,305.5,292.5,300.6,53.74852997721939,30/11/2022
1669852800,302,290,292.3,50.06080113240864,01/12/2022
1669939200,293.9,285.4,293.4,50.545086240451035,02/12/2022
1670025600,294.4,289,290.4,49.145321727835515,03/12/2022
1670112000,292.8,287.4,291.8,49.84338647680328,04/12/2022
1670198400,297.2,286.1,288.4,48.115998610194225,05/12/2022
1670284800,290.8,286.5,290.2,49.121300721171686,06/12/2022
1670371200,290.9,281.1,284.2,45.926870443798705,07/12/2022
1670457600,292,282.4,290.4,49.57597405936568,08/12/2022
1670544000,292,284.4,286,47.144437422892736,09/12/2022
1670630400,289.9,285.7,288.2,48.504422620034376,10/12/2022
1670716800,291.4,283.3,284.4,46.28894988731261,11/12/2022
1670803200,285.8,271.7,276.1,41.798172351187006,12/12/2022
1670889600,282,255.6,272.2,39.84221712564501,13/12/2022
1670976000,278.4,265.5,267.7,37.652785834169585,14/12/2022
1671062400,268.1,256.5,258.8,33.70751570240239,15/12/2022
1671148800,264.7,224.7,231.2,24.96979190566094,16/12/2022
1671235200,245,220,242.1,32.42036234461712,17/12/2022
1671321600,254.6,239.5,251,37.84737738404303,18/12/2022
1671408000,253.3,236.8,240.4,34.31306286973475,19/12/2022
1671494400,253.5,239.1,251.4,40.52044676,20/12/2022
1671580800,251.5,245.2,246.2,38.66053314399865,21/12/2022
1671667200,248.3,240.1,245.8,38.51408648080013,22/12/2022
1671753600,248.7,243.7,246.2,38.76389307476137,23/12/2022
1671840000,246.3,243.4,244.5,38.056228225062696,24/12/2022
1671926400,245.8,241.4,243.2,37.492558857785944,25/12/2022
1672012800,244.9,242,244.3,38.32497792699664,26/12/2022
1672099200,248.9,242.1,246.7,40.19627097793183,27/12/2022
1672185600,247.4,241.5,244.5,39.02731727043101,28/12/2022
1672272000,246.9,243.3,246.3,40.55064450205839,29/12/2022
1672358400,246.7,242.7,245.8,40.24982631117819,30/12/2022
1672444800,248,244.8,246.3,40.72338565239809,31/12/2022
1672531200,246.7,243.4,244.4,39.444048535267434,01/01/2023
1672617600,247.9,240.7,245.2,40.29455212882962,02/01/2023
1672704000,247,244.4,246.1,41.29349975108427,03/01/2023
1672790400,261,245.6,258.9,53.268831231875886,04/01/2023
1672876800,259.2,255.2,256.7,51.330731159898185,05/01/2023
1672963200,260.7,254.2,259.9,53.954938053810615,06/01/2023
1673049600,263.9,259.4,261.3,55.09569717238834,07/01/2023
1673136000,276.5,260.1,274.9,64.33853991351324,08/01/2023
1673222400,283.5,271.3,272.6,62.01377322650161,09/01/2023
1673308800,278.8,270.2,277.1,64.70120480750612,10/01/2023
1673395200,287.7,274.1,284.8,68.77232401,11/01/2023
1673481600,288.6,278.5,287.7,70.16782703525912,12/01/2023
1673568000,296,284.9,293.7,72.86924018241942,13/01/2023
1673654400,314.4,293.1,305.1,77.11038328,14/01/2023
1673740800,306.1,291.8,302.2,73.94373252505814,15/01/2023
1673827200,308.1,293.1,299,70.50314613205893,16/01/2023
1673913600,305.8,294.9,299.4,70.68675333610263,17/01/2023
1674000000,305.3,281.1,286.7,58.28226500518995,18/01/2023
1674086400,295.5,286.1,294.6,62.670600995644996,19/01/2023
1674172800,305.4,286.6,305.1,67.5556128,20/01/2023
1674259200,309.9,298.4,299,62.44321004927681,21/01/2023
1674345600,311.4,298.5,303,64.34847997706085,22/01/2023
1674432000,307.8,300.8,305.1,65.34253144764773,23/01/2023
1674518400,323.5,299.2,300.3,61.14586420810163,24/01/2023
1674604800,314,293.4,306.9,64.52012071606069,25/01/2023
1674691200,309.5,301.6,304.7,62.569525604916976,26/01/2023
1674777600,310.5,298.8,308,64.31239676845212,27/01/2023
1674864000,313.6,303.6,306.1,62.50772594592237,28/01/2023
1674950400,320.5,304.8,317.2,68.13360397343297,29/01/2023
1675036800,320.8,302,307.2,59.475055548461775,30/01/2023
1675123200,314.4,305.3,312,61.97310221043995,31/01/2023
1675209600,319.4,305.6,317,64.43258543952422,01/02/2023
1675296000,334.4,316.3,323.5,67.38575468695552,02/02/2023
1675382400,335.5,318.3,332.2,70.87185190093574,03/02/2023
1675468800,334.1,327,330.4,69.22322669586055,04/02/2023
1675555200,337.8,324,327.8,66.80582935387466,05/02/2023
1675641600,331.5,320.7,324.3,63.586675735058506,06/02/2023
1675728000,333.7,323.2,333,67.74705233881417,07/02/2023
1675814400,335.8,323.6,328.2,63.44035279,08/02/2023
1675900800,329.3,302,306.2,48.28854594237923,09/02/2023
1675987200,309.2,302.5,305.8,48.063775751353774,10/02/2023
1676073600,311.4,305.1,310.4,50.894559671101206,11/02/2023
1676160000,321,306,312.6,52.23544493,12/02/2023
1676246400,315.7,282.8,294.3,41.96931076700167,13/02/2023
1676332800,301.7,289.8,296.2,43.21711452600784,14/02/2023
1676419200,317.7,294,317.4,54.87612925104269,15/02/2023
1676505600,327.8,303.9,304.4,48.32377431057964,16/02/2023
1676592000,317.5,302.8,313,52.37501958230128,17/02/2023
1676678400,319.2,312.9,316.5,53.957051194909724,18/02/2023
1676764800,318.9,310.3,311.5,51.33362457631789,19/02/2023
1676851200,319.8,308,315.4,53.24323364323797,20/02/2023
1676937600,317.4,309.3,311.5,51.08454656,21/02/2023
1677024000,312.9,303.2,312.4,51.57250169392461,22/02/2023
1677110400,315.3,305.8,308.3,49.16632464371594,23/02/2023
1677196800,312.1,298.6,302.3,45.79876551158721,24/02/2023
1677283200,303,295.5,302.4,45.86531680777753,25/02/2023
1677369600,309.8,300.7,308.7,50.02822956434951,26/02/2023
1677456000,309.4,300.5,304.6,47.46983556503722,27/02/2023
1677542400,305.7,300,301.4,45.51350007494233,28/02/2023
1677628800,306.4,300.5,302.7,46.478510172281986,01/03/2023
1677715200,303.8,295.8,299.8,44.581637030166476,02/03/2023
1677801600,300,286.6,290.4,39.02240658,03/03/2023
1677888000,291.5,285.8,289.6,38.58146184625235,04/03/2023
1677974400,292.8,287.4,288.7,38.06041018824156,05/03/2023
1678060800,289.7,283.3,287.8,37.51479139286682,06/03/2023
1678147200,290.5,283.4,289.3,39.08223966992622,07/03/2023
1678233600,294.3,285.1,287.1,37.59275428580936,08/03/2023
1678320000,291.4,271.2,277.1,31.682132035029056,09/03/2023
1678406400,278.1,265,277.4,32.02740996162335,10/03/2023
1678492800,281.8,270.5,276,31.234078509735923,11/03/2023
1678579200,288.8,273.2,288.1,44.117969689148744,12/03/2023
1678665600,314.1,286.1,307.9,57.98882190401551,13/03/2023
1678752000,319.5,302,308.4,58.27050680977439,14/03/2023
1678838400,312.7,300,306.3,56.55534021980272,15/03/2023
1678924800,332.8,302.8,329.4,67.78742406765693,16/03/2023
1679011200,340,325,338.9,71.09693721917883,17/03/2023
1679097600,346.3,328,331,65.10659279602464,18/03/2023
1679184000,341.7,330.3,336.7,67.25064845,19/03/2023
1679270400,339.1,331.3,332.5,64.12404567847767,20/03/2023
1679356800,339.9,327.1,334.4,64.91863318422168,21/03/2023
1679443200,339.5,316,321.1,55.63039879907292,22/03/2023
1679529600,332.1,318.9,329.4,59.52253671564851,23/03/2023
1679616000,330,316.9,322.1,54.95638532196903,24/03/2023
1679702400,324.9,319,322.4,55.10879523456083,25/03/2023
1679788800,329.5,321.7,328.6,58.25266033644347,26/03/2023
1679875200,329.8,305.9,310.6,47.78875390798311,27/03/2023
1679961600,315.8,306.8,313.2,49.208003868177336,28/03/2023
1680048000,319.9,312.4,313.7,49.492340891607085,29/03/2023
1680134400,320.8,309.1,316.4,51.084772014478126,30/03/2023
1680220800,319.8,311.8,316.9,51.39041627285978,31/03/2023
1680307200,319,313,314.9,50.04342778479095,01/04/2023
1680393600,316.2,310.7,313.7,49.20999420206016,02/04/2023
1680480000,314.1,299.5,308.8,45.85198699090096,03/04/2023
1680566400,312.7,308.2,310.8,47.42885148603964,04/04/2023
1680652800,316.8,310.2,313.9,49.865885443602636,05/04/2023
1680739200,315.2,310.6,312.3,48.61328641785016,06/04/2023
1680825600,312.8,309.7,310.3,47.02321882960398,07/04/2023
1680912000,312.7,310.1,310.5,47.20917207388419,08/04/2023
1680998400,313.7,309.5,312.8,49.40844313873091,09/04/2023
1681084800,318.7,311.5,318.5,54.47068726282116,10/04/2023
1681171200,333,317.8,322.3,57.52223470312587,11/04/2023
1681257600,323.3,316.7,319.9,55.01429599,12/04/2023
1681344000,325.1,317.7,324.7,58.876099300306365,13/04/2023
1681430400,335.5,323.2,328.9,61.95375586869903,14/04/2023
1681516800,336,326.9,333,64.72877301882605,15/04/2023
1681603200,350,330.1,347.7,72.47930398604616,16/04/2023
1681689600,350,337.5,340,64.48586782827897,17/04/2023
1681776000,346.7,337,343.1,66.10652532481109,18/04/2023
1681862400,343.7,320.1,322.4,49.77307762810347,19/04/2023
1681948800,326.8,315.3,318.1,47.16604884767472,20/04/2023
1682035200,334.6,315.3,321.2,49.230625741517805,21/04/2023
1682121600,333.1,319.9,332.2,55.826805129262524,22/04/2023
1682208000,332.5,327.4,330.7,54.781583268222484,23/04/2023
1682294400,334,327.7,331.2,55.083464000122184,24/04/2023
1682380800,340,328.6,338.4,59.29741261159482,25/04/2023
1682467200,345,321.5,330.6,53.44740546257542,26/04/2023
1682553600,336.6,328.2,330.9,53.63685992128736,27/04/2023
1682640000,330.9,318.7,324.1,48.789963138907574,28/04/2023
1682726400,325,320.6,321.9,47.300716604325864,29/04/2023
1682812800,338.3,320.4,337.5,57.262401940281755,30/04/2023
1682899200,339.6,326.1,328.5,51.244092541055394,01/05/2023
1682985600,328.5,321.4,321.5,47.09792420862067,02/05/2023
1683072000,327.6,320.4,325.9,49.84491626236582,03/05/2023
1683158400,327.5,323.2,323.8,48.54917628805888,04/05/2023
1683244800,329.1,322.8,326.5,50.33673933904431,05/05/2023
1683331200,328.5,319.5,321.9,47.32029555166336,06/05/2023
1683417600,325.4,320.4,321,46.73026062390282,07/05/2023
1683504000,322.1,311.1,313.8,42.197227805717844,08/05/2023
1683590400,315.8,311.2,312.1,41.18146213652697,09/05/2023
1683676800,316.7,308,314.3,43.09066281625289,10/05/2023
1683763200,314.5,304.4,307.5,38.88887907308406,11/05/2023
1683849600,309.1,301.2,308.5,39.818254262086285,12/05/2023
1683936000,311.8,307.5,310.7,41.911258725150255,13/05/2023
1684022400,314.8,309.5,312.1,43.263511448461195,14/05/2023
1684108800,316.3,310.5,313.4,44.55423803283306,15/05/2023
1684195200,314,309.3,311.4,42.93591990015205,16/05/2023
1684281600,314.4,307,314.3,45.99880653831992,17/05/2023
1684368000,314.9,306.1,309.3,41.829992006741385,18/05/2023
1684454400,311.5,307.5,308.9,41.50591318301197,19/05/2023
1684540800,312,307.8,310.6,43.50907116204688,20/05/2023
1684627200,311.6,305.7,306.4,39.87580087698818,21/05/2023
1684713600,311.1,304.4,309,43.046444823554936,22/05/2023
1684800000,315.4,309,313.5,48.14356289655095,23/05/2023
1684886400,313.6,303.6,306,41.48040273678605,24/05/2023
1684972800,306.9,302.2,304.5,40.27968005047093,25/05/2023
1685059200,308.5,301.4,306.8,43.00404358060531,26/05/2023
1685145600,307.7,304,307.4,43.72525823185948,27/05/2023
1685232000,314.6,306.7,314.1,51.15760081189036,28/05/2023
1685318400,317.3,310.4,311.6,48.57941407231068,29/05/2023
1685404800,314.2,310.8,311.5,48.474179281748576,30/05/2023
1685491200,311.9,305,306.8,43.684395189540126,31/05/2023
1685577600,307.7,303.1,304.9,41.882702979312725,01/06/2023
1685664000,308.4,303.1,307.2,44.84804054117345,02/06/2023
1685750400,308.2,303,306.6,44.214259584459384,03/06/2023
1685836800,307.6,304.5,305,42.48987328246576,04/06/2023
1685923200,305.1,272,276.9,24.452662465273136,05/06/2023
1686009600,285.8,273.2,281.2,29.392169752108686,06/06/2023
1686096000,281.8,253.4,259.3,21.633969006808314,07/06/2023
1686182400,267.5,257.1,262,24.287364943491554,08/06/2023
1686268800,264.4,255.7,260.5,23.805131886003693,09/06/2023
1686355200,260.7,228.4,238.7,18.16130633,10/06/2023
1686441600,239.3,233.4,235.4,17.485498625475017,11/06/2023
1686528000,239.3,220.4,231.3,16.656207933530013,12/06/2023
1686614400,247,228.7,244.2,28.195312361406522,13/06/2023
1686700800,252.8,232.9,237.9,26.281560943816203,14/06/2023
1686787200,240.8,230.6,236.4,25.831986299076192,15/06/2023
1686873600,243.8,232.2,239.3,28.38269038834885,16/06/2023
1686960000,249.8,237.2,244.5,32.84261229,17/06/2023
1687046400,248.7,242.3,244.1,32.674052653499274,18/06/2023
1687132800,245,238.3,243.1,32.228720907496324,19/06/2023
1687219200,248.1,238.7,247.7,36.515127993884136,20/06/2023
1687305600,254.7,245,248.8,37.53259591888503,21/06/2023
1687392000,257,239.4,240.8,33.346726537400926,22/06/2023
1687478400,249.8,239.7,244.3,36.674242905892854,23/06/2023
1687564800,248.7,230.4,236.4,32.70541627007793,24/06/2023
1687651200,244,235,238.8,35.00653740071549,25/06/2023
1687737600,241.3,233.6,236.1,33.61396951030024,26/06/2023
1687824000,240.8,234.5,237.5,35.05658729856606,27/06/2023
1687910400,237.6,224.6,230.6,31.431298243308603,28/06/2023
1687996800,236.7,230.4,233.1,34.090766825313054,29/06/2023
1688083200,241.7,230.7,240.3,41.167944962034035,30/06/2023
1688169600,249,240,247.9,47.56789969780244,01/07/2023
1688256000,248.5,242.9,246.5,46.56304473616178,02/07/2023
1688342400,254.7,245.3,246.5,46.56304473616178,03/07/2023
1688428800,246.9,240.4,242.5,43.516912173940234,04/07/2023
1688515200,243.9,235.8,238.9,40.92217525031828,05/07/2023
1688601600,244.5,231.5,232.2,36.55375652114949,06/07/2023
1688688000,236.2,231.1,235.6,40.05107929458272,07/07/2023
1688774400,237.6,234.2,236.3,40.77491384608571,08/07/2023
1688860800,237,232.9,234.1,39.174009832646306,09/07/2023
1688947200,247,231.3,246.2,50.650355970530214,10/07/2023
1689033600,249.5,244.6,248.6,52.56218767123534,11/07/2023
1689120000,250.5,242.6,243.9,48.59207883260755,12/07/2023
1689206400,257.8,242.7,256.1,57.55419230897912,13/07/2023
1689292800,261.7,243.4,248.1,51.24534964523722,14/07/2023
1689379200,252.5,246.9,251.1,53.312122800994395,15/07/2023
1689465600,252.1,242,242.3,47.016059395453205,16/07/2023
1689552000,244.9,239.8,244.1,48.35946865016239,17/07/2023
1689638400,246.7,237.5,240.2,45.65824772109573,18/07/2023
1689724800,244.1,239.6,240.8,46.15653854,19/07/2023
1689811200,245,240.3,242.8,47.87239305573098,20/07/2023
1689897600,245.4,242,243.7,48.66518043454744,21/07/2023
1689984000,244.9,240.1,241.1,46.46658550530997,22/07/2023
1690070400,244,240.4,242.5,47.83324424801736,23/07/2023
1690156800,243.1,235,238.9,44.674910785674165,24/07/2023
1690243200,239.8,236.2,237.7,43.64052733724948,25/07/2023
1690329600,240.4,236.3,239,45.12289472849211,26/07/2023
1690416000,244.5,238.4,240.6,46.971563348714305,27/07/2023
1690502400,242.9,239.7,241.9,48.489900832954405,28/07/2023
1690588800,242.9,241.1,242.4,49.0936311,29/07/2023
1690675200,243.8,240.3,242.5,49.22181762529872,30/07/2023
1690761600,244.5,240.5,241,47.29789319947522,31/07/2023
1690848000,247.8,237.3,247.7,55.63861579817672,01/08/2023
1690934400,248.8,235.7,240.7,47.22873344638343,02/08/2023
1691020800,242.8,238.3,241.1,47.71506984047056,03/08/2023
1691107200,243.4,240.2,241.7,48.48203197027213,04/08/2023
1691193600,243.3,240.1,243.2,50.43933992912569,05/08/2023
1691280000,245.5,242.8,243.2,50.43933992912569,06/08/2023
1691366400,244.9,239.7,242.1,48.86053157002533,07/08/2023
1691452800,248,241.5,245.2,53.29719682886575,08/08/2023
1691539200,245.5,242.8,243.8,51.13941641625921,09/08/2023
1691625600,244.1,240.5,241.5,47.72120615014082,10/08/2023
1691712000,242.3,238,239.7,45.176237611366936,11/08/2023
1691798400,241.4,239.3,240.3,46.206072703021654,12/08/2023
1691884800,241.8,239.8,240.2,46.050809140009996,13/08/2023
1691971200,241.5,239.7,240.4,46.438457761223034,14/08/2023
1692057600,240.8,234,236.7,40.62302568753905,15/08/2023
1692144000,237.4,230.7,232,34.681676246776235,16/08/2023
1692230400,232.4,212.5,218.1,23.66031951452611,17/08/2023
1692316800,220.3,213.5,216.1,22.54991853590802,18/08/2023
1692403200,219.2,213.6,216.8,23.896146495742414,19/08/2023
1692489600,218,215.4,216.5,23.705967604134003,20/08/2023
1692576000,216.9,206.2,210.4,20.187798814479805,21/08/2023
1692662400,213,203.4,210.9,21.219848602065284,22/08/2023
1692748800,218.8,210.8,216.6,32.01296790867147,23/08/2023
1692835200,221.2,215.6,219,35.989482448322576,24/08/2023
1692921600,219.6,213.7,218.4,35.431537711952416,25/08/2023
1693008000,219.3,216.1,216.5,33.652364613863995,26/08/2023
1693094400,219.8,215.9,218.4,37.056179887645165,27/08/2023
1693180800,219.5,215.1,218.8,37.779886278384794,28/08/2023
1693267200,234.8,217,226.9,50.2532534,29/08/2023
1693353600,227.3,221.7,223.8,46.417945976131314,30/08/2023
1693440000,226,214.4,216.7,39.064376022408084,31/08/2023
1693526400,218.4,211.2,213.7,36.43767548752394,01/09/2023
1693612800,215.9,213,214.4,37.49379788139679,02/09/2023
1693699200,215.2,213.2,214.4,37.49379788139679,03/09/2023
1693785600,216.5,213.1,215.2,38.84070686996877,04/09/2023
1693872000,216.1,213.5,214.6,38.17626871,05/09/2023
1693958400,218.8,211.8,215.2,39.29462269,06/09/2023
1694044800,217.9,213.6,217.1,42.82190934917154,07/09/2023
1694131200,218.8,213.4,214.7,39.685131643561284,08/09/2023
1694217600,215.4,214.1,214.1,38.917613574759585,09/09/2023
1694304000,214.3,211.1,212.4,36.748969392724554,10/09/2023
1694390400,212.7,203.9,206.1,30.06317198186406,11/09/2023
1694476800,214.3,204.9,210.7,38.81599092574325,12/09/2023
1694563200,213.3,209.3,212.5,41.88118596700731,13/09/2023
1694649600,215,211,212.2,41.5079488,14/09/2023
1694736000,215,210.9,214.1,44.85955666084424,15/09/2023
1694822400,216,213.3,214.9,46.25595012771012,16/09/2023
1694908800,216.8,213.3,216.5,49.03577634553877,17/09/2023
1694995200,221.3,214.9,216,48.196818132373224,18/09/2023
1695081600,219.9,215.3,217.2,50.39056967665469,19/09/2023
1695168000,217.8,213.3,214.4,45.54410910905445,20/09/2023
1695254400,215.1,209.1,210.8,40.19179088935664,21/09/2023
1695340800,213,209.6,211.1,40.815982027088936,22/09/2023
1695427200,211.7,209.9,210.5,39.91866180909811,23/09/2023
1695513600,211.2,206.5,208.3,36.73009603009657,24/09/2023
1695600000,210.6,206.5,209.9,40.45525516806253,25/09/2023
1695686400,213.7,209.7,212.6,46.21061760273046,26/09/2023
1695772800,216,210.5,212,45.16586904588671,27/09/2023
1695859200,217,211.5,215,51.116792809690686,28/09/2023
1695945600,217.6,214.3,215.2,51.49472666893393,29/09/2023
1696032000,216.5,214.1,214.6,50.23982368,30/09/2023
1696118400,219.4,213.1,218.2,57.00933736283923,01/10/2023
1696204800,221.6,213.1,214.6,49.724341874511936,02/10/2023
1696291200,215.8,212.4,213.5,47.71784279923971,03/10/2023
1696377600,213.8,210.8,213.4,47.530070994097215,04/10/2023
1696464000,213.9,210.2,210.6,42.48852276811467,05/10/2023
1696550400,214.6,210.1,213.4,48.38455467330255,06/10/2023
1696636800,213.8,211.5,212.3,46.373186480039195,07/10/2023
1696723200,212.8,208.8,211.4,44.734623552815535,08/10/2023
1696809600,212.2,202,205.8,36.170532292033855,09/10/2023
1696896000,213.1,205.5,208.6,42.13545386951089,10/10/2023
1696982400,208.8,204.3,206.6,39.30966623958702,11/10/2023
1697068800,207.3,202.8,205.1,37.289776908929504,12/10/2023
1697155200,208.3,204.3,206.1,39.52091700326756,13/10/2023
1697241600,207.1,205.7,206.5,40.433837155636915,14/10/2023
1697328000,213,206.3,209.7,47.28880090709922,15/10/2023
1697414400,219,209.6,214.6,55.69645444287342,16/10/2023
1697500800,215,209,211.4,50.07869084306225,17/10/2023
1697587200,213.9,209.9,210.2,48.11864924286416,18/10/2023
1697673600,211.5,208.2,211.2,49.87914205292184,19/10/2023
1697760000,216.6,210.5,212.1,51.47507644498885,20/10/2023
1697846400,215.8,211.4,214.2,55.07003652035222,21/10/2023
1697932800,218.4,213.6,217.8,60.47583448510419,22/10/2023
1698019200,231,216.9,228.5,71.46505238217796,23/10/2023
1698105600,238.1,221.2,225.2,65.42344715,24/10/2023
1698192000,229.1,221.5,222.1,60.26896763962098,25/10/2023
1698278400,228.1,219.2,223.2,61.43018786788334,26/10/2023
1698364800,231.6,219.9,224.1,62.39851966594769,27/10/2023
1698451200,228.4,224.1,225.7,64.1229875,28/10/2023
1698537600,228.1,223.6,227.1,65.60921397817063,29/10/2023
1698624000,229.2,224.6,228,66.56801833540973,30/10/2023
1698710400,229.3,223.9,226.2,62.79714065,31/10/2023
1698796800,229.5,222.3,227.9,64.82382683570714,01/11/2023
1698883200,233.7,227.5,231.9,69.09057375513041,02/11/2023
1698969600,232.4,225.6,230.2,65.45665102784906,03/11/2023
1699056000,238.7,229.3,237.1,71.91372649550703,04/11/2023
1699142400,245.5,236.1,244,76.62021153971025,05/11/2023
1699228800,256.1,241.5,255.1,81.88047918565094,06/11/2023
1699315200,255.6,242.1,246.2,68.56077206913804,07/11/2023
1699401600,248.3,244,246.7,68.86717821104715,08/11/2023
1699488000,255.9,240,251.6,71.77076894415222,09/11/2023
1699574400,258,248.1,251,70.89881064,10/11/2023
1699660800,255.2,246,251.5,71.21268276476941,11/11/2023
1699747200,252,244.5,247.4,65.01988698602857,12/11/2023
1699833600,250.2,240.3,241.1,56.840369586447025,13/11/2023
1699920000,249.4,233.7,242.3,57.92609419281114,14/11/2023
1700006400,254.5,242.1,253.7,66.53804535680752,15/11/2023
1700092800,256,240,242.7,54.867826471758626,16/11/2023
1700179200,245.9,238.3,244.9,56.51070702601583,17/11/2023
1700265600,245.2,238.5,244.8,56.410190075260275,18/11/2023
1700352000,246.9,241.8,246.4,57.70643631988624,19/11/2023
1700438400,268.4,238.6,253.1,62.70751170889982,20/11/2023
1700524800,271.9,224,225.5,41.13112648086131,21/11/2023
1700611200,238.5,224.6,236.1,48.46513971204627,22/11/2023
1700697600,239.2,230.2,233.8,47.094164157531466,23/11/2023
1700784000,236.7,231.6,232.7,46.417871002494536,24/11/2023
1700870400,235.7,232.1,234.4,47.66862236850693,25/11/2023
1700956800,234.5,227.9,231.7,45.8384967,26/11/2023
1701043200,232.9,222.5,227.2,42.88340471671418,27/11/2023
1701129600,231.7,224.3,229.6,44.922775057066005,28/11/2023
1701216000,231.2,226.1,227.3,43.32621302898683,29/11/2023
1701302400,229.2,225.9,227.6,43.607737944814666,30/11/2023
1701388800,230,227,228.5,44.49846680184693,01/12/2023
1701475200,230.1,224.8,229,45.018053821916986,02/12/2023
1701561600,231.9,225.9,228.1,44.21566174702309,03/12/2023
1701648000,237.4,224.8,233.5,49.97678835629871,04/12/2023
1701734400,234.9,227.9,231.2,47.716407440884424,05/12/2023
1701820800,234.8,228.6,229.4,45.96429006,06/12/2023
1701907200,234.8,228.3,232.6,49.51350909,07/12/2023
1701993600,240,232.2,238.9,55.684848504380014,08/12/2023
1702080000,245.5,236.3,237.7,54.322741256213824,09/12/2023
1702166400,241.4,236.8,239.8,56.335649586496814,10/12/2023
1702252800,248.2,228,246.4,62.00302875021728,11/12/2023
1702339200,257.3,245.5,254.6,67.62534217843123,12/12/2023
1702425600,255.9,244.1,252,64.37287332780471,13/12/2023
1702512000,254,247.7,253.3,65.27223664839694,14/12/2023
1702598400,253.4,242.6,244.9,55.51961384727134,15/12/2023
1702684800,248.4,242.7,244.4,54.99289973479294,16/12/2023
1702771200,244.5,238.8,238.8,49.346313822085506,17/12/2023
1702857600,241.7,232,241.7,52.08979510996293,18/12/2023
1702944000,254.8,241.3,252.9,60.89811948294099,19/12/2023
1703030400,261.9,250.1,260.3,65.42156151311204,20/12/2023
1703116800,274.9,256.2,272.1,71.15237659890141,21/12/2023
1703203200,276.5,264.9,271.1,70.09218756274787,22/12/2023
1703289600,272,265.6,271,69.97989477428004,23/12/2023
1703376000,272.9,261.9,264.5,62.92334961101153,24/12/2023
1703462400,268.2,261.5,266.9,64.35266628659784,25/12/2023
1703548800,303.2,264,297.7,76.74342469067027,26/12/2023
1703635200,324.4,285.1,324.1,82.39278622204912,27/12/2023
1703721600,338.3,320,322.6,81.18606455305786,28/12/2023
1703808000,325.6,307,313.7,74.23852997917234,29/12/2023
1703894400,320.8,312.2,317.1,75.11465579,30/12/2023
1703980800,325.5,307.4,311.8,71.05780305,31/12/2023
1704067200,316,307,313.5,71.58786444208161,01/01/2024
1704153600,321.3,305.8,312.2,70.52418233,02/01/2024
1704240000,334.3,293.6,315.8,71.77487927368594,03/01/2024
1704326400,324.3,310.9,323.7,74.34722776757349,04/01/2024
1704412800,327.3,308.6,317.5,69.03004674572581,05/01/2024
1704499200,317.6,300.2,307.5,61.40233070769196,06/01/2024
1704585600,310,300,302.4,57.889089807197436,07/01/2024
1704672000,308.1,290,303.7,58.54027918326364,08/01/2024
1704758400,306.8,295.7,301.1,56.65336113716275,09/01/2024
1704844800,310,288.8,305.8,59.21272555,10/01/2024
1704931200,316.8,301.4,308.2,60.49541714,11/01/2024
1705017600,313,289.1,296.6,51.98573764168429,12/01/2024
1705104000,303.1,290.8,302.2,55.257808509181906,13/01/2024
1705190400,306.7,298.7,299.5,53.36936122814825,14/01/2024
1705276800,320.6,299.4,317.5,62.556513476977706,15/01/2024
1705363200,319.4,313,315.2,60.90529472418429,16/01/2024
1705449600,316.3,306.8,309.4,56.83143965000725,17/01/2024
1705536000,315.6,305.7,313,58.67892632254004,18/01/2024
1705622400,316.2,305,314.7,59.55909462170139,19/01/2024
1705708800,317.3,312.2,317.2,60.87881492395808,20/01/2024
1705795200,321.7,316.1,318.6,61.63387528694774,21/01/2024
1705881600,320.3,303.6,305.9,51.85629248939311,22/01/2024
1705968000,311.7,290.3,298.8,47.33527447143719,23/01/2024
1706054400,300.7,290.3,293.1,44.017397156317976,24/01/2024
1706140800,296.7,287.5,292.1,43.44209498656962,25/01/2024
1706227200,304.2,290.7,302.2,50.481631108054266,26/01/2024
1706313600,307.7,301.9,305.6,52.61955428794141,27/01/2024
1706400000,309.1,303.1,305.3,52.40456249288675,28/01/2024
1706486400,311,304.4,310.7,55.89753206239882,29/01/2024
1706572800,313.1,306.3,307.6,53.47145763885582,30/01/2024
1706659200,308.2,298.6,300.5,48.30078532215167,31/01/2024
1706745600,302.2,296.4,300.2,48.089183217569975,01/02/2024
1706832000,305.2,299.8,301.4,49.05068222145067,02/02/2024
1706918400,303.8,299.5,299.7,47.70269356504061,03/02/2024
1707004800,307.7,298,304.7,51.89042189620795,04/02/2024
1707091200,306.8,299.5,301.2,48.936398655672654,05/02/2024
1707177600,304.1,300.9,302.7,50.243720455657716,06/02/2024
1707264000,308.7,300.7,307.3,54.122722067437635,07/02/2024
1707350400,320.6,307.3,319.2,62.30895429743374,08/02/2024
1707436800,326.3,317.9,324,65.02028009311398,09/02/2024
1707523200,325.4,318.9,323,63.987560261840855,10/02/2024
1707609600,324.9,320.1,320.7,61.56550715397303,11/02/2024
1707696000,332.2,315.6,327.8,65.86136110494215,12/02/2024
1707782400,329.2,318.6,324.7,62.57282838,13/02/2024
1707868800,334.6,323.4,333.9,67.72354966,14/02/2024
1707955200,366.6,333.3,354.2,75.67748994582311,15/02/2024
1708041600,366.8,349.1,360.4,77.50112409,16/02/2024
1708128000,363.7,348.2,352.9,70.60479789944412,17/02/2024
1708214400,358.1,349.1,349.8,67.91475596,18/02/2024
1708300800,356.2,349.3,351.6,68.66137702514618,19/02/2024
1708387200,361.6,344.8,354.6,69.91780570076418,20/02/2024
1708473600,379.3,350.9,379.2,77.78343370261031,21/02/2024
1708560000,387.3,373.7,382.6,78.61567254307988,22/02/2024
1708646400,385.8,369,375.5,72.50741187872062,23/02/2024
1708732800,383.3,371.7,381.7,74.37945085270684,24/02/2024
1708819200,391,377.6,388.5,76.28664201056307,25/02/2024
1708905600,404.9,382,401.6,79.45895096,26/02/2024
1708992000,403.7,389.6,394.6,73.77921828116644,27/02/2024
1709078400,427.3,394.1,414.6,78.50647648767986,28/02/2024
1709164800,419.7,391.1,399.4,68.41178831,29/02/2024
1709251200,408.6,398.8,407.4,70.55760049190735,01/03/2024
1709337600,414.8,405.8,410.9,71.47070491825367,02/03/2024
1709424000,416.8,402.2,414.5,72.41822536834596,03/03/2024
1709510400,423.8,410.6,418.4,73.44708595400157,04/03/2024
1709596800,427.2,356.1,394.1,58.74357504395331,05/03/2024
1709683200,434.7,385.6,429.4,68.58290663,06/03/2024
1709769600,476.8,423.2,474.6,76.35801370309609,07/03/2024
1709856000,489.6,462.5,485.8,77.82260098180058,08/03/2024
1709942400,493.8,480.7,488.3,78.14800953798515,09/03/2024
1710028800,537.5,484.8,528.9,82.61049067708927,10/03/2024
1710115200,533.8,505.5,523,80.05208905046834,11/03/2024
1710201600,548.5,519,537.5,81.56327521095437,12/03/2024
1710288000,633.5,531.7,630.5,87.89655981570448,13/03/2024
1710374400,631.5,565.5,603.2,79.28645185679017,14/03/2024
1710460800,635.2,540.9,632.7,81.40604518116271,15/03/2024
1710547200,645.2,567.2,576.4,67.26024411060817,16/03/2024
1710633600,590.5,548.6,571.7,66.22564703536507,17/03/2024
1710720000,587.7,540.1,555.4,62.62770835,18/03/2024
1710806400,560.6,495.8,507.7,53.47240528743029,19/03/2024
1710892800,559,500,556.8,59.9608274,20/03/2024
1710979200,571,540.6,553.8,59.415630159771986,21/03/2024
1711065600,588.1,535.5,553.8,59.415630159771986,22/03/2024
1711152000,567.7,543.4,551.9,59.02144742428276,23/03/2024
1711238400,573,548.7,567.7,61.31958580929292,24/03/2024
1711324800,598,564.4,587,63.97714301394325,25/03/2024
1711411200,597,571.9,580.4,62.39831197156086,26/03/2024
1711497600,585.6,560.3,574.3,60.90236716,27/03/2024
1711584000,591.7,574.1,583.4,62.35239494872201,28/03/2024
1711670400,620,582.1,612.5,66.61620496500797,29/03/2024
1711756800,612.9,596.9,600.7,63.47678706758822,30/03/2024
1711843200,608.8,600.4,606.7,64.39559946489135,31/03/2024
1711929600,607.7,568.7,575.8,56.51094997575072,01/04/2024
1712016000,578.2,546.3,551.4,51.181801730398135,02/04/2024
1712102400,567.9,539,561.5,53.15122760571379,03/04/2024
1712188800,597.6,560.8,585.5,57.535142504924316,04/04/2024
1712275200,591.5,564.4,577.8,55.73319551366113,05/04/2024
1712361600,591.3,575.1,585.4,57.15936858357944,06/04/2024
1712448000,591.1,578,583.9,56.77061001882003,07/04/2024
1712534400,601.1,577.7,586.4,57.29196742310662,08/04/2024
1712620800,590.3,571.2,580.5,55.588103214723695,09/04/2024
1712707200,610.6,573.4,609.7,61.66464219447731,10/04/2024
1712793600,618.4,592,604.6,60.11750119539005,11/04/2024
1712880000,634.5,571,595.6,57.38146205694102,12/04/2024
1712966400,600.2,508,553.1,46.596758843653475,13/04/2024
1713052800,576,536.1,566.4,49.77787183140294,14/04/2024
1713139200,585.5,544.7,552.7,46.692468642444986,15/04/2024
1713225600,554.2,522.8,537.6,43.49260080563215,16/04/2024
1713312000,547.9,512.6,534.1,42.761108204463106,17/04/2024
1713398400,555.9,527,552.1,47.63858361791691,18/04/2024
1713484800,564.3,524,554,48.1409198,19/04/2024
1713571200,574.3,548.8,570.9,52.50551568457038,20/04/2024
1713657600,582.6,566.3,579.6,54.622776591589776,21/04/2024
1713744000,608.7,578.4,604.5,60.10453078291116,22/04/2024
1713830400,618.3,598.7,606.2,60.45576680926345,23/04/2024
1713916800,618.5,592.6,608.8,61.02098412,24/04/2024
1714003200,617.9,600.7,613.2,62.01058243829722,25/04/2024
1714089600,615,597,598,56.65910857395858,26/04/2024
1714176000,599.7,585,596.2,56.04231861690418,27/04/2024
1714262400,609,596.2,600.2,57.15842390421341,28/04/2024
1714348800,602.8,581.3,592.8,54.40625168491267,29/04/2024
1714435200,604.3,555.7,578.4,49.41958947241013,30/04/2024
1714521600,580.4,536.7,561.8,44.37078516362044,01/05/2024
1714608000,565.9,539.5,560.5,43.991749057912294,02/05/2024
1714694400,590,558.9,587,52.83634721347171,03/05/2024
1714780800,593.6,582.5,585.7,52.39919480975467,04/05/2024
1714867200,595,579.3,592,54.36951606,05/05/2024
1714953600,602.3,583.1,588.2,52.945932146664404,06/05/2024
1715040000,600.4,576,576.5,48.71642321363619,07/05/2024
1715126400,590,574.4,588.6,52.90632747293987,08/05/2024
1715212800,605.8,586.3,596.8,55.556344876292414,09/05/2024
1715299200,597,581.5,585.6,51.30944215591227,10/05/2024
1715385600,594.5,580.8,592.2,53.56223151554529,11/05/2024
1715472000,600.1,587.3,594.8,54.45619391685597,12/05/2024
1715558400,598.4,585.2,591.7,53.142592294663785,13/05/2024
1715644800,593.1,562,567.1,44.05984114284075,14/05/2024
1715731200,587.3,560,581,49.329629091992956,15/05/2024
1715817600,586.6,565.1,569.2,45.41806905,16/05/2024
1715904000,584.5,568.6,580.9,49.678777993859455,17/05/2024
1715990400,581.9,574.2,580.3,49.46552962993987,18/05/2024
1716076800,581.9,571.3,574.5,47.34964046035442,19/05/2024
1716163200,602,568.8,599.6,56.10099603551082,20/05/2024
1716249600,631.4,593.3,618.5,61.31519042688621,21/05/2024
1716336000,626.3,610.1,614.8,59.81728682389395,22/05/2024
1716422400,617.5,580,599.3,53.87913796811033,23/05/2024
1716508800,605.5,588.3,600.3,54.19506705085414,24/05/2024
1716595200,606.7,599.5,602.4,54.89383357,25/05/2024
1716681600,605.4,598,600.2,53.96503745916345,26/05/2024
1716768000,614.4,599.6,603.9,55.33383500702538,27/05/2024
1716854400,606,593.8,601.7,54.29998677744236,28/05/2024
1716940800,603.6,593.1,595.7,51.47525154,29/05/2024
1717027200,602.2,586.5,595.1,51.18848072443172,30/05/2024
1717113600,599,590,593.7,50.48178471492416,31/05/2024
1717200000,608.4,593.1,601.9,54.44852144444707,01/06/2024
1717286400,606,596,602.9,54.922759657213724,02/06/2024
1717372800,638.8,601.2,626.4,64.32293118995202,03/06/2024
1717459200,688.2,624.8,685.7,77.22782594937428,04/06/2024
1717545600,716,684.7,698.8,79.03217276093456,05/06/2024
1717632000,721.8,692,711.2,80.59917892636294,06/06/2024
1717718400,712,658.9,684,68.50511694878294,07/06/2024
1717804800,694.9,677.9,682.7,67.98008898808172,08/06/2024
1717891200,684.8,670.3,673,64.03642791209978,09/06/2024
1717977600,674.8,613.3,625.1,48.938509986881414,10/06/2024
1718064000,629,595.8,602.5,43.703001840351476,11/06/2024
1718150400,635.4,591.3,619.4,48.16845180462541,12/06/2024
1718236800,619.9,595.6,599.8,43.82662889651221,13/06/2024
1718323200,612.5,590,603.3,44.78376319405024,14/06/2024
1718409600,609.7,601.3,608.2,46.16671172890296,15/06/2024
1718496000,611.8,601.1,610.8,46.92630393,16/06/2024
1718582400,612.6,591.4,604.3,45.20887802062438,17/06/2024
1718668800,605.2,575,588.6,41.279142618573374,18/06/2024
1718755200,605.9,586.6,599.3,44.800754805479244,19/06/2024
1718841600,608,584.6,587.7,41.869170475770964,20/06/2024
1718928000,589.3,577.8,586.1,41.46612211459237,21/06/2024
1719014400,591.4,581,591.1,43.302907013037846,22/06/2024
1719100800,593.2,576,577.5,39.65762377440178,23/06/2024
1719187200,582,551.2,568.1,37.319215391187825,24/06/2024
1719273600,580,566.4,578.2,41.32273307813257,25/06/2024
1719360000,584.7,567.4,573,39.90938536678634,26/06/2024
1719446400,584.7,566.4,581.7,43.39754115,27/06/2024
1719532800,585.3,565.6,567.4,39.35385048193946,28/06/2024
1719619200,573.9,566.9,570,40.44049102392165,29/06/2024
1719705600,585.3,568.3,582.2,45.385444828441045,30/06/2024
1719792000,588.3,576.2,576.9,43.68845763371475,01/07/2024
1719878400,582,573.9,580.1,45.02500982,02/07/2024
1719964800,581,550.5,556.7,37.93455554097206,03/07/2024
1720051200,558.1,511.6,513.6,28.905428672096804,04/07/2024
1720137600,516.1,454.8,497.7,26.408222165638847,05/07/2024
1720224000,530.7,496,526,36.863375309064665,06/07/2024
1720310400,526.6,488.4,490.7,30.955722067796188,07/07/2024
1720396800,524.2,471,510.6,37.07764580838462,08/07/2024
1720483200,520.8,506.5,516.9,38.923950272357324,09/07/2024
1720569600,529.4,511.3,524.7,41.223489854692914,10/07/2024
1720656000,545.1,520.1,524.8,41.25402768141676,11/07/2024
1720742400,537.5,517,533.8,44.070481308842844,12/07/2024
1720828800,539.4,527.3,532.4,43.71935091,13/07/2024
1720915200,547.7,531.2,544.8,47.694439602025064,14/07/2024
1721001600,586.8,543.8,585.3,58.102961731767614,15/07/2024
1721088000,587.5,554.4,576.2,55.43372949556521,16/07/2024
1721174400,584,564.3,568.9,53.317681576282546,17/07/2024
1721260800,579.6,561.6,571.9,54.09323403110935,18/07/2024
1721347200,598.7,565,593.4,59.31050026563847,19/07/2024
1721433600,597.9,586.7,593.1,59.20938323315495,20/07/2024
1721520000,603.4,581.5,602.5,61.42835690987947,21/07/2024
1721606400,605.6,580.3,587.2,56.08081209554616,22/07/2024
1721692800,593.5,577.2,581.9,54.31685006572787,23/07/2024
1721779200,589.1,570.4,574.9,51.99085519078222,24/07/2024
1721865600,576.6,553.1,570.6,50.55858745849608,25/07/2024
1721952000,582.8,570.2,580.9,53.838981974629036,26/07/2024
1722038400,592.8,572.6,581.6,54.06205766,27/07/2024
1722124800,584.9,574.5,583.9,54.83438127,28/07/2024
1722211200,598,572.2,574.3,50.981641580280794,29/07/2024
1722297600,588.3,566.6,588.2,55.821733814202545,30/07/2024
1722384000,592.9,574.7,576.5,51.23583529111686,31/07/2024
1722470400,578,553.7,575.1,50.699114583970726,01/08/2024
1722556800,577.6,540.2,542.9,40.25432685365303,02/08/2024
1722643200,545.3,521.3,529.6,36.87513168246796,03/08/2024
1722729600,532.2,486.5,496.9,30.169374689671372,04/08/2024
1722816000,499.9,400,464.2,25.228628386340034,05/08/2024
1722902400,494.4,463.5,484.8,32.70534573632622,06/08/2024
1722988800,497.7,468.1,475,31.111521576138912,07/08/2024
1723075200,521.7,467.5,517.1,43.78544650385943,08/08/2024
1723161600,518.4,498.7,508.7,42.12035378,09/08/2024
1723248000,525.4,507.2,523.1,45.91730366,10/08/2024
1723334400,535.8,502.3,503.4,41.870555853821195,11/08/2024
1723420800,524,499.2,518.2,45.73951053006349,12/08/2024
1723507200,527,513.1,524.2,47.27171023936651,13/08/2024
1723593600,531.9,515.4,523.4,47.08081326518818,14/08/2024
1723680000,533.9,510,519.2,46.02986481058599,15/08/2024
1723766400,524.5,509.9,519.7,46.18387705996149,16/08/2024
1723852800,547.7,518.3,541.6,52.56839838,17/08/2024
1723939200,542.6,530.8,531.2,49.56139860133714,18/08/2024
1724025600,560.7,529.1,558.4,56.56010348,19/08/2024
1724112000,574.9,558.2,569.4,59.03563971274699,20/08/2024
1724198400,575.1,546.1,570.1,59.19500139673115,21/08/2024
1724284800,590,559.7,582.9,62.098556651451936,22/08/2024
1724371200,600.6,574.3,591.7,63.99540264719393,23/08/2024
1724457600,592.4,574.6,580.5,59.887390254387284,24/08/2024
1724544000,583.9,569,573.9,57.54322739019644,25/08/2024
1724630400,575.6,546.7,548.2,49.42962725737922,26/08/2024
1724716800,558.3,520.5,533.3,45.430165643737894,27/08/2024
1724803200,546.8,522.4,537,46.58593185174714,28/08/2024
1724889600,545.5,530.9,536.4,46.41425846179231,29/08/2024
1724976000,543.4,522,535.2,46.04876395646492,30/08/2024
1725062400,541.5,531.1,532.9,45.31225774915926,31/08/2024
1725148800,533.2,507.7,512.4,39.28167668979217,01/09/2024
1725235200,530.2,501.5,526.3,44.659789262430465,02/09/2024
1725321600,538.4,517.9,518.7,42.44602865,03/09/2024
1725408000,523.7,495.8,507.6,39.37601819782484,04/09/2024
1725494400,512.9,496.7,502.4,37.98978998959332,05/09/2024
1725580800,509.9,471.3,487.2,34.199694992715266,06/09/2024
1725667200,499.5,482.9,493.5,37.00494336058673,07/09/2024
1725753600,506.9,490.7,503.1,41.123993896243434,08/09/2024
1725840000,525.7,501.7,518.7,47.16925961841981,09/09/2024
1725926400,524.3,509.2,517,46.60763884662836,10/09/2024
1726012800,535.4,506.5,530.1,51.40882516337457,11/09/2024
1726099200,548.7,530,544.5,56.08371039024524,12/09/2024
1726185600,559.7,538.7,556.4,59.54732785452497,13/09/2024
1726272000,559.2,547.5,553.3,58.25830231820299,14/09/2024
1726358400,561.9,546,553.4,58.289668804498085,15/09/2024
1726444800,555.2,527,533.7,50.27479034871747,16/09/2024
1726531200,552.7,529,546.2,54.545595839732535,17/09/2024
1726617600,559.7,536.8,559.5,58.61817146610479,18/09/2024
1726704000,572.2,553,567,60.753610626309694,19/09/2024
1726790400,577.1,555,569,61.32672576992996,20/09/2024
1726876800,590,566.4,588.6,66.49105261450028,21/09/2024
1726963200,594.6,576.4,588.7,66.51562083158797,22/09/2024
1727049600,616,583.4,604.5,70.22959872,23/09/2024
1727136000,613.4,598.5,605.9,70.54139070072135,24/09/2024
1727222400,608.3,584.2,587.4,61.391482364911106,25/09/2024
1727308800,609,580.8,596.3,63.822637061933754,26/09/2024
1727395200,614.7,596,606.8,66.50257573987403,27/09/2024
1727481600,618.6,594.5,601.1,63.74209621,28/09/2024
1727568000,602.8,592.4,595.6,61.10634223371259,29/09/2024
1727654400,595.8,563.5,567.4,49.74778055407465,30/09/2024
1727740800,583.1,536.8,547.3,43.53598617215885,01/10/2024
1727827200,558.3,535.4,542.5,42.18143754199573,02/10/2024
1727913600,550.8,534.3,544.8,43.09506144963886,03/10/2024
1728000000,557.8,541.8,555.3,47.19713812657453,04/10/2024
1728086400,565.2,551.6,563,50.04127982130584,05/10/2024
1728172800,571.9,561.1,570.3,52.64546670146686,06/10/2024
1728259200,581.8,563.5,564.3,50.32355740662422,07/10/2024
1728345600,586.8,559.5,580.8,56.06255971378684,08/10/2024
1728432000,586,566.2,570.7,52.09516472778426,09/10/2024
1728518400,572.9,551.5,563.9,49.55260463194068,10/10/2024
1728604800,577.5,560.1,573.6,53.07113547439814,11/10/2024
1728691200,579.2,573.6,576.6,54.136561807807546,12/10/2024
1728777600,578.5,564.9,572.2,52.26247602136885,13/10/2024
1728864000,592.3,558.9,589.1,58.24188662203783,14/10/2024
1728950400,599.9,577.7,594.5,59.96734550420104,15/10/2024
1729036800,605.5,589.7,600.9,61.97287097113957,16/10/2024
1729123200,606.3,585.1,592.9,58.05755149055106,17/10/2024
1729209600,602.4,591.8,599.2,60.19053350125494,18/10/2024
1729296000,601.4,595.4,597.7,59.415767565880216,19/10/2024
1729382400,607.3,593.1,605.9,62.2745679,20/10/2024
1729468800,611.8,591.5,598.8,58.436274346042445,21/10/2024
1729555200,609,587,593.8,55.82672247115076,22/10/2024
1729641600,595,573,584.9,51.42462892300242,23/10/2024
1729728000,598,583.3,594.5,55.50065250903187,24/10/2024
1729814400,597.6,565.8,575.3,47.005288983648306,25/10/2024
1729900800,587.1,571.6,583.4,50.45106227292425,26/10/2024
1729987200,591,581.7,589.2,52.816813621269425,27/10/2024
1730073600,604.6,585.5,601.1,57.31946436,28/10/2024
1730160000,612.2,599.9,606.3,59.15377944222998,29/10/2024
1730246400,606.7,594.1,595.6,54.009988829098226,30/10/2024
1730332800,596.5,571.1,576.6,46.30939225105392,31/10/2024
1730419200,585.5,567.7,573.1,45.03558071275475,01/11/2024
1730505600,577.2,562.4,568.6,43.383285338515094,02/11/2024
1730592000,569.3,547,557.7,39.593978844774696,03/11/2024
1730678400,564.8,543.6,552.5,37.89352880586074,04/11/2024
1730764800,572.8,551.22,563.21,43.295168414695056,05/11/2024
1730851200,595,563,592.22,54.77025206361113,06/11/2024
1730937600,611.2,587.01,598.26,56.73344077276518,07/11/2024
1731024000,605.9,588.1,597.82,56.54090958405721,08/11/2024
1731110400,638,597.51,624.66,64.46326035875813,09/11/2024
1731196800,644.2,611.62,627.33,65.14397444,10/11/2024
1731283200,665.54,613,659.63,72.10520825334453,11/11/2024
1731369600,667.4,610,625.33,58.69876433408222,12/11/2024
1731456000,638.06,598.6,620.68,57.14749337420638,13/11/2024
1731542400,660.4,610.5,622.3,57.56821683624482,14/11/2024
1731628800,628.3,603.4,619.37,56.48799256448809,15/11/2024
1731715200,633.7,617.5,622.69,57.46200240123283,16/11/2024
1731801600,647.6,605.2,618.9,55.92303036173073,17/11/2024
1731888000,630.91,612.1,618.93,55.93309108699458,18/11/2024
1731974400,621.41,605.21,615.5,54.40409388317161,19/11/2024
1732060800,620.78,600,605.39,50.06026477162771,20/11/2024
1732147200,629.37,593.05,621.86,56.19619130033988,21/11/2024
1732233600,639.64,615.05,633,59.79447900258313,22/11/2024
1732320000,680,631.1,650.42,64.68040978623571,23/11/2024
1732406400,687.75,637.08,659.65,66.97074291551189,24/11/2024
1732492800,676.79,626.43,636.2,56.879106525854276,25/11/2024
1732579200,645.57,600.02,613.51,49.16003610728269,26/11/2024
1732665600,646.75,607.79,644.14,57.53753893477092,27/11/2024
1732752000,664.68,639.79,653.83,59.79465851593073,28/11/2024
1732838400,663.8,648.42,654.67,59.99318733158695,29/11/2024
1732924800,677.2,648,653.43,59.52591191168505,30/11/2024
1733011200,664.17,645.16,655.99,60.21487302909065,01/12/2024
1733097600,667.2,627.99,647.82,56.88677776382469,02/12/2024
1733184000,750.01,622.85,734.64,73.59100188440793,03/12/2024
1733270400,793.86,720,739.53,74.19739346996906,04/12/2024
1733356800,739.9,690,717.1,66.63891694512913,05/12/2024
1733443200,745.93,705.06,730.22,68.65061976160165,06/12/2024
1733529600,761,729.69,749.72,71.41006807329528,07/12/2024
1733616000,757.26,727.47,742,68.82709364035756,08/12/2024
1733702400,742.5,642,689.19,54.34572530154038,09/12/2024
1733788800,704.92,649.13,676.8,51.60250446139521,10/12/2024
1733875200,713,658.54,711.21,57.950724215197276,11/12/2024
1733961600,725.61,699.36,705.77,56.68483739195285,12/12/2024
1734048000,729.88,696.8,725.72,60.12490097533335,13/12/2024
1734134400,732.11,705.01,715.79,57.66981822425755,14/12/2024
1734220800,724.08,702.66,718.87,58.239411071565705,15/12/2024
1734307200,730,704.16,720.58,58.572707775354694,16/12/2024
1734393600,737.37,712.24,717.69,57.73405368135706,17/12/2024
1734480000,722,681,686.38,49.46989795087196,18/12/2024
1734566400,705.57,648.63,665.62,44.88244222,19/12/2024
1734652800,680.58,618.69,678.6,48.12172193354006,20/12/2024
1734739200,693.39,652,663.49,44.81954468748698,21/12/2024
1734825600,669.71,639.37,649.77,42.00119304605537,22/12/2024
1734912000,698.5,638.1,694.16,52.42491912823211,23/12/2024
1734998400,699,682.68,696.9,52.986582181333716,24/12/2024
1735084800,713.28,695.94,702.72,54.22282120990577,25/12/2024
1735171200,719.99,683,689.4,50.92249960563166,26/12/2024
1735257600,718.88,685.73,691.85,51.507152869403875,27/12/2024
1735344000,731.24,691.3,722.13,58.14381956939288,28/12/2024
1735430400,724.7,690,694.71,51.29739401693768,29/12/2024
1735516800,712.2,687.75,705.36,53.58351606525404,30/12/2024
1735603200,714.99,698.48,702.3,52.816380095497195,31/12/2024
1735689600,711.5,700.3,707.84,54.09767426754706,01/01/2025
1735776000,715.8,698.04,706.25,53.64739877904734,02/01/2025
1735862400,715.69,697.03,714.88,55.79790602300819,03/01/2025
1735948800,721.84,707.82,713.41,55.32704204,04/01/2025
1736035200,713.93,702.51,709.29,53.952821922189344,05/01/2025
1736121600,745.29,705.91,729.42,59.27523609635205,06/01/2025
1736208000,733.33,691.2,698.01,49.634724020130314,07/01/2025
1736294400,707.46,674.72,696.03,49.09269119495898,08/01/2025
1736380800,701.72,675.12,685.48,46.19779386358293,09/01/2025
1736467200,700.69,683.18,693.21,48.58987919423557,10/01/2025
1736553600,701.47,690.39,696.7,49.67772530695276,11/01/2025
1736640000,698.63,689.8,693.34,48.61124193,12/01/2025
1736726400,700,660,688.64,47.08841779822972,13/01/2025
1736812800,699.97,686.3,698.89,50.71454080236836,14/01/2025
1736899200,715,688.45,714.59,55.72016506804538,15/01/2025
1736985600,717.5,700.5,708.1,53.30983506559567,16/01/2025
1737072000,729.97,708.1,721.76,57.47908035846986,17/01/2025
1737158400,723.32,695,709.52,52.91912978958326,18/01/2025
1737244800,714.6,676,683.19,44.70341826851011,19/01/2025
1737331200,709.38,671,682.51,44.51122209239706,20/01/2025
1737417600,697,675.01,692.21,47.94902061309011,21/01/2025
1737504000,704.13,689.93,695.52,49.107713045571074,22/01/2025
1737590400,697.65,680.26,689.74,47.13454919324886,23/01/2025
1737676800,691.31,678.75,680.45,44.069587930609366,24/01/2025
1737763200,689.56,677.68,686.4,46.470439150641134,25/01/2025
1737849600,690.82,664.64,667.37,40.484737545752516,26/01/2025
1737936000,680.53,637.79,679.74,45.4072711,27/01/2025
1738022400,682.88,659.4,661.29,40.08222353,28/01/2025
1738108800,680.01,659.37,667.97,42.70221973303138,29/01/2025
1738195200,682.99,666,677.53,46.31985491,30/01/2025
1738281600,689.44,673.5,677.47,46.30009673041325,31/01/2025
1738368000,681.56,650.73,652.94,38.97949316786314,01/02/2025
1738454400,663.22,600,617.8,31.33592134,02/02/2025
1738540800,619.19,500,617.21,31.225207874081832,03/02/2025
1738627200,619.24,557.88,572.69,24.259968690867353,04/02/2025
1738713600,580,561.22,569.55,23.85578060842549,05/02/2025
1738800000,589.99,568.87,571.72,24.78837544514022,06/02/2025
1738886400,589.9,570.58,577.71,27.430550971965033,07/02/2025
1738972800,633.73,573.62,612.39,40.46976078636367,08/02/2025
1739059200,648.13,602.4,615.81,41.584459620778574,09/02/2025
1739145600,622.42,596.24,618.65,42.546543632391476,10/02/2025
1739232000,646.94,615.08,642.11,49.888567142581095,11/02/2025
1739318400,705.48,626.88,696.93,62.08231331843809,12/02/2025
1739404800,732,658.28,664.72,53.79888726246034,13/02/2025
1739491200,684.86,652,659.71,52.622778281467085,14/02/2025
1739577600,671.43,653.46,662.21,53.172899638365664,15/02/2025
1739664000,686.04,653.11,673.1,55.591835185965294,16/02/2025
1739750400,682.29,657.99,667.51,54.048434249735124,17/02/2025
1739836800,668.3,629.65,648.18,48.98404452520753,18/02/2025
1739923200,664.44,636.99,653.38,50.33230614000183,19/02/2025
1740009600,659.03,645.88,656.36,51.12940714497111,20/02/2025
1740096000,668.5,635,647.47,48.62245291064851,21/02/2025
1740182400,679.9,645.21,668.57,54.344297479770475,22/02/2025
1740268800,671.1,648.49,658.42,51.37997886,23/02/2025
1740355200,659.56,610.6,614.2,40.91015438801459,24/02/2025
1740441600,628.7,586,623.49,43.51430223213515,25/02/2025
1740528000,632.14,594.07,611.57,41.016507831821315,26/02/2025
1740614400,619.77,595.84,605.41,39.74676550637186,27/02/2025
1740700800,606.33,559.71,588.07,36.336752107362074,28/02/2025
1740787200,609.48,586.4,607.93,42.42894081,01/03/2025
1740873600,635.01,601.5,623.94,46.84491140818607,02/03/2025
1740960000,624.36,567.5,576.1,37.57106357960289,03/03/2025
1741046400,588.75,546.83,584.01,39.69679283525202,04/03/2025
1741132800,606.06,580.57,598.24,43.428703552763146,05/03/2025
1741219200,612.9,589.2,596.5,43.07765120494485,06/03/2025
1741305600,610.2,577.23,594.77,42.70800534732815,07/03/2025
1741392000,602.77,590.11,593.1,42.330397314548556,08/03/2025
1741478400,593.1,550.2,554.65,34.71900995472447,09/03/2025
1741564800,573.4,523.01,531.49,31.092461537995092,10/03/2025
1741651200,566,507,551.61,37.22688732005837,11/03/2025
1741737600,574.95,544.63,569.87,42.25152957352348,12/03/2025
1741824000,613.71,567.99,579.8,44.83741483893378,13/03/2025
1741910400,589.81,576.61,587.76,46.890420429194236,14/03/2025
1741996800,619.96,587.49,619.83,54.27418076392554,15/03/2025
1742083200,622.8,593.06,602.2,50.14669943076524,16/03/2025
1742169600,643.72,602.04,631.69,56.15338691114204,17/03/2025
1742256000,643.33,620.28,627.81,55.210831172006394,18/03/2025
1742342400,628.2,604.36,618.7,52.962943852246276,19/03/2025
1742428800,637.75,616.55,630.47,55.48469581113977,20/03/2025
1742515200,637.8,624.92,635.17,56.48787520648172,21/03/2025
1742601600,636.1,623.79,627.01,54.20397371443953,22/03/2025
1742688000,629.14,619.5,623.79,53.288375356184844,23/03/2025
1742774400,639.5,618,637.08,56.55058317044331,24/03/2025
1742860800,644.88,627.05,629.82,54.318893076960926,25/03/2025
1742947200,634.01,615.3,617.99,50.80085431030086,26/03/2025
1743033600,642.5,617.2,637.36,55.84366107975791,27/03/2025
1743120000,637.51,616,619.81,50.76646568,28/03/2025
1743206400,623.84,596.97,602.99,46.411276143753966,29/03/2025
1743292800,613.37,593.58,602.2,46.21075554948143,30/03/2025
1743379200,608.89,587.26,604.81,47.02509183158988,31/03/2025
1743465600,618.54,604.46,611.13,49.037073209096164,01/04/2025
1743552000,614,584.85,590.68,43.30568793434645,02/04/2025
1743638400,610.58,578.46,592.67,43.991700228421216,03/04/2025
1743724800,600,585,597.71,45.78109153243538,04/04/2025
1743811200,599,588.71,593.13,44.39309623538194,05/04/2025
1743897600,593.78,544.17,555.54,35.01103382440223,06/04/2025
1743984000,567.6,520,554.6,34.812897880268935,07/04/2025
1744070400,566,547.64,553.72,34.61539785155209,08/04/2025
1744156800,585.97,534.3,582.32,45.44743637346815,09/04/2025
1744243200,583.58,566.17,578.03,44.26289437872892,10/04/2025
1744329600,590.36,575.7,585.93,47.002277413326446,11/04/2025
1744416000,600.48,584,597.29,50.75066622346633,12/04/2025
1744502400,598.67,580.32,584.28,46.67882366915339,13/04/2025
1744588800,593.1,583.14,584.54,46.77073740397958,14/04/2025
1744675200,590.84,579.38,579.52,45.15237297678867,15/04/2025
1744761600,587,576,582.8,46.45604212178542,16/04/2025
1744848000,592.97,581,590.49,49.487460812968635,17/04/2025
1744934400,596.08,587.08,591.71,49.971379237908664,18/04/2025
1745020800,594.49,587.7,591.73,49.97983928710865,19/04/2025
1745107200,595.23,587.5,592.77,50.44907831117885,20/04/2025
1745193600,608.52,592.53,597.34,52.55530096823362,21/04/2025
1745280000,619.9,595,618.51,60.85588046690936,22/04/2025
1745366400,619.99,601.38,605.71,54.63225255657371,23/04/2025
1745452800,606.78,592.59,601.55,52.744326984628906,24/04/2025
1745539200,610.35,597.2,599.91,51.98168395225251,25/04/2025
1745625600,609.25,599.34,607.23,55.102173857557034,26/04/2025
1745712000,608.68,597,603.46,53.18517692874962,27/04/2025
1745798400,608.27,598.2,606.16,54.40850684823181,28/04/2025
1745884800,610.75,598.1,601,51.63169038322745,29/04/2025
1745971200,604.44,591.42,599.88,51.022995952146815,30/04/2025
1746057600,605.28,598.14,599.63,50.87880879,01/05/2025
1746144000,603.61,595.12,600.69,51.50457477,02/05/2025
1746230400,601.2,595.23,599.36,50.63299501659009,03/05/2025
1746316800,600.49,584.7,586.03,42.81309589,04/05/2025
1746403200,599.98,583.55,597.61,50.03274540932505,05/05/2025
1746489600,603.18,593.23,602.57,52.78241852610845,06/05/2025
1746576000,609.07,597.89,602.7,52.855645591780224,07/05/2025
1746662400,629.33,600.8,629.17,64.81937776466529,08/05/2025
1746748800,671.15,623.12,666.29,74.56658786966409,09/05/2025
1746835200,678.95,648.83,663.9,73.16108554382343,10/05/2025
1746921600,668.49,647.83,651.15,66.01264365632568,11/05/2025
1747008000,693,647.31,660.07,68.34309008263125,12/05/2025
1747094400,672,640.66,664.13,69.37247890661965,13/05/2025
1747180800,667.33,647.15,652.47,63.033231506571134,14/05/2025
1747267200,661,642.29,651.88,62.720910649690424,15/05/2025
1747353600,659.97,644,646.76,59.945112834012306,16/05/2025
1747440000,646.9,635.05,639.51,56.15529024820082,17/05/2025
1747526400,655.19,634.39,651.53,60.60247509171551,18/05/2025
1747612800,653.53,633.51,649.62,59.56852772660522,19/05/2025
1747699200,653.75,640.14,650,59.71578538247468,20/05/2025
1747785600,678,648.49,673.31,67.52853012,21/05/2025
1747872000,690.02,673,686.57,70.97679087703561,22/05/2025
1747958400,691.35,652.19,656.98,56.546105063110446,23/05/2025
1748044800,677.47,655.4,668.01,59.82509930826178,24/05/2025
1748131200,671.67,657.1,669.44,60.24395109179021,25/05/2025
1748217600,678.33,668.22,674.29,61.70232327020932,26/05/2025
1748304000,697.73,666.56,686.91,65.27213668783293,27/05/2025
1748390400,689.22,680.04,686.89,65.26175454120383,28/05/2025
1748476800,691.24,673.33,675.02,59.239285866697564,29/05/2025
1748563200,678.5,653.22,655.36,50.86658023,30/05/2025
1748649600,661.42,645.04,658.01,51.854359748077215,31/05/2025
1748736000,662.48,647.58,660.77,52.91606429058403,01/06/2025
1748822400,667,650.05,665.93,54.91766926986609,02/06/2025
1748908800,673.43,657.11,661.59,52.88140874504591,03/06/2025
1748995200,671.76,660.84,663.23,53.58181211775024,04/06/2025
1749081600,670.92,625.44,633.32,41.47349439302447,05/06/2025
1749168000,651.51,629.38,642.7,45.62350077045918,06/06/2025
1749254400,653.81,639.69,650.82,48.99517280652432,07/06/2025
1749340800,656.39,646.49,652,49.48536004778819,08/06/2025
1749427200,667.74,648.01,665.58,54.86182882195208,09/06/2025
1749513600,674,657.26,673.51,57.69351371409283,10/06/2025
1749600000,674.8,662.2,667.43,54.852256583175034,11/06/2025
1749686400,669.93,651.91,654.75,49.38942426185232,12/06/2025
1749772800,659.42,639.01,655.35,49.64497835341692,13/06/2025
1749859200,655.36,639,645.61,45.61807756433223,14/06/2025
1749945600,652,642.77,648.19,46.84795273476949,15/06/2025
1750032000,659.46,646.26,650.74,48.097351732561286,16/06/2025
1750118400,659,640.11,648.08,46.85995444995732,17/06/2025
1750204800,654.31,637.35,644.77,45.298244401871784,18/06/2025
1750291200,646.5,638.66,644.65,45.23937994761534,19/06/2025
1750377600,651.02,638,641.61,43.690437898205666,20/06/2025
1750464000,644.84,621.94,628.97,37.882576905881685,21/06/2025
1750550400,635.51,601.25,615.81,32.968691492388814,22/06/2025
1750636800,642.79,615.05,640.49,46.88379647407335,23/06/2025
1750723200,644.09,636.17,643.53,48.30727630263619,24/06/2025
1750809600,652.64,641.85,646.07,49.52444345510169,25/06/2025
1750896000,650,641.12,642.3,47.72810839208906,26/06/2025
1750982400,648.44,639.16,645.71,49.511941125891674,27/06/2025
1751068800,649.18,644.25,648.6,51.03698457119006,28/06/2025
1751155200,656,646.72,654.9,54.279150402079516,29/06/2025
1751241600,660,651.17,656.9,55.291273866910416,30/06/2025
1751328000,659.1,644,646.33,49.104425007979835,01/07/2025
1751414400,664.85,643.71,659.71,55.840445553142104,02/07/2025
1751500800,664.57,656.7,663.59,57.593192627975434,03/07/2025
1751587200,664.17,650.21,653.6,51.88315000775979,04/07/2025
1751673600,656.75,652,656.16,53.164599791201894,05/07/2025
1751760000,664.99,653.54,663.13,56.55696107019291,06/07/2025
1751846400,663.5,656.77,661.06,55.276430061411105,07/07/2025
1751932800,662.6,657.36,660.63,54.99786116246183,08/07/2025
1752019200,671.5,659.05,668.68,59.14848101,09/07/2025
1752105600,687.7,667.25,685.8,66.27292592517779,10/07/2025
1752192000,697.24,682.83,689.99,67.75509866600311,11/07/2025
1752278400,697,679.63,685.86,64.73527313799534,12/07/2025
1752364800,694.12,685.12,692,67.08408789530458,13/07/2025
1752451200,707.54,686.05,689.12,64.90052720575218,14/07/2025
1752537600,693.21,675.3,689.92,65.23899724097899,15/07/2025
1752624000,715.56,685.2,708.61,72.02600221221687,16/07/2025
1752710400,727.85,706.14,720.65,75.36313294146066,17/07/2025
1752796800,765.56,718.73,729.92,77.58070883,18/07/2025
1752883200,742.5,718.76,733.2,78.32415221234903,19/07/2025
1752969600,761.29,731.5,756.82,82.75819177058713,20/07/2025
1753056000,781.99,746.06,766.22,84.14795674778196,21/07/2025
1753142400,788.35,745,786.68,86.66706472229222,22/07/2025
1753228800,809.84,752.47,776.74,80.01440722966274,23/07/2025
1753315200,786.16,742.62,770.74,76.21153832774364,24/07/2025
1753401600,786,752.22,785.45,78.86379895795243,25/07/2025
1753488000,798,778.28,793.29,80.13503368045458,26/07/2025
1753574400,847.12,791.04,844,86.00022423355018,27/07/2025
1753660800,861.1,820.64,824.07,76.44693859488973,28/07/2025
1753747200,835.06,800.12,805.1,68.63201647868478,29/07/2025
1753833600,811.64,766.21,793.51,64.30666567600787,30/07/2025
1753920000,814.8,781.38,783.14,60.625143982318065,31/07/2025
1754006400,795.4,744.69,757.08,52.492221008877664,01/08/2025
1754092800,770.11,732.36,736.42,47.097908677678085,02/08/2025
1754179200,755.53,730.01,751.21,50.98141859610798,03/08/2025
1754265600,770,750.47,768.63,55.15694671905562,04/08/2025
1754352000,769.79,745.11,755.13,51.49599163004284,05/08/2025
1754438400,774.84,746.26,769.55,54.936593180560855,06/08/2025
1754524800,788.68,764.17,788.67,59.08123131045996,07/08/2025
1754611200,798.5,780.74,793.5,60.08007210382913,08/08/2025
1754697600,819.44,792.81,798.83,61.20547723179477,09/08/2025
1754784000,815.5,793.68,807.22,62.97491246462793,10/08/2025
1754870400,827.59,792,805.09,62.19928712,11/08/2025
1754956800,839.9,797.73,832.47,67.70548384,12/08/2025
1755043200,858.89,828.23,848.01,70.34571216983002,13/08/2025
1755129600,869.4,820.6,840.42,67.44542728687495,14/08/2025
1755216000,853.53,812.57,827.81,62.81198715960813,15/08/2025
1755302400,839.79,825.06,838.71,65.04724947840376,16/08/2025
1755388800,864,838.04,855.38,68.19575461,17/08/2025
1755475200,858.51,825,846.99,65.02115629696374,18/08/2025
1755561600,851.95,823,824.11,57.20102577695759,19/08/2025
1755648000,881.02,818.57,869.05,65.88098252,20/08/2025
1755734400,883.86,833.46,839.49,57.60531888044849,21/08/2025
1755820800,900.71,839.23,900.21,66.82416626818284,22/08/2025
1755907200,900.21,875.55,880.42,62.08552000376751,23/08/2025
1755993600,886.66,859.34,876.51,61.16268736348506,24/08/2025
1756080000,880.75,832.76,839.32,53.08093897871168,25/08/2025
1756166400,868,829.59,863.7,57.084320375597926,26/08/2025
1756252800,867.1,852.9,855.18,55.308258010532754,27/08/2025
1756339200,881.36,850.85,873.47,58.30715599043787,28/08/2025
1756425600,878,850.19,862.3,55.842678798567476,29/08/2025
1756512000,864,851.61,862,55.774493406212656,30/08/2025
1756598400,867.7,857,857.65,54.73094940031065,31/08/2025
1756684800,869.15,840,845.68,51.85578976119512,01/09/2025
1756771200,856.68,840.71,851.8,53.209205904477635,02/09/2025
1756857600,864.06,848.91,854.76,53.88444824555166,03/09/2025
1756944000,856.72,841.1,843.63,50.90945596054133,04/09/2025
1757030400,857.73,842.22,850.14,52.55930406642901,05/09/2025
1757116800,865,849.55,860.85,55.22537233552625,06/09/2025
1757203200,884.05,860.55,880.05,59.60779460747398,07/09/2025
1757289600,885.85,870.01,878.08,58.970025853712094,08/09/2025
1757376000,884.83,871.38,880.01,59.42802232106159,09/09/2025
1757462400,907.38,877.04,893.77,62.63075721143963,10/09/2025
1757548800,904.53,888.38,902.77,64.59917360068587,11/09/2025
1757635200,929.9,901.41,924.8,68.91540359629417,12/09/2025
1757721600,943.86,922.11,933.68,70.47790872,13/09/2025
1757808000,944.95,921.91,926.51,67.52642203301993,14/09/2025
1757894400,935.72,910.64,919.68,64.74491774355046,15/09/2025
1757980800,959,916.66,955.65,71.42144565461044,16/09/2025
1758067200,995.44,946.1,989.98,76.07781866855464,17/09/2025
1758153600,1006.88,979.48,981.04,72.75344766993975,18/09/2025
1758240000,1002.99,973.9,984.1,73.18535646922774,19/09/2025
1758326400,1048,982.9,1043.77,79.88231713587928,20/09/2025
1758412800,1083.47,1039.2,1047.8,80.24123835500137,21/09/2025
1758499200,1050.55,976.89,992.9,63.59560691149963,22/09/2025
1758585600,1027.37,962.38,1015.98,66.72110799518617,23/09/2025
1758672000,1034.5,991.46,1018.49,67.05240097334502,24/09/2025
1758758400,1019.9,939.55,945.9,51.183102226069046,25/09/2025
1758844800,966.23,932.01,960.8,53.61005547854086,26/09/2025
1758931200,985.79,955.56,968.45,54.85113030352972,27/09/2025
1759017600,993.65,962.68,993.01,58.673674501835485,28/09/2025
1759104000,1036,991.12,1029.79,63.63861548515252,29/09/2025
1759190400,1034.01,992.93,1008.51,59.20659303584414,30/09/2025
1759276800,1036.2,1003.35,1026.5,61.63889010271002,01/10/2025
1759363200,1099.22,1022.01,1090.22,68.74691337306056,02/10/2025
1759449600,1192.42,1083.84,1189.4,76.15346403491914,03/10/2025
1759536000,1190.47,1134.93,1150.75,69.26464505480735,04/10/2025
1759622400,1189,1143.14,1167.38,70.50112751611138,05/10/2025
1759708800,1239.94,1161.85,1223.19,74.24571274395228,06/10/2025
1759795200,1349.99,1204.61,1304.43,78.52009398777743,07/10/2025
1759881600,1334.19,1264.32,1307.4,78.65953764433425,08/10/2025
1759968000,1320,1224.38,1255.35,70.07391606924966,09/10/2025
1760054400,1278.52,860.11,1102.47,52.08984402744739,10/10/2025
1760140800,1182.76,1073,1135.07,54.75634030358994,11/10/2025
1760227200,1319.8,1107.43,1302.65,65.41289613,12/10/2025
1760313600,1375.11,1251.28,1294.55,64.62061783157408,13/10/2025
1760400000,1318.26,1143.01,1208.52,56.757620173563964,14/10/2025
1760486400,1222.76,1148.92,1162.57,53.04499001239777,15/10/2025
1760572800,1195,1122.31,1144.83,51.640556424181874,16/10/2025
1760659200,1156.3,1021,1071.15,46.17263595,17/10/2025
1760745600,1131.05,1069.41,1092.43,47.888839177555724,18/10/2025
1760832000,1133.76,1068.04,1109.88,49.31591069839086,19/10/2025
1760918400,1143.2,1088.19,1100.19,48.52128912504908,20/10/2025
1761004800,1114.53,1052.46,1057.16,45.04992909712956,21/10/2025
1761091200,1083.8,1053.25,1071.82,46.455426661850936,22/10/2025
1761177600,1161.9,1071.83,1126.72,51.46227372665071,23/10/2025
1761264000,1144.17,1097.39,1109.01,49.84313119455827,24/10/2025
1761350400,1120.89,1100.96,1116.53,50.554519424940715,25/10/2025
1761436800,1143.35,1114.48,1138.19,52.638193615223734,26/10/2025
1761523200,1182.6,1131.44,1138.88,52.70656578829544,27/10/2025
1761609600,1148.94,1074,1103.45,48.81012741681735,28/10/2025
1761696000,1121.35,1082.59,1107.7,49.29436863,29/10/2025
1761782400,1129.55,1043.48,1079.05,46.126626829523005,30/10/2025
1761868800,1104.93,1071.43,1088.9,47.37864542102927,31/10/2025
1761955200,1096.93,1081.8,1094.53,48.12078712,01/11/2025
1762041600,1094.92,1071.74,1083.25,46.69968861050173,02/11/2025
1762128000,1087.24,960.18,993.54,37.272253471791096,03/11/2025
1762214400,1002.12,880.8,936.77,32.76463067858569,04/11/2025
1762300800,969.27,900.39,959.33,36.073269006742706,05/11/2025
1762387200,965.23,925.07,950.4,35.33209874755019,06/11/2025
1762473600,995.6,925.7,991.15,41.26280636673108,07/11/2025
1762560000,1007.41,980.05,991.03,41.25080892820239,08/11/2025
1762646400,1007.16,975.84,996.63,42.09691140392503,09/11/2025
1762732800,1019.56,976.22,991.98,41.561652998404185,10/11/2025
1762819200,1008.6,956.08,958.08,37.78929041653479,11/11/2025
1762905600,978.61,937.9,952.86,37.22894371626862,12/11/2025
1762992000,972.2,905.72,927.15,34.51435464658837,13/11/2025
1763078400,934.04,887.88,915.25,33.30390128601394,14/11/2025
1763164800,945.22,914.91,932.28,36.72400783935421,15/11/2025
1763251200,949.77,908.16,926.56,36.05524259973145,16/11/2025
1763337600,939.55,891.72,907.36,33.82837382918643,17/11/2025
1763424000,939.99,884.4,932.79,39.18585465391407,18/11/2025
1763510400,941.06,872.38,897.77,34.98510790092159,19/11/2025
1763596800,917,865.57,866.51,31.716656095273933,20/11/2025
1763683200,877.33,790.79,830.46,28.419249845890945,21/11/2025
1763769600,842.93,813.77,833.78,29.149789353155313,22/11/2025
1763856000,855.46,833.28,843.6,31.380549043543297,23/11/2025
1763942400,876.3,830.01,864.92,36.08566482,24/11/2025
1764028800,867.66,837.47,862.57,35.794323168684585,25/11/2025
1764115200,897.25,851.72,891.78,42.05644326811489,26/11/2025
1764201600,904.86,883.8,895.74,42.86994950026346,27/11/2025
1764288000,906.5,876.15,887.19,41.51471814726133,28/11/2025
1764374400,889,868.25,872.9,39.279707915571564,29/11/2025
1764460800,899.75,869.56,875.31,39.867677548754145,30/11/2025
1764547200,877.12,801.7,826.61,32.92874289150065,01/12/2025
1764633600,885,820.46,876.61,43.752975996794326,02/12/2025
1764720000,922.63,873.6,920.76,51.23642217800546,03/12/2025
1764806400,928.24,886.79,899.92,47.990703344267374,04/12/2025
1764892800,907.92,870.18,883.57,45.55261126583379,05/12/2025
1764979200,897.9,878.01,890.38,46.76571639979266,06/12/2025
1765065600,906,870.23,894.37,47.50372318524073,07/12/2025
1765152000,913.29,888.93,897.12,48.03840558814807,08/12/2025
1765238400,928,881.78,897.3,48.07568445159612,09/12/2025
1765324800,915,884.27,893.43,47.29013435622994,10/12/2025
1765411200,894.7,859.54,885.91,45.72659495012208,11/12/2025
1765497600,896.07,870.58,881.58,44.807949159358834,12/12/2025
1765584000,904.22,880.32,896.82,48.71334747337913,13/12/2025
1765670400,899.5,870.11,877.27,44.375461214483366,14/12/2025
1765756800,895.42,840.75,858.6,40.65241225974011,15/12/2025
1765843200,878.44,847,875.63,45.17117769274291,16/12/2025
1765929600,876.16,833.39,843.07,39.04930289135865,17/12/2025
1766016000,853.49,818.39,830.07,36.89908595784732,18/12/2025
1766102400,862.33,822.38,856.17,43.61236515779149,19/12/2025
1766188800,859.7,850.9,854.17,43.232799778805685,20/12/2025
1766275200,859.91,845.5,858.64,44.39755076278068,21/12/2025
1766361600,871,850.85,858.66,44.40304735798459,22/12/2025
1766448000,861.46,838.24,844.3,41.24998368468044,23/12/2025
1766534400,850,835.21,846.58,41.954760585854494,24/12/2025
1766620800,847.99,826.81,829.64,38.28038760300473,25/12/2025
1766707200,847.16,821.21,834.72,39.97803385578363,26/12/2025
1766793600,846.54,834,845.04,43.384913953926784,27/12/2025
1766880000,867.22,839.2,859.32,47.80010457,28/12/2025
1766966400,872.12,846,852.46,45.946363705623554,29/12/2025
1767052800,864.05,848.7,861.65,48.810396722881265,30/12/2025
1767139200,877.29,857.69,864.3,49.639029751092046,31/12/2025
1767225600,874.51,856.14,864.39,49.668828555077184,01/01/2026
1767312000,891.14,859.64,881.25,55.03626453547777,02/01/2026
1767398400,884.24,868.65,878.63,54.071270098075026,03/01/2026
1767484800,902.85,878.47,895.43,59.03167107057958,04/01/2026
1767571200,916.55,890.59,910.31,62.85794940241648,05/01/2026
1767657600,923.93,891.66,917.64,64.61133800110906,06/01/2026
1767744000,920.27,892.64,900.3,57.675007723094026,07/01/2026
1767830400,905,875.1,892.26,54.74058868268767,08/01/2026
1767916800,901.06,885.28,896.86,56.116290369217154,09/01/2026
1768003200,915.91,896.81,907.93,59.32080453990578,10/01/2026
1768089600,917.33,898.75,904.32,57.83755889,11/01/2026
1768176000,910.81,894,905.78,58.29177040986668,12/01/2026
1768262400,952.96,902.25,943.73,67.95523901218436,13/01/2026
1768348800,954.68,928.5,948.47,68.92372098507535,14/01/2026
1768435200,948.85,924.05,931.2,61.61683139375541,15/01/2026
1768521600,939.43,923.69,938.16,63.305209929361205,16/01/2026
1768608000,959.52,935.5,947.12,65.41436360135702,17/01/2026
1768694400,953.33,931.7,932.51,59.41723773924191,18/01/2026
1768780800,932.51,901,923.6,56.04279545516103,19/01/2026
1768867200,933.13,884,884.2,44.11243037750329,20/01/2026
1768953600,893.69,864.54,883.36,43.897872156055776,21/01/2026
1769040000,897.58,878.18,888.06,45.49530048,22/01/2026
1769126400,904.99,883.1,891.63,46.7359002,23/01/2026
1769212800,894.24,886.53,887.17,45.347227815918444,24/01/2026
1769299200,887.75,856,866.02,39.37268814389146,25/01/2026
1769385600,881.44,864.91,879.41,44.369801537555844,26/01/2026
1769472000,901.22,876.2,898.36,50.578240497661824,27/01/2026
1769558400,909.43,894.41,902.91,51.96442694399345,28/01/2026
1769644800,906.67,852.81,868.69,42.34482539698232,29/01/2026
1769731200,869.77,831.83,858.81,40.04015755638059,30/01/2026
1769817600,860.85,750,781.38,27.436955237617653,31/01/2026
1769904000,789.72,739.63,758.54,24.942912886581396,01/02/2026
1769990400,781.58,728.44,773.94,29.590308615873994,02/02/2026
1770076800,783.57,736.08,754.78,27.323505346284875,03/02/2026
1770163200,765.33,687.3,697.27,21.90039111121257,04/02/2026
1770249600,703,602.17,608.3,16.458145460054652,05/02/2026
1770336000,669.65,570.06,657.21,27.172379875704678,06/02/2026
1770422400,663.88,630.83,647,26.41090926,07/02/2026
1770508800,653,632.3,639.93,25.870273407927726,08/02/2026
1770595200,646.15,616.01,636.39,25.587835122672814,09/02/2026
1770681600,642,613.8,619.85,24.255394639660153,10/02/2026
1770768000,624.14,587.14,608.11,23.326881130188667,11/02/2026
1770854400,620.87,600.6,614.29,24.955442557275816,12/02/2026
1770940800,622.81,592.49,618.94,26.225192669029425,13/02/2026
1771027200,637.24,615.7,632.77,30.017822204272008,14/02/2026
1771113600,642.49,608.82,615.16,28.041084678083266,15/02/2026
1771200000,631.24,604.49,627.19,31.366142408361668,16/02/2026
1771286400,631.86,609.3,617.74,30.186165796622532,17/02/2026
1771372800,626.57,601.3,604.8,28.59959545853178,18/02/2026
1771459200,614.8,596,607.83,29.533552266178873,19/02/2026
1771545600,629.74,601.23,625.91,34.997385385919316,20/02/2026
1771632000,634.8,624,625.61,34.94896181211104,21/02/2026
1771718400,626.87,610.02,614.8,33.16809714300642,22/02/2026
1771804800,616,583.13,596.41,30.336074391134673,23/02/2026
1771891200,602.9,577.06,583.6,28.509972273218864,24/02/2026
1771977600,640.55,581.51,629.42,41.96655209266701,25/02/2026
1772064000,633.83,614.2,625.74,41.29426254654536,26/02/2026
1772150400,633.65,606.68,611.39,38.69137167284249,27/02/2026