time,high,low,close,RSI,date
23/07/2019,0.0029567,0.002816,0.0028192,25.90375607084536,23/07/2019
24/07/2019,0.0028819,0.0027629,0.0028741,28.351916981176075,24/07/2019
25/07/2019,0.0029487,0.0028476,0.0028656,28.196581207612525,25/07/2019
26/07/2019,0.0029033,0.0028177,0.0028798,28.89743659543464,26/07/2019
27/07/2019,0.00296,0.0027551,0.0028047,27.37554956549404,27/07/2019
28/07/2019,0.0028137,0.002726,0.0027932,27.139842282065985,28/07/2019
29/07/2019,0.002884,0.0027637,0.0027663,26.563689485661484,29/07/2019
30/07/2019,0.00288,0.0027457,0.0027885,27.92359535,30/07/2019
31/07/2019,0.0028761,0.0027889,0.0028583,32.176312768072776,31/07/2019
01/08/2019,0.0030617,0.0028248,0.0029004,34.67972723207508,01/08/2019
02/08/2019,0.0029272,0.002861,0.0028996,34.653551930692146,02/08/2019
03/08/2019,0.002949,0.0028768,0.0028994,34.64651148387031,03/08/2019
04/08/2019,0.0029985,0.0028424,0.0029222,36.236929275152114,04/08/2019
05/08/2019,0.0031998,0.0029196,0.0030428,43.999907046096595,05/08/2019
06/08/2019,0.003084,0.0029124,0.0029557,40.19385829814781,06/08/2019
07/08/2019,0.0030399,0.0028759,0.0029856,42.04711411351816,07/08/2019
08/08/2019,0.0029972,0.0028544,0.0029635,41.03495380260742,08/08/2019
09/08/2019,0.0029725,0.0028375,0.002913,38.740086969652914,09/08/2019
10/08/2019,0.0029432,0.0028085,0.00285,36.032793544890716,10/08/2019
11/08/2019,0.0028995,0.0028281,0.0028874,38.76847514,11/08/2019
12/08/2019,0.0028999,0.0028455,0.0028516,37.131483098581796,12/08/2019
13/08/2019,0.0028643,0.0027802,0.0028339,36.315033793888844,13/08/2019
14/08/2019,0.0028399,0.0027,0.0027161,31.371092765085763,14/08/2019
15/08/2019,0.0027695,0.0025578,0.0025916,27.162261628982804,15/08/2019
16/08/2019,0.002718,0.0025112,0.002651,31.859463044891385,16/08/2019
17/08/2019,0.0026632,0.0025778,0.0026251,30.92305920664171,17/08/2019
18/08/2019,0.0027214,0.002587,0.002695,36.35956629809935,18/08/2019
19/08/2019,0.0028146,0.0026676,0.0027816,42.407136706018754,19/08/2019
20/08/2019,0.002785,0.0026798,0.002712,39.18431628465581,20/08/2019
21/08/2019,0.0027153,0.0025633,0.0026398,36.11789234283542,21/08/2019
22/08/2019,0.0027165,0.0025527,0.0026458,36.56218270444692,22/08/2019
23/08/2019,0.002693,0.0026153,0.0026668,38.182688164825386,23/08/2019
24/08/2019,0.0026785,0.0025647,0.0026222,36.07498854972452,24/08/2019
25/08/2019,0.002666,0.002582,0.0026237,36.20254038,25/08/2019
26/08/2019,0.0027048,0.0025931,0.0026409,37.73669768368645,26/08/2019
27/08/2019,0.00264,0.0025763,0.0025993,35.512384632861085,27/08/2019
28/08/2019,0.0026014,0.0024772,0.0024965,30.697177916304383,28/08/2019
29/08/2019,0.0024958,0.002339,0.0024244,27.845401828609837,29/08/2019
30/08/2019,0.0024939,0.0023879,0.0024449,29.841136475529026,30/08/2019
31/08/2019,0.0024878,0.0024118,0.0024528,30.637336994900082,31/08/2019
01/09/2019,0.0024851,0.0024109,0.0024603,31.432899943247108,01/09/2019
02/09/2019,0.0026167,0.0024377,0.0025882,43.36297526092061,02/09/2019
03/09/2019,0.0026054,0.0025313,0.0025593,41.60160962305618,03/09/2019
04/09/2019,0.0025711,0.0025,0.0025097,38.69644944550202,04/09/2019
05/09/2019,0.0025221,0.0024589,0.0024909,37.62397853292832,05/09/2019
06/09/2019,0.0025054,0.0024,0.00247,36.41567542306592,06/09/2019
07/09/2019,0.002507,0.0024029,0.0024542,35.487808193241065,07/09/2019
08/09/2019,0.0025306,0.0024,0.0024585,35.96600220785044,08/09/2019
09/09/2019,0.0024692,0.0024,0.0024351,34.46866741120854,09/09/2019
10/09/2019,0.0024612,0.0023849,0.0024185,33.40616414107663,10/09/2019
11/09/2019,0.0024386,0.0023601,0.0023892,31.557119678625355,11/09/2019
12/09/2019,0.002431,0.0023265,0.0023928,32.05474155264828,12/09/2019
13/09/2019,0.0024128,0.00236,0.002399,32.95878013301376,13/09/2019
14/09/2019,0.002437,0.0023701,0.0024192,35.948966879255536,14/09/2019
15/09/2019,0.0024851,0.00239,0.002426,36.96816492421939,15/09/2019
16/09/2019,0.0024765,0.0023978,0.0024309,37.73700200632008,16/09/2019
17/09/2019,0.00262,0.00241,0.002594,56.67868506,17/09/2019
18/09/2019,0.0028103,0.0025527,0.0027015,64.37208239933892,18/09/2019
19/09/2019,0.0027322,0.00254,0.0027083,64.79794517397764,19/09/2019
20/09/2019,0.0027062,0.0026147,0.0026497,58.32760960074651,20/09/2019
21/09/2019,0.0026619,0.002539,0.0025772,51.47874478682917,21/09/2019
22/09/2019,0.002599,0.0025173,0.002562,50.14921276962674,22/09/2019
23/09/2019,0.0025719,0.0024474,0.0024474,41.45593958995159,23/09/2019
24/09/2019,0.0024731,0.0019317,0.00219,29.20866364385482,24/09/2019
25/09/2019,0.0022241,0.0020665,0.0021757,28.701360673881624,25/09/2019
26/09/2019,0.0022375,0.0020185,0.0021396,27.40723404514459,26/09/2019
27/09/2019,0.002199,0.0020985,0.0021723,30.465665988002698,27/09/2019
28/09/2019,0.002232,0.0021401,0.0021974,32.805837426399606,28/09/2019
29/09/2019,0.0022399,0.0021235,0.0021854,32.24707030023657,29/09/2019
30/09/2019,0.0024733,0.0021264,0.0023747,47.45215056969674,30/09/2019
01/10/2019,0.0025001,0.0023473,0.0023503,46.01858425588861,01/10/2019
02/10/2019,0.0023692,0.0022809,0.002323,44.40227444737252,02/10/2019
03/10/2019,0.002325,0.0022353,0.0022977,42.89852235237512,03/10/2019
04/10/2019,0.002325,0.0022398,0.0022893,42.385271772170675,04/10/2019
05/10/2019,0.0023051,0.0022614,0.0022922,42.64042229138563,05/10/2019
06/10/2019,0.0023048,0.0022275,0.0022677,40.988909020970624,06/10/2019
07/10/2019,0.0023654,0.0022368,0.002331,46.72965570191766,07/10/2019
08/10/2019,0.0023649,0.0022783,0.0023096,45.13117951665107,08/10/2019
09/10/2019,0.0023652,0.0022467,0.0023522,48.87992198492435,09/10/2019
10/10/2019,0.0023512,0.0022927,0.0023,44.83745464685113,10/10/2019
11/10/2019,0.0023411,0.002225,0.0022909,44.15193278687848,11/10/2019
12/10/2019,0.002331,0.0022751,0.0023196,46.90887385647488,12/10/2019
13/10/2019,0.0026349,0.0023096,0.0024317,56.03758171305295,13/10/2019
14/10/2019,0.00275,0.0024067,0.0025415,62.78696212916158,14/10/2019
15/10/2019,0.00258,0.0024652,0.0024964,58.79418049364492,15/10/2019
16/10/2019,0.0026228,0.0024851,0.0026162,65.13642482612985,16/10/2019
17/10/2019,0.002974,0.0025778,0.0027405,70.25246947467625,17/10/2019
18/10/2019,0.0028665,0.0026311,0.0026952,66.42671630969312,18/10/2019
19/10/2019,0.0027949,0.0026467,0.0027176,67.37288489833065,19/10/2019
20/10/2019,0.0027575,0.0026407,0.0027151,67.14544433015081,20/10/2019
21/10/2019,0.00295,0.0025758,0.0026879,64.59059297256053,21/10/2019
22/10/2019,0.0027297,0.0025085,0.0025311,52.24859341175765,22/10/2019
23/10/2019,0.002565,0.0021,0.0024746,48.64186418851867,23/10/2019
24/10/2019,0.00255,0.0024,0.0025183,51.43431861644028,24/10/2019
25/10/2019,0.0027799,0.0024652,0.0026694,59.611478805805085,25/10/2019
26/10/2019,0.002898,0.0025577,0.0025925,54.575145327656294,26/10/2019
27/10/2019,0.0029542,0.00256,0.00264,56.992185719683995,27/10/2019
28/10/2019,0.00275,0.0026234,0.0026265,56.07888339832037,28/10/2019
29/10/2019,0.0026952,0.002615,0.002625,55.971556443765536,29/10/2019
30/10/2019,0.0026649,0.0025584,0.0025936,53.65653435412385,30/10/2019
31/10/2019,0.0026357,0.0025473,0.0025844,52.96530512125483,31/10/2019
01/11/2019,0.002675,0.0025522,0.0025932,53.58129283073849,01/11/2019
02/11/2019,0.0026114,0.0025463,0.0025773,52.24980403154541,02/11/2019
03/11/2019,0.0026369,0.0025427,0.0025861,52.94672640020685,03/11/2019
04/11/2019,0.0026,0.002538,0.0025751,51.92650821229549,04/11/2019
05/11/2019,0.0026045,0.0025501,0.0025927,53.471332983731926,05/11/2019
06/11/2019,0.00261,0.00255,0.0025952,53.69893523812515,06/11/2019
07/11/2019,0.0027449,0.0025694,0.0026982,61.95597391433846,07/11/2019
08/11/2019,0.0027096,0.002535,0.0026381,55.71273764457683,08/11/2019
09/11/2019,0.0027351,0.0026079,0.0027126,60.96394308316792,09/11/2019
10/11/2019,0.0027849,0.0026647,0.0027565,63.69563635972075,10/11/2019
11/11/2019,0.0027687,0.002646,0.002705,58.521817836824766,11/11/2019
12/11/2019,0.0027244,0.0026456,0.0027078,58.71815211288029,12/11/2019
13/11/2019,0.0027078,0.0026316,0.0026821,56.09363291305161,13/11/2019
14/11/2019,0.0026862,0.0025991,0.002662,54.05851714,14/11/2019
15/11/2019,0.00271,0.0025767,0.002658,53.64143217416274,15/11/2019
16/11/2019,0.0027,0.0026164,0.0026606,53.89046077477556,16/11/2019
17/11/2019,0.0026619,0.0025893,0.0026258,50.01759370093148,17/11/2019
18/11/2019,0.0026299,0.0025002,0.0025395,41.96362516687131,18/11/2019
19/11/2019,0.0025381,0.0024883,0.0025165,40.109920028034615,19/11/2019
20/11/2019,0.00259,0.0025065,0.0025225,40.84405205461402,20/11/2019
21/11/2019,0.0025302,0.0023,0.0024063,32.52801523739963,21/11/2019
22/11/2019,0.0024426,0.0021733,0.0023524,29.525079875730512,22/11/2019
23/11/2019,0.0024,0.0022612,0.0023994,35.14732873190856,23/11/2019
24/11/2019,0.0023892,0.0022323,0.002233,26.94997050851731,24/11/2019
25/11/2019,0.0023206,0.002081,0.0022539,29.184008619983544,25/11/2019
26/11/2019,0.0023128,0.0022267,0.0022663,30.541250416132698,26/11/2019
27/11/2019,0.00236,0.0021866,0.0023208,36.31822609122022,27/11/2019
28/11/2019,0.00236,0.0022614,0.002272,33.62171941022582,28/11/2019
29/11/2019,0.0023733,0.0022722,0.0023593,41.92827046151746,29/11/2019
30/11/2019,0.0023607,0.0022711,0.0022918,37.97161675770138,30/11/2019
01/12/2019,0.0023041,0.0022323,0.0022648,36.488347606262685,01/12/2019
02/12/2019,0.0022708,0.0021588,0.0022194,34.07783377477402,02/12/2019
03/12/2019,0.0022366,0.0021504,0.0021782,32.011111000864375,03/12/2019
04/12/2019,0.002245,0.0021123,0.0021682,31.51157383367884,04/12/2019
05/12/2019,0.0022199,0.0021406,0.0021755,32.34160857652452,05/12/2019
06/12/2019,0.0022416,0.0021001,0.0021944,34.55313217943788,06/12/2019
07/12/2019,0.0022504,0.0021601,0.002184,33.896561070219846,07/12/2019
08/12/2019,0.0022499,0.00215,0.0021971,35.55763312,08/12/2019
09/12/2019,0.0022182,0.0021624,0.0021699,33.665994562787304,09/12/2019
10/12/2019,0.002215,0.0020903,0.0021368,31.471821093616583,10/12/2019
11/12/2019,0.002174,0.0021079,0.0021379,31.631293756813648,11/12/2019
12/12/2019,0.0021688,0.0021166,0.0021344,31.38106067918457,12/12/2019
13/12/2019,0.0022245,0.0021051,0.0021321,31.20635169617988,13/12/2019
14/12/2019,0.0022933,0.002048,0.0021127,29.704166213201972,14/12/2019
15/12/2019,0.0022,0.0020938,0.0021363,33.87426217727162,15/12/2019
16/12/2019,0.002177,0.0020705,0.002087,29.88583670217851,16/12/2019
17/12/2019,0.0021318,0.0019349,0.0019772,23.304530477749893,17/12/2019
18/12/2019,0.0020868,0.0019,0.0020483,33.514522766745216,18/12/2019
19/12/2019,0.00218,0.0019819,0.0020205,31.73557982107235,19/12/2019
20/12/2019,0.002065,0.0019933,0.0020273,32.676909655554994,20/12/2019
21/12/2019,0.0020676,0.0020091,0.00204,34.49372102779718,21/12/2019
22/12/2019,0.0020859,0.00202,0.0020808,40.08748894862786,22/12/2019
23/12/2019,0.0021261,0.0020276,0.002051,37.564366284978504,23/12/2019
24/12/2019,0.0020546,0.002002,0.0020184,34.97122390719552,24/12/2019
25/12/2019,0.0020591,0.0019938,0.00204,38.023998133602774,25/12/2019
26/12/2019,0.0020545,0.0020013,0.0020245,36.692829903149764,26/12/2019
27/12/2019,0.0020426,0.0019901,0.0020277,37.181779125811005,27/12/2019
28/12/2019,0.0020624,0.0020277,0.0020458,40.004344081797335,28/12/2019
29/12/2019,0.0020609,0.0020259,0.0020329,38.670711211134844,29/12/2019
30/12/2019,0.0020585,0.0020123,0.0020264,37.983589811770514,30/12/2019
31/12/2019,0.0020299,0.0019862,0.0020135,36.59389021164818,31/12/2019
01/01/2020,0.002039,0.0020001,0.0020245,38.65495697002961,01/01/2020
02/01/2020,0.00204,0.0019485,0.0019951,35.34774526928254,02/01/2020
03/01/2020,0.0020359,0.0019675,0.0020236,40.648869817389816,03/01/2020
04/01/2020,0.0021035,0.002015,0.0020579,46.35032092464702,04/01/2020
05/01/2020,0.0020922,0.0020361,0.0020696,48.17900459594437,05/01/2020
06/01/2020,0.0021345,0.0020692,0.0021344,56.93440040617628,06/01/2020
07/01/2020,0.0021847,0.0020777,0.002175,61.34148067264704,07/01/2020
08/01/2020,0.0022263,0.0020701,0.0020886,49.68824538006888,08/01/2020
09/01/2020,0.0021633,0.0020642,0.0021282,54.001472404761394,09/01/2020
10/01/2020,0.0022024,0.0020983,0.0021973,60.383725607234055,10/01/2020
11/01/2020,0.002225,0.0021651,0.0021754,57.65345202747643,11/01/2020
12/01/2020,0.0022133,0.002155,0.0021963,59.53391301108564,12/01/2020
13/01/2020,0.0022049,0.0021652,0.0021704,56.20313986944356,13/01/2020
14/01/2020,0.0023955,0.0021653,0.0023581,69.51451507439626,14/01/2020
15/01/2020,0.0024913,0.0023204,0.0023669,69.97526180347307,15/01/2020
16/01/2020,0.0023768,0.0022871,0.0023276,65.23355433925417,16/01/2020
17/01/2020,0.0025035,0.0023159,0.0024868,73.16605260010462,17/01/2020
18/01/2020,0.0025225,0.0024441,0.0025115,74.15147850063263,18/01/2020
19/01/2020,0.0025833,0.0023269,0.0023982,62.76532952019881,19/01/2020
20/01/2020,0.002427,0.0023468,0.002376,60.79546666242723,20/01/2020
21/01/2020,0.0023952,0.0023206,0.0023673,60.000729230676775,21/01/2020
22/01/2020,0.0023904,0.0023353,0.0023434,57.76667765822504,22/01/2020
23/01/2020,0.0023478,0.002225,0.0022514,50.04253051800363,23/01/2020
24/01/2020,0.0022885,0.0021968,0.0022698,51.44101429675363,24/01/2020
25/01/2020,0.0022708,0.0022265,0.002251,49.903865539075845,25/01/2020
26/01/2020,0.0023091,0.0022364,0.0022854,52.689651824632186,26/01/2020
27/01/2020,0.0024271,0.002256,0.0023594,58.08887037295217,27/01/2020
28/01/2020,0.0024437,0.00235,0.0024412,63.10174515390602,28/01/2020
29/01/2020,0.0024477,0.002371,0.0023865,58.09755237,29/01/2020
30/01/2020,0.0024243,0.0023544,0.002414,59.822613145309454,30/01/2020
31/01/2020,0.002445,0.002362,0.0023776,56.506590526245475,31/01/2020
01/02/2020,0.002417,0.002373,0.002417,59.14633933935205,01/02/2020
02/02/2020,0.0025018,0.0023985,0.0024406,60.685528703868265,02/02/2020
03/02/2020,0.0024999,0.0024133,0.0024156,58.18470762,03/02/2020
04/02/2020,0.0025178,0.002398,0.0025169,64.55807439212433,04/02/2020
05/02/2020,0.0026334,0.0024723,0.0025826,67.96809603415487,05/02/2020
06/02/2020,0.0026896,0.0025696,0.0026654,71.66782109778332,06/02/2020
07/02/2020,0.0028,0.00265,0.0027888,76.09859539695165,07/02/2020
08/02/2020,0.0032674,0.0027214,0.003171,84.29220271947204,08/02/2020
09/02/2020,0.00489,0.003078,0.0032235,85.05032087646036,09/02/2020
10/02/2020,0.0032819,0.0028417,0.0029663,67.78890001708069,10/02/2020
11/02/2020,0.0030946,0.0028388,0.00303,69.44300973185746,11/02/2020
12/02/2020,0.0031568,0.003,0.0030589,70.19092156,12/02/2020
13/02/2020,0.00321,0.0029443,0.0030132,67.38232811781207,13/02/2020
14/02/2020,0.0031383,0.0029756,0.0031067,70.02502222662045,14/02/2020
15/02/2020,0.0031769,0.00284,0.0029031,58.84474725340968,15/02/2020
16/02/2020,0.0029621,0.0026023,0.0027522,52.19338172,16/02/2020
17/02/2020,0.0027561,0.0025241,0.0026999,50.08052933,17/02/2020
18/02/2020,0.0028656,0.0026538,0.0028286,54.91699508434261,18/02/2020
19/02/2020,0.0028615,0.0025623,0.0026085,46.60156321743698,19/02/2020
20/02/2020,0.0029909,0.0025415,0.002653,48.30585538827418,20/02/2020
21/02/2020,0.002712,0.0025891,0.0026481,48.123719534864094,21/02/2020
22/02/2020,0.0026533,0.0025719,0.0025887,45.86604165665239,22/02/2020
23/02/2020,0.00268,0.0025905,0.0026772,49.655655759637746,23/02/2020
24/02/2020,0.0026822,0.0025436,0.0025769,45.74697723852696,24/02/2020
25/02/2020,0.0025831,0.0023977,0.0024734,42.06714227781919,25/02/2020
26/02/2020,0.0024864,0.0021862,0.0023439,37.953454286587615,26/02/2020
27/02/2020,0.0024164,0.0023,0.0023255,37.39392588083153,27/02/2020
28/02/2020,0.00237,0.0022161,0.0022823,36.050145012149976,28/02/2020
29/02/2020,0.0023197,0.0022112,0.0022153,34.00889743379034,29/02/2020
01/03/2020,0.00231,0.0022004,0.0022794,37.64651713621235,01/03/2020
02/03/2020,0.0023792,0.0022205,0.0023471,41.325251811244016,02/03/2020
03/03/2020,0.0025355,0.0023082,0.0024985,48.625052906401464,03/03/2020
04/03/2020,0.0025033,0.00237,0.0024187,45.41770082153328,04/03/2020
05/03/2020,0.00253,0.0024222,0.0024771,48.11496392863208,05/03/2020
06/03/2020,0.0024999,0.0024374,0.0024862,48.541681284928174,06/03/2020
07/03/2020,0.002494,0.0023922,0.0024066,45.05138205082397,07/03/2020
08/03/2020,0.0024039,0.00215,0.0021671,36.538514637745884,08/03/2020
09/03/2020,0.0022269,0.00208,0.0022203,39.28304797709308,09/03/2020
10/03/2020,0.0022641,0.0021533,0.0022053,38.773879111270524,10/03/2020
11/03/2020,0.0022181,0.0020911,0.0021716,37.594892600359756,11/03/2020
12/03/2020,0.0021805,0.0014003,0.0015996,24.164311152560074,12/03/2020
13/03/2020,0.0017957,0.0011345,0.001746,30.962322291509423,13/03/2020
14/03/2020,0.0017771,0.001633,0.0016632,29.359340899311647,14/03/2020
15/03/2020,0.0018329,0.0016295,0.0016932,30.758089287030202,15/03/2020
16/03/2020,0.0017,0.0013478,0.0015817,28.499388544734572,16/03/2020
17/03/2020,0.0016873,0.001546,0.0016219,30.481533421720926,17/03/2020
18/03/2020,0.0016428,0.0015442,0.0016002,29.998098817357516,18/03/2020
19/03/2020,0.0018395,0.001565,0.00177,38.25077944216457,19/03/2020
20/03/2020,0.0019361,0.0016412,0.0017802,38.71815308608775,20/03/2020
21/03/2020,0.0018533,0.0016964,0.0017849,38.94746089158799,21/03/2020
22/03/2020,0.0018447,0.0017155,0.0017264,37.08728208704451,22/03/2020
23/03/2020,0.0018576,0.0016843,0.0018192,41.833273605105305,23/03/2020
24/03/2020,0.001916,0.0018047,0.0018641,44.033170190273076,24/03/2020
25/03/2020,0.0018947,0.00179,0.0018296,42.69693835362654,25/03/2020
26/03/2020,0.0018673,0.0018111,0.0018519,43.88235695,26/03/2020
27/03/2020,0.00187,0.0017408,0.0017766,40.81221226972091,27/03/2020
28/03/2020,0.001809,0.0016981,0.001783,41.18882796186238,28/03/2020
29/03/2020,0.0018001,0.0017018,0.0017099,38.19903712780515,29/03/2020
30/03/2020,0.0019,0.001709,0.0017957,43.39286049222118,30/03/2020
31/03/2020,0.0018286,0.001792,0.0018041,43.890034728937444,31/03/2020
01/04/2020,0.0018743,0.0017659,0.0018631,47.38546431042018,01/04/2020
02/04/2020,0.00195,0.0018405,0.0018777,48.24467782867077,02/04/2020
03/04/2020,0.0019048,0.0018205,0.0018467,46.50801046833589,03/04/2020
04/04/2020,0.0019085,0.001828,0.0018697,48.00352942557718,04/04/2020
05/04/2020,0.0018817,0.0018381,0.00185,46.796711965634834,05/04/2020
06/04/2020,0.0019901,0.0018443,0.0019896,55.360925255411324,06/04/2020
07/04/2020,0.0020209,0.0019501,0.0019943,55.61994564631939,07/04/2020
08/04/2020,0.0020426,0.001967,0.0020038,56.17350719897507,08/04/2020
09/04/2020,0.0020454,0.0019852,0.0020151,56.862746605972376,09/04/2020
10/04/2020,0.0020356,0.001873,0.001965,52.89119059932939,10/04/2020
11/04/2020,0.00201,0.0019349,0.0019645,52.85151648203211,11/04/2020
12/04/2020,0.002012,0.0019392,0.0019673,53.063842966124135,12/04/2020
13/04/2020,0.001976,0.0018598,0.0019533,51.80756905,13/04/2020
14/04/2020,0.001977,0.0019315,0.0019656,52.86342679349769,14/04/2020
15/04/2020,0.0019731,0.00189,0.0019061,47.447906724571155,15/04/2020
16/04/2020,0.00203,0.0018722,0.001995,54.884589397303166,16/04/2020
17/04/2020,0.0020047,0.001974,0.001983,53.77832067042487,17/04/2020
18/04/2020,0.0020962,0.00198,0.0020445,58.40558002056579,18/04/2020
19/04/2020,0.0020722,0.0019977,0.0020313,57.084646574144415,19/04/2020
20/04/2020,0.0020499,0.0019354,0.0019787,52.03438876082511,20/04/2020
21/04/2020,0.002,0.00193,0.00195,49.46306877,21/04/2020
22/04/2020,0.00205,0.0019425,0.0019957,53.41098713814388,22/04/2020
23/04/2020,0.0021612,0.0019886,0.0020512,57.729715912800316,23/04/2020
24/04/2020,0.0021075,0.0020431,0.0020832,60.03033444859998,24/04/2020
25/04/2020,0.0021533,0.0020682,0.0021245,62.84129514436611,25/04/2020
26/04/2020,0.0024479,0.0021283,0.0024076,75.53991883826134,26/04/2020
27/04/2020,0.0024137,0.0022821,0.0023456,69.90556234,27/04/2020
28/04/2020,0.0023565,0.0023,0.002327,68.26064479493347,28/04/2020
29/04/2020,0.002542,0.0023066,0.0024912,74.06292053434595,29/04/2020
30/04/2020,0.0026904,0.0023585,0.002433,69.23187768100537,30/04/2020
01/05/2020,0.0025466,0.0024176,0.0024749,70.71299915195367,01/05/2020
02/05/2020,0.0025574,0.0024501,0.002542,72.95802464764543,02/05/2020
03/05/2020,0.00258,0.00246,0.0025001,69.38146063553054,03/05/2020
04/05/2020,0.0025094,0.0023375,0.0024605,66.08417728691553,04/05/2020
05/05/2020,0.0025183,0.0024266,0.0024738,66.65730922971309,05/05/2020
06/05/2020,0.0025623,0.0024572,0.0024801,66.94227898,06/05/2020
07/05/2020,0.0026975,0.002459,0.0026627,73.90400443062057,07/05/2020
08/05/2020,0.0026894,0.00257,0.0026052,68.97787786693299,08/05/2020
09/05/2020,0.0026453,0.00251,0.0026075,69.06669741503836,09/05/2020
10/05/2020,0.0025986,0.0022425,0.0024602,57.67728193630254,10/05/2020
11/05/2020,0.0025373,0.0022957,0.0024125,54.54071958376095,11/05/2020
12/05/2020,0.0025132,0.0023993,0.0024606,57.07564011,12/05/2020
13/05/2020,0.0025425,0.0024433,0.0025245,60.24704487306803,13/05/2020
14/05/2020,0.00265,0.0025,0.0025813,62.872901547320055,14/05/2020
15/05/2020,0.0025828,0.00246,0.0024888,56.34551903948687,15/05/2020
16/05/2020,0.0025345,0.0024728,0.0025098,57.42615807,16/05/2020
17/05/2020,0.00258,0.002502,0.0025331,58.64924294098455,17/05/2020
18/05/2020,0.0025899,0.0024987,0.0025379,58.91112635100482,18/05/2020
19/05/2020,0.0025775,0.0024903,0.0025487,59.53214115069722,19/05/2020
20/05/2020,0.002566,0.0024588,0.0025002,55.477109872981195,20/05/2020
21/05/2020,0.0025514,0.0024215,0.0024774,53.62779674744115,21/05/2020
22/05/2020,0.00255,0.0024627,0.0025175,56.38176494970862,22/05/2020
23/05/2020,0.0025631,0.0024936,0.0025271,57.03954635639714,23/05/2020
24/05/2020,0.002563,0.002435,0.0024461,50.16543509321214,24/05/2020
25/05/2020,0.002548,0.00242,0.0025324,56.219311393808134,25/05/2020
26/05/2020,0.0025329,0.0024571,0.0024781,51.943597712095894,26/05/2020
27/05/2020,0.0025186,0.0024499,0.0024998,53.46670836506929,27/05/2020
28/05/2020,0.0025599,0.0024816,0.002523,55.10499963,28/05/2020
29/05/2020,0.0025533,0.0024995,0.0025303,55.634290410828946,29/05/2020
30/05/2020,0.0026299,0.002526,0.002618,61.505838621048916,30/05/2020
31/05/2020,0.0026822,0.002543,0.0025599,56.19945632092839,31/05/2020
01/06/2020,0.0027,0.0024997,0.0026452,61.45702555596272,01/06/2020
02/06/2020,0.0026647,0.0024696,0.0025666,54.91577459958387,02/06/2020
03/06/2020,0.002596,0.0025177,0.0025867,56.199656238354606,03/06/2020
04/06/2020,0.0026679,0.0025656,0.002623,58.49824906098343,04/06/2020
05/06/2020,0.0026288,0.00258,0.0025907,55.69733659821748,05/06/2020
06/06/2020,0.0025999,0.0025507,0.0025926,55.83130642154908,06/06/2020
07/06/2020,0.0026135,0.00255,0.0025987,56.28832672834271,07/06/2020
08/06/2020,0.0026038,0.0025505,0.0025786,54.29476447080331,08/06/2020
09/06/2020,0.0025888,0.00249,0.0025586,52.309533980000715,09/06/2020
10/06/2020,0.0025953,0.0025409,0.0025761,53.89795600571864,10/06/2020
11/06/2020,0.0025938,0.0023801,0.0024463,42.57190020744399,11/06/2020
12/06/2020,0.002525,0.0024351,0.0025,47.48829549175301,12/06/2020
13/06/2020,0.0025338,0.0024869,0.0025241,49.57469891827121,13/06/2020
14/06/2020,0.0025319,0.002482,0.0024972,47.31494856,14/06/2020
15/06/2020,0.0024941,0.0023963,0.0024743,45.41699046769986,15/06/2020
16/06/2020,0.0024999,0.0024087,0.0024855,46.546351561263464,16/06/2020
17/06/2020,0.0025024,0.0024445,0.0024806,46.096974902042255,17/06/2020
18/06/2020,0.0024919,0.0024322,0.0024575,43.943120495968664,18/06/2020
19/06/2020,0.002468,0.0024256,0.0024399,42.32063269490915,19/06/2020
20/06/2020,0.0024516,0.0023921,0.0024419,42.58008355439224,20/06/2020
21/06/2020,0.0024658,0.0024277,0.0024295,41.33852841756608,21/06/2020
22/06/2020,0.0025001,0.002432,0.0024731,47.17134769967512,22/06/2020
23/06/2020,0.0024909,0.0024615,0.0024686,46.655714208924124,23/06/2020
24/06/2020,0.0024867,0.0023772,0.0024193,41.32598509268064,24/06/2020
25/06/2020,0.0024288,0.002378,0.0024081,40.20239473200172,25/06/2020
26/06/2020,0.002417,0.0023465,0.0023593,35.653801368556145,26/06/2020
27/06/2020,0.0023635,0.00227,0.0023045,31.3625672,27/06/2020
28/06/2020,0.0023459,0.0022784,0.0023142,32.90200371342334,28/06/2020
29/06/2020,0.00233,0.0022908,0.0023077,32.37794928287552,29/06/2020
30/06/2020,0.0023257,0.0022821,0.0023185,34.25179165376177,30/06/2020
01/07/2020,0.0023709,0.0023,0.0023203,34.577184037969474,01/07/2020
02/07/2020,0.0023498,0.0022839,0.002322,34.904851399263904,02/07/2020
03/07/2020,0.0023345,0.0022882,0.0023139,34.03028984968468,03/07/2020
04/07/2020,0.0023312,0.0022993,0.0023012,32.649021253143744,04/07/2020
05/07/2020,0.002319,0.0022787,0.0023029,33.04081054469968,05/07/2020
06/07/2020,0.002622,0.002293,0.0026193,69.08556995919403,06/07/2020
07/07/2020,0.0032953,0.0025999,0.003136,84.11968245708452,07/07/2020
08/07/2020,0.0055999,0.00291,0.0047657,94.01160646989064,08/07/2020
09/07/2020,0.0050594,0.00405,0.0043214,79.47662912428608,09/07/2020
10/07/2020,0.0043334,0.0034001,0.0035313,61.32031479355762,10/07/2020
11/07/2020,0.0039634,0.0034555,0.0038041,64.34869676209031,11/07/2020
12/07/2020,0.0038501,0.0035799,0.0036358,61.166926539246404,12/07/2020
13/07/2020,0.0036408,0.0029767,0.0031677,53.27644506894782,13/07/2020
14/07/2020,0.00339,0.0030302,0.0032888,54.89742763030628,14/07/2020
15/07/2020,0.0032911,0.003056,0.0030868,51.67687348961613,15/07/2020
16/07/2020,0.003096,0.0028525,0.0029808,50.018625268678484,16/07/2020
17/07/2020,0.00309,0.0029169,0.0030528,51.164920596581666,17/07/2020
18/07/2020,0.00368,0.003013,0.003449,57.00800999969699,18/07/2020
19/07/2020,0.0037789,0.0033104,0.0033811,55.776322604557734,19/07/2020
20/07/2020,0.0034315,0.00314,0.0032201,52.860019119937824,20/07/2020
21/07/2020,0.0033659,0.0031377,0.0032979,54.10870039867093,21/07/2020
22/07/2020,0.003305,0.0032089,0.0032868,53.88937274523783,22/07/2020
23/07/2020,0.003337,0.0032598,0.0032997,54.12211812198361,23/07/2020
24/07/2020,0.0033114,0.0031465,0.0032113,52.178465822276245,24/07/2020
25/07/2020,0.0033433,0.0031761,0.0032475,52.92402835199238,25/07/2020
26/07/2020,0.0032898,0.0031728,0.0032323,52.55353349,26/07/2020
27/07/2020,0.0032441,0.0030019,0.0031694,50.96359226176603,27/07/2020
28/07/2020,0.003225,0.0031238,0.003188,51.43152197731417,28/07/2020
29/07/2020,0.0033,0.0031542,0.0031663,50.82219990395906,29/07/2020
30/07/2020,0.00325,0.0031334,0.0032281,52.54644773288191,30/07/2020
31/07/2020,0.0032412,0.0031713,0.003224,52.41514690545454,31/07/2020
01/08/2020,0.0039,0.0032001,0.0037144,64.00176307004806,01/08/2020
02/08/2020,0.0037754,0.0031,0.0033312,53.117786909312855,02/08/2020
03/08/2020,0.0034468,0.0032995,0.0033818,54.22475728763625,03/08/2020
04/08/2020,0.0035746,0.0033608,0.0035458,57.71007834585687,04/08/2020
05/08/2020,0.0035871,0.003449,0.0035028,56.495473311356136,05/08/2020
06/08/2020,0.00365,0.00345,0.00356,57.768769403931934,06/08/2020
07/08/2020,0.003617,0.003317,0.003496,55.80086272211253,07/08/2020
08/08/2020,0.0035249,0.0033981,0.0035134,56.23734737693359,08/08/2020
09/08/2020,0.00353,0.0034103,0.0034664,54.66693677031471,09/08/2020
10/08/2020,0.0035559,0.0034089,0.0034952,55.487198841849775,10/08/2020
11/08/2020,0.0035778,0.0033168,0.0033906,51.81980762170449,11/08/2020
12/08/2020,0.0034965,0.0033165,0.0034606,54.01046518633169,12/08/2020
13/08/2020,0.0035208,0.003335,0.0034877,54.86605420732267,13/08/2020
14/08/2020,0.00359,0.0034334,0.0035731,57.54641826897443,14/08/2020
15/08/2020,0.0036243,0.0034617,0.0035328,55.86053525516587,15/08/2020
16/08/2020,0.0035583,0.0034382,0.0035302,55.74706445,16/08/2020
17/08/2020,0.0037238,0.0034927,0.0035877,57.78918757898142,17/08/2020
18/08/2020,0.0037165,0.0034297,0.003476,52.70136761028405,18/08/2020
19/08/2020,0.0035374,0.0033341,0.0034196,50.29363218822887,19/08/2020
20/08/2020,0.0035043,0.0033711,0.0034399,51.15855430876806,20/08/2020
21/08/2020,0.0035651,0.0033622,0.0033776,48.37643635,21/08/2020
22/08/2020,0.0034605,0.0033201,0.0034331,50.93624599128905,22/08/2020
23/08/2020,0.0034562,0.0033607,0.0033955,49.15783559778849,23/08/2020
24/08/2020,0.0034689,0.0033715,0.0034116,49.963427917919425,24/08/2020
25/08/2020,0.0034261,0.0032092,0.0032907,44.28841872449863,25/08/2020
26/08/2020,0.0033461,0.0032323,0.0032939,44.46820825136982,26/08/2020
27/08/2020,0.0033078,0.0031427,0.0031997,40.34104492908942,27/08/2020
28/08/2020,0.0032687,0.0031678,0.0032637,44.13470059869876,28/08/2020
29/08/2020,0.0032973,0.0032285,0.0032749,44.79626700791498,29/08/2020
30/08/2020,0.003348,0.003261,0.0032981,46.217059023015956,30/08/2020
31/08/2020,0.0033054,0.0031841,0.0032073,41.69413233288591,31/08/2020
01/09/2020,0.0032784,0.0031519,0.0032411,43.895197083108336,01/09/2020
02/09/2020,0.0032626,0.0030101,0.0031161,38.15817929459916,02/09/2020
03/09/2020,0.0031265,0.0027,0.0027692,27.43980029246272,03/09/2020
04/09/2020,0.0029632,0.0027006,0.0028797,33.81700748328511,04/09/2020
05/09/2020,0.0029269,0.0026786,0.002764,30.767817317835892,05/09/2020
06/09/2020,0.0028068,0.0026875,0.0027859,32.017336568457395,06/09/2020
07/09/2020,0.0028373,0.002688,0.0028151,33.7346318,07/09/2020
08/09/2020,0.0028386,0.0026742,0.002747,31.722035024316867,08/09/2020
09/09/2020,0.002805,0.0026863,0.002779,33.72296289016329,09/09/2020
10/09/2020,0.002848,0.0027522,0.0028077,35.54731425072302,10/09/2020
11/09/2020,0.00282,0.0027364,0.0027956,35.10853481822072,11/09/2020
12/09/2020,0.0028321,0.00276,0.0028141,36.401122347644886,12/09/2020
13/09/2020,0.0028199,0.0027403,0.002783,35.13412736,13/09/2020
14/09/2020,0.0028143,0.0027334,0.0027851,35.29789275501362,14/09/2020
15/09/2020,0.0028699,0.0027751,0.0028278,38.687490982231445,15/09/2020
16/09/2020,0.00285,0.00278,0.0028053,37.57058383751607,16/09/2020
17/09/2020,0.0028577,0.0027625,0.0028078,37.78550553124044,17/09/2020
18/09/2020,0.002815,0.0027468,0.0027892,36.771228162084824,18/09/2020
19/09/2020,0.0028099,0.0027635,0.0027901,36.859547019177846,19/09/2020
20/09/2020,0.0028009,0.0027234,0.0027729,35.82951610822364,20/09/2020
21/09/2020,0.0028035,0.0025688,0.0025972,27.404805578846492,21/09/2020
22/09/2020,0.0026588,0.0025802,0.0026432,31.91832222014925,22/09/2020
23/09/2020,0.0026493,0.0025364,0.0025444,27.905250696169333,23/09/2020
24/09/2020,0.0026612,0.0025277,0.0026297,35.451011847469374,24/09/2020
25/09/2020,0.0027192,0.0026146,0.0027015,41.04451316410644,25/09/2020
26/09/2020,0.002761,0.0026724,0.0026972,40.81639616117298,26/09/2020
27/09/2020,0.0027351,0.0026581,0.0026954,40.714386998779005,27/09/2020
28/09/2020,0.002744,0.0026183,0.0026504,38.14756341598921,28/09/2020
29/09/2020,0.0027049,0.0026307,0.0026727,40.160872286905196,29/09/2020
30/09/2020,0.0026767,0.0026158,0.002635,37.914019619412215,30/09/2020
01/10/2020,0.002682,0.0025575,0.0026246,37.29416615586053,01/10/2020
02/10/2020,0.0026273,0.0025307,0.0025902,35.24179005836757,02/10/2020
03/10/2020,0.002637,0.0025737,0.0025955,35.82774665,03/10/2020
04/10/2020,0.00268,0.0025893,0.002633,39.96681036224116,04/10/2020
05/10/2020,0.0026577,0.0025983,0.0026182,38.900400804368964,05/10/2020
06/10/2020,0.0026285,0.0025687,0.002597,37.36253070564949,06/10/2020
07/10/2020,0.0026111,0.002556,0.0025895,36.808135480113044,07/10/2020
08/10/2020,0.00263,0.002541,0.0026098,39.42797533652627,08/10/2020
09/10/2020,0.0026701,0.0025891,0.0026556,44.971145041100336,09/10/2020
10/10/2020,0.0027291,0.0026472,0.0026621,45.73020628366904,10/10/2020
11/10/2020,0.0027065,0.0026499,0.0026701,46.70460640322688,11/10/2020
12/10/2020,0.0027069,0.0026251,0.002667,46.35726754110429,12/10/2020
13/10/2020,0.0026745,0.0026285,0.0026385,43.178020754301514,13/10/2020
14/10/2020,0.0026609,0.0026173,0.002639,43.251551713332454,14/10/2020
15/10/2020,0.0026391,0.0025648,0.0025953,38.55546666848452,15/10/2020
16/10/2020,0.0026243,0.0025511,0.002604,39.95327015654613,16/10/2020
17/10/2020,0.0026091,0.0025733,0.0025834,37.762693361066894,17/10/2020
18/10/2020,0.0026055,0.00258,0.0025874,38.468171284327916,18/10/2020
19/10/2020,0.002622,0.002569,0.0025921,39.33827286766026,19/10/2020
20/10/2020,0.0026252,0.0025792,0.0025944,39.78699255,20/10/2020
21/10/2020,0.00266,0.002593,0.002623,45.21391361111154,21/10/2020
22/10/2020,0.002693,0.0026159,0.002646,49.18069606683278,22/10/2020
23/10/2020,0.0026889,0.0026225,0.0026423,48.57142920151352,23/10/2020
24/10/2020,0.002647,0.00261,0.0026365,47.576445798397366,24/10/2020
25/10/2020,0.0026749,0.002617,0.0026528,50.636872056320705,25/10/2020
26/10/2020,0.0029115,0.002632,0.002665,52.85529959,26/10/2020
27/10/2020,0.0027076,0.002615,0.0026702,53.80817452,27/10/2020
28/10/2020,0.0026907,0.0025628,0.0025801,39.07224552876233,28/10/2020
29/10/2020,0.0026117,0.0025061,0.0025733,38.22148827575847,29/10/2020
30/10/2020,0.0026002,0.002501,0.0025833,40.28082268385537,30/10/2020
31/10/2020,0.0026004,0.00255,0.0025666,38.00256175569985,31/10/2020
01/11/2020,0.002586,0.0025521,0.0025745,39.73891227115876,01/11/2020
02/11/2020,0.0025887,0.0025065,0.0025162,32.50409071540365,02/11/2020
03/11/2020,0.002531,0.0024519,0.0025141,32.27614630492148,03/11/2020
04/11/2020,0.002565,0.002486,0.002546,39.245974264498216,04/11/2020
05/11/2020,0.0026769,0.0025467,0.0026347,53.55819702885018,05/11/2020
06/11/2020,0.0028201,0.0026298,0.002757,65.59356191663056,06/11/2020
07/11/2020,0.0028424,0.002592,0.00267,54.728311955035444,07/11/2020
08/11/2020,0.002739,0.0026513,0.002707,57.92068970131532,08/11/2020
09/11/2020,0.0028095,0.002657,0.002672,54.03879086746431,09/11/2020
10/11/2020,0.0029198,0.0026536,0.002761,61.166135305811316,10/11/2020
11/11/2020,0.00295,0.0027419,0.002758,60.82374191898036,11/11/2020
12/11/2020,0.002802,0.0027253,0.0027788,62.395483349845414,12/11/2020
13/11/2020,0.0028483,0.0027666,0.0028114,64.78044274734344,13/11/2020
14/11/2020,0.0028239,0.002708,0.0027689,59.48385581622606,14/11/2020
15/11/2020,0.0028285,0.0027221,0.0027718,59.72583194357645,15/11/2020
16/11/2020,0.0030452,0.0027522,0.00289,68.09080313069697,16/11/2020
17/11/2020,0.0030094,0.0028832,0.0029398,70.83893634975347,17/11/2020
18/11/2020,0.003021,0.00281,0.0029085,66.93693505382782,18/11/2020
19/11/2020,0.0029689,0.0028549,0.0029068,66.72196721646635,19/11/2020
20/11/2020,0.0030245,0.0029005,0.002987,71.39001621994005,20/11/2020
21/11/2020,0.0036062,0.0029796,0.0035132,85.63141951299875,21/11/2020
22/11/2020,0.00369,0.0031507,0.0033415,72.88277007835292,22/11/2020
23/11/2020,0.0037,0.0032201,0.0036845,79.46111231542073,23/11/2020
24/11/2020,0.0042925,0.0035,0.0042592,85.71432967050958,24/11/2020
25/11/2020,0.0042978,0.003581,0.0037081,65.21110893136063,25/11/2020
26/11/2020,0.0037979,0.0029395,0.0032492,53.69349191649322,26/11/2020
27/11/2020,0.0033656,0.0030763,0.0032752,54.187197322396905,27/11/2020
28/11/2020,0.0034841,0.003236,0.0033945,56.479999175140755,28/11/2020
29/11/2020,0.0035384,0.00335,0.0034365,57.29039784353494,29/11/2020
30/11/2020,0.0035955,0.0034001,0.003561,59.68681114398032,30/11/2020
01/12/2020,0.00358,0.0032276,0.0033211,53.461989767300565,01/12/2020
02/12/2020,0.0034423,0.0032642,0.0033624,54.344751931975644,02/12/2020
03/12/2020,0.0035481,0.003345,0.003429,55.800746307788934,03/12/2020
04/12/2020,0.0034484,0.0032705,0.003283,51.893713564758265,04/12/2020
05/12/2020,0.0034153,0.00325,0.0033917,54.45082096384362,05/12/2020
06/12/2020,0.0034424,0.0033461,0.0033857,54.27931159184936,06/12/2020
07/12/2020,0.0033985,0.0033,0.003336,52.79586087718149,07/12/2020
08/12/2020,0.0033624,0.0031105,0.0031723,48.130001550851205,08/12/2020
09/12/2020,0.0031851,0.0030037,0.0031562,47.68366416481821,09/12/2020
10/12/2020,0.003171,0.003059,0.0031043,46.196421318265315,10/12/2020
11/12/2020,0.0031171,0.0029969,0.0030732,45.284948213842654,11/12/2020
12/12/2020,0.00319,0.0030732,0.0031609,48.37804735484432,12/12/2020
13/12/2020,0.0032776,0.0031479,0.00326,51.70071191817355,13/12/2020
14/12/2020,0.0032888,0.003191,0.003226,50.49974457278022,14/12/2020
15/12/2020,0.0032516,0.0031611,0.0032078,49.83244017959993,15/12/2020
16/12/2020,0.0034448,0.00318,0.0034183,56.922511071386936,16/12/2020
17/12/2020,0.0041458,0.003404,0.003722,64.67860153126017,17/12/2020
18/12/2020,0.0039976,0.0035975,0.0038675,67.68090483594523,18/12/2020
19/12/2020,0.0040379,0.0037952,0.0039291,68.88667758871492,19/12/2020
20/12/2020,0.0047496,0.0038,0.0046381,78.72507740270375,20/12/2020
21/12/2020,0.0055,0.004255,0.0047784,80.06821466710423,21/12/2020
22/12/2020,0.0048479,0.00433,0.0045159,71.03243868947854,22/12/2020
23/12/2020,0.0048,0.003623,0.0037449,52.34688703846912,23/12/2020
24/12/2020,0.0045999,0.0036599,0.0045731,63.46485789363517,24/12/2020
25/12/2020,0.004643,0.0043661,0.0045549,63.116362484175944,25/12/2020
26/12/2020,0.0046879,0.0043963,0.0045131,62.270623132237624,26/12/2020
27/12/2020,0.0048231,0.0044,0.004547,62.707067816322656,27/12/2020
28/12/2020,0.0047355,0.0045,0.0046015,63.439294631110364,28/12/2020
29/12/2020,0.0046295,0.0042412,0.0045012,61.06307340472152,29/12/2020
30/12/2020,0.00474,0.0044165,0.0046251,62.911178304140705,30/12/2020
31/12/2020,0.0047593,0.00452,0.0046709,63.59897085414652,31/12/2020
01/01/2021,0.005697,0.004601,0.00568,74.72177727398746,01/01/2021
02/01/2021,0.013988,0.005524,0.0105264,90.20380541807833,02/01/2021
03/01/2021,0.01405,0.0092693,0.0098209,82.30153815,03/01/2021
04/01/2021,0.0115198,0.0076,0.0097613,81.65077777245592,04/01/2021
05/01/2021,0.0102822,0.0088501,0.00997,82.18206740101877,05/01/2021
06/01/2021,0.011,0.0095521,0.01042,83.3045668,06/01/2021
07/01/2021,0.0105735,0.0087999,0.0097439,75.59862365613915,07/01/2021
08/01/2021,0.010318,0.0088047,0.00974,75.55520666304851,08/01/2021
09/01/2021,0.01079,0.0096486,0.0101789,77.14593140930033,09/01/2021
10/01/2021,0.0109155,0.0089534,0.00982,72.96461053258994,10/01/2021
11/01/2021,0.0098455,0.0067094,0.0088326,62.86882409145009,11/01/2021
12/01/2021,0.0091394,0.0078217,0.0080807,56.46209287915498,12/01/2021
13/01/2021,0.0087,0.00777,0.0086738,59.93077595623121,13/01/2021
14/01/2021,0.0101,0.0083105,0.0093907,63.69581201584456,14/01/2021
15/01/2021,0.0098443,0.0083123,0.0093525,63.35420786524837,15/01/2021
16/01/2021,0.0095675,0.0090727,0.0092374,62.270551425966055,16/01/2021
17/01/2021,0.0093957,0.008779,0.0090987,60.91832345795695,17/01/2021
18/01/2021,0.00932,0.008935,0.0091782,61.43525498228864,18/01/2021
19/01/2021,0.0096757,0.00896,0.0090428,59.98011967403282,19/01/2021
20/01/2021,0.009144,0.0085,0.0090487,60.02455179922471,20/01/2021
21/01/2021,0.0091,0.0080301,0.0081581,50.84744477878806,21/01/2021
22/01/2021,0.0087708,0.0075639,0.0085075,53.829826766488964,22/01/2021
23/01/2021,0.0088324,0.00835,0.0085779,54.42980091,23/01/2021
24/01/2021,0.0089672,0.0085,0.0087135,55.62591379518102,24/01/2021
25/01/2021,0.0089172,0.0081795,0.0083509,51.71682202835754,25/01/2021
26/01/2021,0.0084615,0.0079523,0.0082472,50.62118511512723,26/01/2021
27/01/2021,0.0082482,0.007257,0.0074124,42.766528680262745,27/01/2021
28/01/2021,0.0374849,0.007288,0.0364995,91.61087361334216,28/01/2021
29/01/2021,0.0875,0.0313,0.0459059,93.53297551871408,29/01/2021
30/01/2021,0.0508804,0.0222001,0.02826,63.937730358294836,30/01/2021
31/01/2021,0.0494843,0.0267661,0.037,69.14525624623931,31/01/2021
01/02/2021,0.0438268,0.0328615,0.0348173,66.56025556847773,01/02/2021
02/02/2021,0.035294,0.02877,0.0313489,62.55803359,02/02/2021
03/02/2021,0.0397836,0.0307918,0.0372597,66.27925200805795,03/02/2021
04/02/2021,0.0598,0.0358367,0.0529081,73.72458937647023,04/02/2021
05/02/2021,0.05434,0.0431516,0.0467193,67.38752818088473,05/02/2021
06/02/2021,0.0588683,0.0444191,0.0576559,71.97235295,06/02/2021
07/02/2021,0.087297,0.0531446,0.0779247,78.11345846,07/02/2021
08/02/2021,0.0853555,0.0622214,0.0787,78.30923525084575,08/02/2021
09/02/2021,0.0838001,0.063,0.0700121,70.67953512056799,09/02/2021
10/02/2021,0.0816496,0.066,0.0725527,71.55239856346184,10/02/2021
11/02/2021,0.0755622,0.068,0.069583,68.96785910790976,11/02/2021
12/02/2021,0.07298,0.0608,0.0697675,69.04267448659218,12/02/2021
13/02/2021,0.071709,0.0656,0.0662405,65.77790194071639,13/02/2021
14/02/2021,0.0664663,0.055558,0.0626783,62.56030455189381,14/02/2021
15/02/2021,0.0642,0.0474935,0.0565,57.32291002765537,15/02/2021
16/02/2021,0.0598452,0.0506003,0.053476,54.90027264436042,16/02/2021
17/02/2021,0.055109,0.0478,0.0495187,51.81416842006242,17/02/2021
18/02/2021,0.0645617,0.0489,0.0587991,57.804545495345536,18/02/2021
19/02/2021,0.059719,0.0536581,0.055033,54.82582461139382,19/02/2021
20/02/2021,0.0607,0.051,0.0541708,54.138010681121486,20/02/2021
21/02/2021,0.06,0.05325,0.0560183,55.42835487178946,21/02/2021
22/02/2021,0.0608037,0.0461003,0.0535557,53.27664524169638,22/02/2021
23/02/2021,0.0538776,0.0413332,0.0476562,48.426641849442845,23/02/2021
24/02/2021,0.060586,0.0459034,0.0567911,55.223776989239774,24/02/2021
25/02/2021,0.0581,0.0495002,0.0499138,49.89246264859051,25/02/2021
26/02/2021,0.0526032,0.0484,0.0504768,50.31533149266647,26/02/2021
27/02/2021,0.0521,0.0491,0.0500725,49.98907604708634,27/02/2021
28/02/2021,0.0502426,0.0446561,0.0481582,48.38916263484045,28/02/2021
01/03/2021,0.052505,0.0478589,0.0505933,50.55695682250019,01/03/2021
02/03/2021,0.05249,0.0491004,0.050364,50.34252753829622,02/03/2021
03/03/2021,0.0521972,0.0499556,0.0504146,50.39252885089303,03/03/2021
04/03/2021,0.0511539,0.04765,0.0499865,49.93441214349355,04/03/2021
05/03/2021,0.051079,0.0479661,0.0495285,49.416817605262196,05/03/2021
06/03/2021,0.0525801,0.049084,0.0509588,51.12078132103064,06/03/2021
07/03/2021,0.0524716,0.0504286,0.0519871,52.36321723604018,07/03/2021
08/03/2021,0.063075,0.0515505,0.0629738,63.142843080659475,08/03/2021
09/03/2021,0.0630025,0.056,0.0579117,56.76874561837834,09/03/2021
10/03/2021,0.0587592,0.0545,0.0558692,54.38326510105317,10/03/2021
11/03/2021,0.05698,0.0542647,0.0559286,54.44322054925828,11/03/2021
12/03/2021,0.057,0.054051,0.0552731,53.60590714925819,12/03/2021
13/03/2021,0.063,0.0546635,0.0627892,61.01043198736734,13/03/2021
14/03/2021,0.0636789,0.05817,0.058221,55.23979435915937,14/03/2021
15/03/2021,0.0597745,0.055,0.0569691,53.73968126192046,15/03/2021
16/03/2021,0.0591427,0.0552668,0.0586507,55.48825639930075,16/03/2021
17/03/2021,0.0589584,0.0565314,0.057892,54.487553732313124,17/03/2021
18/03/2021,0.0592896,0.0568896,0.0573485,53.73987542228596,18/03/2021
19/03/2021,0.0599,0.0563741,0.0582472,54.84329229139042,19/03/2021
20/03/2021,0.060625,0.05797,0.0588186,55.56894632147115,20/03/2021
21/03/2021,0.0595555,0.0567,0.0574781,53.400906591394495,21/03/2021
22/03/2021,0.0579777,0.0544234,0.054888,49.391144878327346,22/03/2021
23/03/2021,0.0561052,0.0525963,0.0533532,47.132686599338754,23/03/2021
24/03/2021,0.0567995,0.05075,0.0514996,44.48696196406498,24/03/2021
25/03/2021,0.0524498,0.0495798,0.051266,44.15060486,25/03/2021
26/03/2021,0.054038,0.051232,0.053931,48.89759424031196,26/03/2021
27/03/2021,0.05545,0.053386,0.054436,49.768862015501746,27/03/2021
28/03/2021,0.0549,0.0529496,0.0536656,48.41279837539389,28/03/2021
29/03/2021,0.0547123,0.053202,0.054124,49.29803659609863,29/03/2021
30/03/2021,0.0556267,0.053328,0.0540003,49.05341365,30/03/2021
31/03/2021,0.0545,0.0513424,0.0537699,48.56998431868438,31/03/2021
01/04/2021,0.07135,0.0534999,0.062151,62.89510281711707,01/04/2021
02/04/2021,0.062905,0.0572,0.0575849,54.060435750788265,02/04/2021
03/04/2021,0.0595516,0.0555,0.0555113,50.58537367,03/04/2021
04/04/2021,0.0582181,0.0550864,0.0573943,53.50798721826447,04/04/2021
05/04/2021,0.0607069,0.0562315,0.0599992,57.27281869263656,05/04/2021
06/04/2021,0.066,0.0579904,0.0644047,62.764586934172094,06/04/2021
07/04/2021,0.06744,0.0571267,0.0587769,53.33397187294728,07/04/2021
08/04/2021,0.062324,0.0586319,0.0617838,57.047437709633364,08/04/2021
09/04/2021,0.0642733,0.0604712,0.0615878,56.73054131981077,09/04/2021
10/04/2021,0.0657518,0.0609445,0.0637167,59.37055348925855,10/04/2021
11/04/2021,0.08,0.0633959,0.07433,69.39563133149997,11/04/2021
12/04/2021,0.0754791,0.0685,0.0707343,63.66423955126305,12/04/2021
13/04/2021,0.0962255,0.0706409,0.094402,77.08164798362067,13/04/2021
14/04/2021,0.1453955,0.092118,0.1214329,84.23962236081725,14/04/2021
15/04/2021,0.1918922,0.1197878,0.1823599,91.03568910664187,15/04/2021
16/04/2021,0.45,0.1791,0.3654434,96.25778000039409,16/04/2021
17/04/2021,0.38125,0.231,0.2822532,74.90532348,17/04/2021
18/04/2021,0.351,0.2397,0.3223299,77.49526724183245,18/04/2021
19/04/2021,0.435546,0.308,0.408903,81.85242294354174,19/04/2021
20/04/2021,0.4246216,0.27,0.3173205,67.06090238,20/04/2021
21/04/2021,0.347661,0.2960052,0.3058251,65.46183870409929,21/04/2021
22/04/2021,0.3093988,0.253,0.2606615,59.46268450419886,22/04/2021
23/04/2021,0.2695,0.1597278,0.2498155,58.08598574686021,23/04/2021
24/04/2021,0.28999,0.2278,0.27,59.94459713,24/04/2021
25/04/2021,0.289296,0.224,0.25159,57.442616045225535,25/04/2021
26/04/2021,0.28077,0.247,0.27161,59.425869263943206,26/04/2021
27/04/2021,0.27994,0.2644,0.27232,59.49795662669563,27/04/2021
28/04/2021,0.348,0.25511,0.32311,64.37413791053419,28/04/2021
29/04/2021,0.32604,0.2955,0.30479,61.49808772289418,29/04/2021
30/04/2021,0.34,0.30213,0.33746,64.54055113329812,30/04/2021
01/05/2021,0.3975,0.32756,0.39087,68.87129277149846,01/05/2021
02/05/2021,0.39999,0.362,0.37397,66.11954295,02/05/2021
03/05/2021,0.4479,0.37386,0.44142,71.08514257803148,03/05/2021
04/05/2021,0.61186,0.3979,0.53854,76.43961037424732,04/05/2021
05/05/2021,0.69663,0.51668,0.654,80.95490389335497,05/05/2021
06/05/2021,0.665,0.54,0.58106,71.6172067,06/05/2021
07/05/2021,0.733,0.51717,0.68982,76.05269461915185,07/05/2021
08/05/2021,0.73995,0.6,0.63708,70.31435957866074,08/05/2021
09/05/2021,0.70009,0.416,0.57063,63.78419785714136,09/05/2021
10/05/2021,0.5726,0.41844,0.45074,54.03388095600814,10/05/2021
11/05/2021,0.5485,0.4429,0.49326,56.56956308819592,11/05/2021
12/05/2021,0.522,0.38203,0.3916,49.53395682195212,12/05/2021
13/05/2021,0.52,0.3516,0.48945,55.29698715,13/05/2021
14/05/2021,0.59,0.46412,0.55971,58.924174196085005,14/05/2021
15/05/2021,0.56405,0.49009,0.50855,55.39929322924986,15/05/2021
16/05/2021,0.5489,0.45,0.5137,55.68666675,16/05/2021
17/05/2021,0.5162,0.45555,0.4875,53.78791384134698,17/05/2021
18/05/2021,0.51536,0.46783,0.47574,52.91576023173887,18/05/2021
19/05/2021,0.4794,0.21111,0.32945,43.472626083164556,19/05/2021
20/05/2021,0.435,0.29402,0.39758,48.11638612600372,20/05/2021
21/05/2021,0.41198,0.31357,0.35778,45.751834298788815,21/05/2021
22/05/2021,0.364,0.31672,0.34199,44.81097651,22/05/2021
23/05/2021,0.35094,0.24782,0.30633,42.67651506048665,23/05/2021
24/05/2021,0.375,0.29511,0.36589,47.20021792192216,24/05/2021
25/05/2021,0.38,0.32141,0.34598,45.89632872450658,25/05/2021
26/05/2021,0.36671,0.33632,0.35284,46.44527772,26/05/2021
27/05/2021,0.35309,0.327,0.33403,45.094215174179915,27/05/2021
28/05/2021,0.34754,0.30052,0.31123,43.44453491504341,28/05/2021
29/05/2021,0.31794,0.28,0.3028,42.82078432,29/05/2021
30/05/2021,0.31079,0.28653,0.30179,42.741606207322754,30/05/2021
31/05/2021,0.32991,0.29386,0.32557,45.30589088373257,31/05/2021
01/06/2021,0.38476,0.31121,0.37006,49.83261262624199,01/06/2021
02/06/2021,0.44834,0.3511,0.42338,54.67433466036604,02/06/2021
03/06/2021,0.442,0.37722,0.40078,52.36736404,03/06/2021
04/06/2021,0.40249,0.35,0.37628,49.90881894394069,04/06/2021
05/06/2021,0.395,0.35974,0.3713,49.40112469603855,05/06/2021
06/06/2021,0.37703,0.36634,0.37143,49.41559042515795,06/06/2021
07/06/2021,0.37999,0.3275,0.33146,45.14233400421172,07/06/2021
08/06/2021,0.34183,0.29526,0.32586,44.56091710891024,08/06/2021
09/06/2021,0.3548,0.31227,0.34318,46.84137431333296,09/06/2021
10/06/2021,0.34515,0.3225,0.32606,44.876367150411475,10/06/2021
11/06/2021,0.3338,0.31069,0.3187,44.02138519171955,11/06/2021
12/06/2021,0.31932,0.3,0.31216,43.23317685329515,12/06/2021
13/06/2021,0.33,0.30744,0.32394,45.13862118303903,13/06/2021
14/06/2021,0.33777,0.32,0.32767,45.759452991192454,14/06/2021
15/06/2021,0.33069,0.31642,0.32028,44.68063818341261,15/06/2021
16/06/2021,0.32146,0.30505,0.30775,42.83658992823557,16/06/2021
17/06/2021,0.31413,0.3026,0.30619,42.60085202856207,17/06/2021
18/06/2021,0.30766,0.28,0.29328,40.60914834,18/06/2021
19/06/2021,0.29791,0.28558,0.28567,39.438647961174716,19/06/2021
20/06/2021,0.28988,0.2551,0.28054,38.63030947620411,20/06/2021
21/06/2021,0.28138,0.1649,0.17873,26.862880724067793,21/06/2021
22/06/2021,0.2174,0.16322,0.19072,29.583340071179435,22/06/2021
23/06/2021,0.2485,0.18046,0.23468,38.600909814807935,23/06/2021
24/06/2021,0.26953,0.222,0.26377,43.735646121245225,24/06/2021
25/06/2021,0.28959,0.22886,0.23745,40.440325337821044,25/06/2021
26/06/2021,0.2554,0.23057,0.24583,41.94028596753004,26/06/2021
27/06/2021,0.26753,0.24002,0.2645,45.24860738127797,27/06/2021
28/06/2021,0.26735,0.2505,0.25707,44.169936978732906,28/06/2021
29/06/2021,0.27573,0.25248,0.26349,45.381522384728285,29/06/2021
30/06/2021,0.26391,0.23778,0.25391,43.85222238789758,30/06/2021
01/07/2021,0.2614,0.23817,0.24381,42.23622996273982,01/07/2021
02/07/2021,0.24916,0.23839,0.24505,42.516306913498234,02/07/2021
03/07/2021,0.25039,0.242,0.24636,42.831670564305064,03/07/2021
04/07/2021,0.253,0.24324,0.24643,42.849713068523926,04/07/2021
05/07/2021,0.249,0.22547,0.2311,39.88120404283677,05/07/2021
06/07/2021,0.2423,0.22931,0.23417,40.76619933234566,06/07/2021
07/07/2021,0.23862,0.22084,0.22386,38.70552833718291,07/07/2021
08/07/2021,0.22481,0.20148,0.2069,35.52436059231752,08/07/2021
09/07/2021,0.22986,0.19521,0.21963,39.54099066971299,09/07/2021
10/07/2021,0.22812,0.2097,0.21375,38.352506142021525,10/07/2021
11/07/2021,0.21917,0.21061,0.21597,39.09680337759074,11/07/2021
12/07/2021,0.219,0.20394,0.20775,37.30101500186676,12/07/2021
13/07/2021,0.20893,0.19749,0.19997,35.63278423423684,13/07/2021
14/07/2021,0.20479,0.18725,0.19761,35.11968289013048,14/07/2021
15/07/2021,0.20089,0.18051,0.18534,32.49941228588858,15/07/2021
16/07/2021,0.18833,0.17118,0.17202,29.892081889567905,16/07/2021
17/07/2021,0.2053,0.16884,0.18734,36.22906525416533,17/07/2021
18/07/2021,0.19605,0.18019,0.18157,34.94780563404922,18/07/2021
19/07/2021,0.18429,0.17025,0.17362,33.20534107045971,19/07/2021
20/07/2021,0.17997,0.15988,0.17047,32.51360990605427,20/07/2021
21/07/2021,0.21442,0.16836,0.19046,40.92419092550914,21/07/2021
22/07/2021,0.19646,0.18632,0.19123,41.22802933108173,22/07/2021
23/07/2021,0.19977,0.18292,0.19489,42.73565096862263,23/07/2021
24/07/2021,0.2045,0.19117,0.19688,43.583050814202316,24/07/2021
25/07/2021,0.20076,0.19105,0.19793,44.053484058415634,25/07/2021
26/07/2021,0.23314,0.19679,0.20362,46.64965503051936,26/07/2021
27/07/2021,0.2095,0.19506,0.20585,47.67448319005196,27/07/2021
28/07/2021,0.21386,0.20161,0.20574,47.625883961758696,28/07/2021
29/07/2021,0.20664,0.2003,0.20502,47.28610116942792,29/07/2021
30/07/2021,0.21065,0.19587,0.20873,49.29356400761265,30/07/2021
31/07/2021,0.2145,0.20476,0.20765,48.712006159485526,31/07/2021
01/08/2021,0.21799,0.20082,0.20424,46.83324214916973,01/08/2021
02/08/2021,0.20998,0.2018,0.20327,46.28636306656269,02/08/2021
03/08/2021,0.2051,0.1931,0.19626,42.43029975743462,03/08/2021
04/08/2021,0.20326,0.19416,0.20153,46.067905802908996,04/08/2021
05/08/2021,0.20258,0.1943,0.20095,45.725467832695216,05/08/2021
06/08/2021,0.212,0.19841,0.20482,48.477467040475254,06/08/2021
07/08/2021,0.2628,0.20358,0.26189,71.45970346237776,07/08/2021
08/08/2021,0.28377,0.235,0.23996,60.324367993597434,08/08/2021
09/08/2021,0.26666,0.23048,0.25609,64.68350134655896,09/08/2021
10/08/2021,0.26321,0.24513,0.25732,64.99929869217313,10/08/2021
11/08/2021,0.28295,0.25626,0.26445,66.84978665566952,11/08/2021
12/08/2021,0.2949,0.25165,0.26401,66.61572294076232,12/08/2021
13/08/2021,0.28756,0.26121,0.28667,72.04440828020499,13/08/2021
14/08/2021,0.29864,0.2757,0.29402,73.54699591,14/08/2021
15/08/2021,0.3495,0.2862,0.33984,80.56137331254267,15/08/2021
16/08/2021,0.3517,0.31001,0.31956,71.52175964929336,16/08/2021
17/08/2021,0.34021,0.29452,0.29933,63.82786963317549,17/08/2021
18/08/2021,0.325,0.2775,0.3032,64.61213300964614,18/08/2021
19/08/2021,0.31943,0.29355,0.31778,67.47339620984201,19/08/2021
20/08/2021,0.3364,0.31373,0.32733,69.22842283755654,20/08/2021
21/08/2021,0.33,0.31313,0.31662,64.99313199582805,21/08/2021
22/08/2021,0.32159,0.305,0.31467,64.22273001937535,22/08/2021
23/08/2021,0.328,0.3128,0.31783,64.94783669480867,23/08/2021
24/08/2021,0.31968,0.27433,0.28864,54.05037998812796,24/08/2021
25/08/2021,0.29789,0.27948,0.29255,55.136263525561276,25/08/2021
26/08/2021,0.29645,0.2641,0.2684,47.64665970337716,26/08/2021
27/08/2021,0.2951,0.265,0.2944,54.77007518753008,27/08/2021
28/08/2021,0.2995,0.283,0.286,52.294421652435794,28/08/2021
29/08/2021,0.2918,0.2764,0.2809,50.79325755704285,29/08/2021
30/08/2021,0.2905,0.2698,0.272,48.19331292236089,30/08/2021
31/08/2021,0.286,0.2696,0.2781,50.07940251904959,31/08/2021
01/09/2021,0.295,0.2728,0.2943,54.78710175152928,01/09/2021
02/09/2021,0.31,0.2917,0.2947,54.900194111500625,02/09/2021
03/09/2021,0.3047,0.287,0.2961,55.32142764271568,03/09/2021
04/09/2021,0.3087,0.2929,0.2992,56.29484540002171,04/09/2021
05/09/2021,0.3155,0.296,0.3143,60.777499156639706,05/09/2021
06/09/2021,0.3199,0.2997,0.309,58.509149877571986,06/09/2021
07/09/2021,0.3114,0.2145,0.2552,41.55484861945826,07/09/2021
08/09/2021,0.2635,0.2332,0.2567,42.05897099994226,08/09/2021
09/09/2021,0.2597,0.2486,0.2525,40.99277386300877,09/09/2021
10/09/2021,0.262,0.2353,0.2397,37.844135248210506,10/09/2021
11/09/2021,0.2479,0.2376,0.241,38.36195951668095,11/09/2021
12/09/2021,0.2551,0.2387,0.2502,42.041922235824664,12/09/2021
13/09/2021,0.2523,0.2281,0.2358,38.19783936704805,13/09/2021
14/09/2021,0.2417,0.2335,0.2406,40.161884717642145,14/09/2021
15/09/2021,0.2484,0.2388,0.2476,43.00644465326901,15/09/2021
16/09/2021,0.2479,0.2329,0.2418,41.25642312,16/09/2021
17/09/2021,0.2599,0.2373,0.2401,40.733227280417104,17/09/2021
18/09/2021,0.2474,0.2379,0.2413,41.29912028884782,18/09/2021
19/09/2021,0.2415,0.2307,0.2331,38.58774438615769,19/09/2021
20/09/2021,0.2335,0.1988,0.2086,31.857925983849682,20/09/2021
21/09/2021,0.2185,0.1976,0.2009,30.082211886858772,21/09/2021
22/09/2021,0.2304,0.1999,0.2245,40.946624091089596,22/09/2021
23/09/2021,0.2273,0.2175,0.2246,40.9884676,23/09/2021
24/09/2021,0.2291,0.1965,0.2091,36.65323780639673,24/09/2021
25/09/2021,0.214,0.2043,0.2083,36.439017776769674,25/09/2021
26/09/2021,0.2089,0.194,0.205,35.51688960121196,26/09/2021
27/09/2021,0.2093,0.1996,0.1997,34.02752310255333,27/09/2021
28/09/2021,0.2027,0.196,0.1965,33.12434632164876,28/09/2021
29/09/2021,0.2043,0.1946,0.1987,34.41323678686193,29/09/2021
30/09/2021,0.206,0.1976,0.2042,37.648570460617975,30/09/2021
01/10/2021,0.2253,0.2018,0.2226,47.0576274,01/10/2021
02/10/2021,0.225,0.2151,0.2185,45.41313495622298,02/10/2021
03/10/2021,0.2266,0.2155,0.2218,47.01802314263114,03/10/2021
04/10/2021,0.249,0.2119,0.2414,55.40441753633895,04/10/2021
05/10/2021,0.268,0.2325,0.2516,59.038169379275246,05/10/2021
06/10/2021,0.2719,0.2422,0.2541,59.900603210131614,06/10/2021
07/10/2021,0.257,0.2357,0.2428,54.33224465102797,07/10/2021
08/10/2021,0.2549,0.2414,0.2441,54.85221909344857,08/10/2021
09/10/2021,0.2527,0.2407,0.2467,55.932909724425414,09/10/2021
10/10/2021,0.2487,0.226,0.2288,47.50254734137125,10/10/2021
11/10/2021,0.2394,0.2249,0.2312,48.62072219250235,11/10/2021
12/10/2021,0.2318,0.216,0.2261,46.36093623674798,12/10/2021
13/10/2021,0.2342,0.2203,0.2326,49.57754159,13/10/2021
14/10/2021,0.2403,0.2311,0.2325,49.528332918517506,14/10/2021
15/10/2021,0.2436,0.2239,0.234,50.32480789990952,15/10/2021
16/10/2021,0.2459,0.2337,0.2372,52.062772027508075,16/10/2021
17/10/2021,0.2421,0.2252,0.2378,52.39905338948753,17/10/2021
18/10/2021,0.273,0.237,0.2474,57.53231221747568,18/10/2021
19/10/2021,0.255,0.2399,0.2454,56.17321568172847,19/10/2021
20/10/2021,0.262,0.2421,0.2548,60.85390161320644,20/10/2021
21/10/2021,0.2584,0.2382,0.2424,52.837320434325555,21/10/2021
22/10/2021,0.2549,0.2352,0.2446,53.99526814770675,22/10/2021
23/10/2021,0.254,0.24,0.2511,57.32877211971505,23/10/2021
24/10/2021,0.2832,0.2457,0.2756,67.02703386,24/10/2021
25/10/2021,0.2805,0.2585,0.2651,60.66355618877766,25/10/2021
26/10/2021,0.2743,0.252,0.2559,55.675916099519355,26/10/2021
27/10/2021,0.2636,0.2169,0.2379,47.455026391983196,27/10/2021
28/10/2021,0.34,0.2324,0.2997,66.01118640383037,28/10/2021
29/10/2021,0.307,0.2752,0.2882,61.64831709,29/10/2021
30/10/2021,0.295,0.258,0.269,55.10047656481828,30/10/2021
31/10/2021,0.2852,0.252,0.28,57.861869869712095,31/10/2021
01/11/2021,0.2866,0.2631,0.2716,55.076247976549936,01/11/2021
02/11/2021,0.281,0.2666,0.2739,55.70505459885026,02/11/2021
03/11/2021,0.2776,0.262,0.2689,53.937555515278106,03/11/2021
04/11/2021,0.2709,0.2539,0.263,51.84703141346459,04/11/2021
05/11/2021,0.2709,0.2547,0.2609,51.088042989737666,05/11/2021
06/11/2021,0.2676,0.25,0.2618,51.416296795437596,06/11/2021
07/11/2021,0.2698,0.2584,0.2664,53.147036671673945,07/11/2021
08/11/2021,0.2973,0.2644,0.2819,58.510419295096874,08/11/2021
09/11/2021,0.2905,0.2708,0.2736,54.88712761,09/11/2021
10/11/2021,0.2775,0.235,0.2553,47.85121074757367,10/11/2021
11/11/2021,0.2716,0.2529,0.2605,49.81964477560544,11/11/2021
12/11/2021,0.2686,0.2484,0.2593,49.35664070077368,12/11/2021
13/11/2021,0.2624,0.2542,0.2613,50.187553581046465,13/11/2021
14/11/2021,0.2719,0.2597,0.2628,50.839030999427585,14/11/2021
15/11/2021,0.2654,0.2553,0.2566,48.04218009,15/11/2021
16/11/2021,0.2567,0.2225,0.2365,40.301452239478756,16/11/2021
17/11/2021,0.2413,0.2293,0.2374,40.761701188487024,17/11/2021
18/11/2021,0.2413,0.215,0.2208,35.34854191945455,18/11/2021
19/11/2021,0.2369,0.2155,0.2329,41.45195632,19/11/2021
20/11/2021,0.2357,0.2249,0.233,41.50110835462677,20/11/2021
21/11/2021,0.2334,0.225,0.2255,38.865736260489754,21/11/2021
22/11/2021,0.2273,0.2163,0.2195,36.84973285407416,22/11/2021
23/11/2021,0.2369,0.2132,0.2266,40.76528022329813,23/11/2021
24/11/2021,0.2304,0.2106,0.217,37.389568791669554,24/11/2021
25/11/2021,0.2289,0.2138,0.2209,39.578559970174034,25/11/2021
26/11/2021,0.2217,0.186,0.2016,33.362281704148884,26/11/2021
27/11/2021,0.21,0.2005,0.2049,35.23533399819739,27/11/2021
28/11/2021,0.2074,0.1907,0.2073,36.63039365260945,28/11/2021
29/11/2021,0.227,0.2025,0.215,41.01998126688794,29/11/2021
30/11/2021,0.2275,0.2125,0.2147,40.901105598176606,30/11/2021
01/12/2021,0.2189,0.2058,0.2093,38.72563484136216,01/12/2021
02/12/2021,0.2233,0.2011,0.2095,38.85535204273815,02/12/2021
03/12/2021,0.2122,0.1902,0.1999,35.02274055038684,03/12/2021
04/12/2021,0.2004,0.131,0.1781,28.216376998336088,04/12/2021
05/12/2021,0.1812,0.1617,0.1712,26.463355632181248,05/12/2021
06/12/2021,0.1804,0.1591,0.1776,30.76027180326703,06/12/2021
07/12/2021,0.1839,0.1746,0.1762,30.34259672470465,07/12/2021
08/12/2021,0.1821,0.172,0.179,32.32189507526506,08/12/2021
09/12/2021,0.1833,0.1685,0.1691,29.16626133032571,09/12/2021
10/12/2021,0.1748,0.1632,0.1641,27.69557628963763,10/12/2021
11/12/2021,0.17,0.1612,0.1689,31.278107161553265,11/12/2021
12/12/2021,0.1738,0.1656,0.1697,31.883878079431355,12/12/2021
13/12/2021,0.1704,0.1514,0.1573,27.794243155574847,13/12/2021
14/12/2021,0.2204,0.1549,0.1909,47.459837893165556,14/12/2021
15/12/2021,0.1912,0.1703,0.1808,43.614512768582316,15/12/2021
16/12/2021,0.1853,0.1723,0.1732,40.92733043988988,16/12/2021
17/12/2021,0.1766,0.1614,0.1685,39.31414642633302,17/12/2021
18/12/2021,0.1757,0.1659,0.1723,41.327748581298124,18/12/2021
19/12/2021,0.1746,0.1691,0.1694,40.23065815654327,19/12/2021
20/12/2021,0.1708,0.161,0.1671,39.33871863254208,20/12/2021
21/12/2021,0.1724,0.1657,0.1707,41.524038388560676,21/12/2021
22/12/2021,0.1799,0.1697,0.173,42.93839019797887,22/12/2021
23/12/2021,0.1851,0.1712,0.185,49.76526982518327,23/12/2021
24/12/2021,0.1955,0.1791,0.1862,50.40427903419809,24/12/2021
25/12/2021,0.1957,0.1847,0.1908,52.87874324586138,25/12/2021
26/12/2021,0.1925,0.1849,0.1898,52.268220935661404,26/12/2021
27/12/2021,0.1928,0.1863,0.1879,51.06191952631239,27/12/2021
28/12/2021,0.188,0.1716,0.1739,43.158060975613346,28/12/2021
29/12/2021,0.1773,0.1661,0.168,40.32518811418538,29/12/2021
30/12/2021,0.1758,0.1651,0.1711,42.46222770704518,30/12/2021
31/12/2021,0.1758,0.1661,0.1703,42.04378472351441,31/12/2021
01/01/2022,0.1737,0.1697,0.1732,44.19078511,01/01/2022
02/01/2022,0.1763,0.1705,0.1745,45.17133526374151,02/01/2022
03/01/2022,0.1745,0.1674,0.1703,42.56908626915427,03/01/2022
04/01/2022,0.1726,0.1665,0.1684,41.406973161455525,04/01/2022
05/01/2022,0.171,0.1472,0.159,36.149095862714894,05/01/2022
06/01/2022,0.1621,0.1539,0.1599,36.974286088180335,06/01/2022
07/01/2022,0.1604,0.1489,0.155,34.369910148680376,07/01/2022
08/01/2022,0.1579,0.1451,0.1509,32.318610890085964,08/01/2022
09/01/2022,0.1539,0.1486,0.1505,32.117215590040885,09/01/2022
10/01/2022,0.1522,0.1368,0.1431,28.570176456726543,10/01/2022
11/01/2022,0.167,0.1417,0.1538,39.05174152978789,11/01/2022
12/01/2022,0.1636,0.1511,0.1628,46.202499386716205,12/01/2022
13/01/2022,0.1781,0.1613,0.1717,52.177711257275405,13/01/2022
14/01/2022,0.2148,0.1703,0.1832,58.57947096405375,14/01/2022
15/01/2022,0.1948,0.1815,0.1845,59.24366403446445,15/01/2022
16/01/2022,0.1847,0.1734,0.1766,53.61701586242501,16/01/2022
17/01/2022,0.1784,0.1656,0.1708,49.872027602529464,17/01/2022
18/01/2022,0.1743,0.1616,0.1651,46.43911091661737,18/01/2022
19/01/2022,0.1696,0.1589,0.1615,44.36213707815966,19/01/2022
20/01/2022,0.1693,0.1536,0.1553,40.96412668876221,20/01/2022
21/01/2022,0.1576,0.1399,0.1419,34.76594777033398,21/01/2022
22/01/2022,0.1453,0.12,0.1332,31.439815371599266,22/01/2022
23/01/2022,0.1447,0.132,0.1418,37.77705201009429,23/01/2022
24/01/2022,0.1418,0.1256,0.1373,35.906786638184556,24/01/2022
25/01/2022,0.1506,0.1325,0.1427,39.76085903420393,25/01/2022
26/01/2022,0.1534,0.1409,0.1431,40.04843939887513,26/01/2022
27/01/2022,0.1459,0.1362,0.1414,39.19208711,27/01/2022
28/01/2022,0.1426,0.1377,0.1414,39.19208711,28/01/2022
29/01/2022,0.1442,0.1403,0.143,40.578993965642375,29/01/2022
30/01/2022,0.1438,0.138,0.1391,38.28672922827111,30/01/2022
31/01/2022,0.1426,0.1363,0.1415,40.51368643575386,31/01/2022
01/02/2022,0.1444,0.1408,0.1423,41.27440525429333,01/02/2022
02/02/2022,0.1466,0.135,0.137,37.82345377638413,02/02/2022
03/02/2022,0.1389,0.1346,0.1379,38.75982015108615,03/02/2022
04/02/2022,0.1481,0.1369,0.1478,48.03110757429701,04/02/2022
05/02/2022,0.1507,0.1447,0.1469,47.32960627862389,05/02/2022
06/02/2022,0.1559,0.1445,0.1539,53.07064734756324,06/02/2022
07/02/2022,0.1731,0.1513,0.1653,60.60224423,07/02/2022
08/02/2022,0.1711,0.1529,0.1581,54.63807173,08/02/2022
09/02/2022,0.1624,0.1542,0.1594,55.489829851146155,09/02/2022
10/02/2022,0.1607,0.15,0.1514,49.348907128415654,10/02/2022
11/02/2022,0.1543,0.1419,0.1446,44.80954924961043,11/02/2022
12/02/2022,0.1475,0.1402,0.1444,44.679373608183084,12/02/2022
13/02/2022,0.158,0.1437,0.148,47.62861550351972,13/02/2022
14/02/2022,0.1506,0.1427,0.1457,45.94339621930713,14/02/2022
15/02/2022,0.1524,0.1448,0.1517,50.83091754,15/02/2022
16/02/2022,0.1517,0.1462,0.1487,48.47110493758242,16/02/2022
17/02/2022,0.15,0.1368,0.1383,41.31110320780162,17/02/2022
18/02/2022,0.1422,0.136,0.1386,41.57918690434101,18/02/2022
19/02/2022,0.1465,0.1384,0.1409,43.70240951110601,19/02/2022
20/02/2022,0.1411,0.135,0.1366,40.722598517688645,20/02/2022
21/02/2022,0.1419,0.1271,0.1282,35.614022313104826,21/02/2022
22/02/2022,0.1318,0.1238,0.1313,38.67170474100375,22/02/2022
23/02/2022,0.1356,0.1272,0.1273,36.277706192584844,23/02/2022
24/02/2022,0.1277,0.1065,0.1241,34.44083417765377,24/02/2022
25/02/2022,0.1284,0.1205,0.1276,38.13075176787615,25/02/2022
26/02/2022,0.1306,0.1257,0.1276,38.130751767876134,26/02/2022
27/02/2022,0.1284,0.1209,0.1229,35.05772620362272,27/02/2022
28/02/2022,0.1349,0.1213,0.1335,45.68871323839177,28/02/2022
01/03/2022,0.139,0.1297,0.134,46.136620925159434,01/03/2022
02/03/2022,0.1373,0.1306,0.133,45.331405133833464,02/03/2022
03/03/2022,0.1339,0.1271,0.1297,42.683943589124645,03/03/2022
04/03/2022,0.1302,0.12,0.1226,37.59642383456306,04/03/2022
05/03/2022,0.1256,0.1209,0.125,40.19145389422398,05/03/2022
06/03/2022,0.1256,0.1193,0.1207,37.206143657391685,06/03/2022
07/03/2022,0.1226,0.1132,0.1167,34.62936839176871,07/03/2022
08/03/2022,0.12,0.1152,0.117,34.99300526963117,08/03/2022
09/03/2022,0.1245,0.1164,0.1215,40.352834942884286,09/03/2022
10/03/2022,0.1219,0.1145,0.1169,36.99496748,10/03/2022
11/03/2022,0.1186,0.1137,0.1155,36.01276537527663,11/03/2022
12/03/2022,0.1173,0.1146,0.1147,35.43383937369701,12/03/2022
13/03/2022,0.1164,0.1099,0.1114,33.07207450578673,13/03/2022
14/03/2022,0.122,0.1102,0.1139,36.523829154671326,14/03/2022
15/03/2022,0.1143,0.1101,0.1126,35.49857508360127,15/03/2022
16/03/2022,0.1171,0.1121,0.1171,41.60879042666915,16/03/2022
17/03/2022,0.1194,0.1158,0.1163,40.867602184380495,17/03/2022
18/03/2022,0.1196,0.1142,0.1191,44.58808512,18/03/2022
19/03/2022,0.1251,0.1183,0.1236,50.029667759655375,19/03/2022
20/03/2022,0.1241,0.1174,0.1191,45.24474532349504,20/03/2022
21/03/2022,0.1217,0.1176,0.1192,45.36978629878254,21/03/2022
22/03/2022,0.1257,0.1186,0.1224,49.35539279408747,22/03/2022
23/03/2022,0.1314,0.121,0.1298,57.14217564876877,23/03/2022
24/03/2022,0.1413,0.1277,0.1368,62.945961840580765,24/03/2022
25/03/2022,0.1377,0.1274,0.1308,55.95183488282562,25/03/2022
26/03/2022,0.1369,0.1289,0.136,60.09065899461935,26/03/2022
27/03/2022,0.1456,0.1354,0.1448,65.9256563,27/03/2022
28/03/2022,0.1537,0.1406,0.1425,63.31988631899294,28/03/2022
29/03/2022,0.1489,0.1404,0.1444,64.56587411112916,29/03/2022
30/03/2022,0.1456,0.1379,0.1432,63.10780366112881,30/03/2022
31/03/2022,0.148,0.1359,0.1381,57.19606486652675,31/03/2022
01/04/2022,0.143,0.132,0.1413,59.74421469232288,01/04/2022
02/04/2022,0.1445,0.1378,0.1387,56.786253106634184,02/04/2022
03/04/2022,0.1496,0.1362,0.1466,62.81112885809155,03/04/2022
04/04/2022,0.1567,0.1412,0.1485,64.10724568933978,04/04/2022
05/04/2022,0.1796,0.1471,0.1727,75.71622077130137,05/04/2022
06/04/2022,0.1748,0.141,0.1433,53.202918686589655,06/04/2022
07/04/2022,0.1483,0.14,0.1459,54.491620217977804,07/04/2022
08/04/2022,0.1534,0.1404,0.1424,52.39971556229964,08/04/2022
09/04/2022,0.1446,0.1405,0.1442,53.390715764587576,09/04/2022
10/04/2022,0.1578,0.1435,0.1482,55.60275286760685,10/04/2022
11/04/2022,0.1515,0.1329,0.1341,47.114499073168595,11/04/2022
12/04/2022,0.1446,0.1332,0.138,49.41475469,12/04/2022
13/04/2022,0.1435,0.1362,0.1399,50.543349012747406,13/04/2022
14/04/2022,0.1478,0.1368,0.1441,53.03762455632446,14/04/2022
15/04/2022,0.1498,0.1418,0.1458,54.04783081706681,15/04/2022
16/04/2022,0.148,0.1414,0.1435,52.40535397011889,16/04/2022
17/04/2022,0.145,0.1383,0.1392,49.38379711540626,17/04/2022
18/04/2022,0.1405,0.1327,0.1402,50.104297932016415,18/04/2022
19/04/2022,0.1446,0.1391,0.1425,51.803605475395706,19/04/2022
20/04/2022,0.1468,0.1389,0.1407,50.35813948985457,20/04/2022
21/04/2022,0.143,0.134,0.1362,46.83942419489828,21/04/2022
22/04/2022,0.1382,0.1346,0.1363,46.928170581669335,22/04/2022
23/04/2022,0.1368,0.1331,0.1339,44.987084577411565,23/04/2022
24/04/2022,0.1348,0.1309,0.1317,43.222208445050555,24/04/2022
25/04/2022,0.1711,0.1224,0.1581,62.323503741597875,25/04/2022
26/04/2022,0.1668,0.1354,0.1376,48.63962645102003,26/04/2022
27/04/2022,0.1456,0.135,0.14,50.023093267408896,27/04/2022
28/04/2022,0.1433,0.1352,0.1375,48.55587145010206,28/04/2022
29/04/2022,0.1451,0.1331,0.1349,47.011515151204975,29/04/2022
30/04/2022,0.1368,0.1238,0.1274,42.78422534,30/04/2022
01/05/2022,0.1366,0.126,0.1327,46.44882129975791,01/05/2022
02/05/2022,0.134,0.1276,0.1308,45.32799266571451,02/05/2022
03/05/2022,0.132,0.1264,0.1295,44.53612720009555,03/05/2022
04/05/2022,0.1363,0.129,0.1359,49.237743076092364,04/05/2022
05/05/2022,0.1378,0.125,0.1282,44.36500646630693,05/05/2022
06/05/2022,0.1299,0.1234,0.1278,44.12073570048979,06/05/2022
07/05/2022,0.1324,0.1245,0.1275,43.92539507773434,07/05/2022
08/05/2022,0.1283,0.1226,0.1241,41.67348035600477,08/05/2022
09/05/2022,0.1253,0.1001,0.1019,30.63119540106929,09/05/2022
10/05/2022,0.1184,0.0992,0.108,35.674808995356045,10/05/2022
11/05/2022,0.1109,0.0711,0.0853,27.62535863648388,11/05/2022
12/05/2022,0.0899,0.0689,0.0826,26.849359756770994,12/05/2022
13/05/2022,0.0964,0.082,0.0881,31.09540817877614,13/05/2022
14/05/2022,0.092,0.0836,0.0894,32.098661241375865,14/05/2022
15/05/2022,0.0933,0.0864,0.0932,35.07445521488603,15/05/2022
16/05/2022,0.0932,0.0858,0.088,32.94661158643065,16/05/2022
17/05/2022,0.0914,0.0869,0.0903,34.82985576,17/05/2022
18/05/2022,0.091,0.0831,0.0833,31.89390673471391,18/05/2022
19/05/2022,0.0876,0.0814,0.0866,34.68892253410819,19/05/2022
20/05/2022,0.088,0.0825,0.084,33.52166166071055,20/05/2022
21/05/2022,0.0855,0.0824,0.0845,33.98173026265978,21/05/2022
22/05/2022,0.0867,0.0838,0.0859,35.33125115719908,22/05/2022
23/05/2022,0.0884,0.0821,0.0833,33.943529181244756,23/05/2022
24/05/2022,0.0844,0.0801,0.0837,34.370613005914194,24/05/2022
25/05/2022,0.0845,0.0821,0.083,33.956853552047434,25/05/2022
26/05/2022,0.0837,0.075,0.0779,31.026313582552348,26/05/2022
27/05/2022,0.09,0.076,0.0816,35.38325307664775,27/05/2022
28/05/2022,0.0834,0.0808,0.0818,35.619987874374175,28/05/2022
29/05/2022,0.0833,0.0798,0.0827,36.74309744776373,29/05/2022
30/05/2022,0.08857,0.0821,0.088,43.04433752121075,30/05/2022
31/05/2022,0.0885,0.08308,0.08591,41.29732844398876,31/05/2022
01/06/2022,0.08952,0.07872,0.08105,37.48722240484786,01/06/2022
02/06/2022,0.08313,0.08001,0.08277,39.61072020881249,02/06/2022
03/06/2022,0.08296,0.07936,0.08029,37.62608813459582,03/06/2022
04/06/2022,0.08252,0.07932,0.08187,39.69900476806076,04/06/2022
05/06/2022,0.08225,0.0806,0.08107,38.99240025422461,05/06/2022
06/06/2022,0.08473,0.08089,0.0825,41.01346581352058,06/06/2022
07/06/2022,0.08258,0.07769,0.08039,38.962428406239276,07/06/2022
08/06/2022,0.0816,0.0788,0.07927,37.87956823187947,08/06/2022
09/06/2022,0.08105,0.07893,0.07937,38.04513320100647,09/06/2022
10/06/2022,0.07974,0.07423,0.07539,34.14460167070243,10/06/2022
11/06/2022,0.07649,0.06793,0.06993,29.653122682524284,11/06/2022
12/06/2022,0.07037,0.06344,0.06353,25.43040027846338,12/06/2022
13/06/2022,0.06627,0.05234,0.0542,20.783816686846947,13/06/2022
14/06/2022,0.05842,0.04978,0.05555,22.97681766174719,14/06/2022
15/06/2022,0.06394,0.05041,0.06285,33.67003627224095,15/06/2022
16/06/2022,0.06285,0.05421,0.05523,29.12470702648983,16/06/2022
17/06/2022,0.05814,0.05463,0.05689,31.300478484613834,17/06/2022
18/06/2022,0.05787,0.04914,0.0529,28.99632768814203,18/06/2022
19/06/2022,0.0629,0.05116,0.06047,38.27951138606132,19/06/2022
20/06/2022,0.06152,0.05744,0.06002,37.96177716914172,20/06/2022
21/06/2022,0.06993,0.05896,0.06581,44.361005509792115,21/06/2022
22/06/2022,0.06583,0.06105,0.0617,41.11868863968794,22/06/2022
23/06/2022,0.06476,0.06155,0.06398,43.58216391399751,23/06/2022
24/06/2022,0.06854,0.06391,0.06694,46.69990648031281,24/06/2022
25/06/2022,0.06934,0.0651,0.06852,48.34095074633679,25/06/2022
26/06/2022,0.07759,0.06719,0.07296,52.74405848139548,26/06/2022
27/06/2022,0.0788,0.0705,0.07216,51.88592632239016,27/06/2022
28/06/2022,0.0734,0.0654,0.0661,45.80634596843951,28/06/2022
29/06/2022,0.07159,0.06409,0.06956,49.44840553639782,29/06/2022
30/06/2022,0.06973,0.06227,0.06644,46.41899899009783,30/06/2022
01/07/2022,0.06846,0.06386,0.06644,46.41899899009783,01/07/2022
02/07/2022,0.068,0.0655,0.06667,46.69818258378688,02/07/2022
03/07/2022,0.0675,0.06482,0.06721,47.391269183364244,03/07/2022
04/07/2022,0.06981,0.06566,0.06938,50.19397811349577,04/07/2022
05/07/2022,0.07002,0.0655,0.06716,47.41119718348422,05/07/2022
06/07/2022,0.0693,0.06616,0.06844,49.16129981712389,06/07/2022
07/07/2022,0.07122,0.06786,0.07055,51.997218700587396,07/07/2022
08/07/2022,0.0735,0.06823,0.06906,49.88117544232322,08/07/2022
09/07/2022,0.07019,0.06881,0.06947,50.47837786564786,09/07/2022
10/07/2022,0.0695,0.06626,0.06728,47.24036290368863,10/07/2022
11/07/2022,0.06729,0.06119,0.06175,40.223829792554625,11/07/2022
12/07/2022,0.06316,0.05972,0.05982,38.097073016828276,12/07/2022
13/07/2022,0.06235,0.05754,0.06194,41.740928946821974,13/07/2022
14/07/2022,0.06282,0.05946,0.06246,42.63292895058937,14/07/2022
15/07/2022,0.06443,0.06162,0.06294,43.49298400340546,15/07/2022
16/07/2022,0.06484,0.06176,0.06439,46.120806978485376,16/07/2022
17/07/2022,0.06552,0.06289,0.06306,44.09520808984923,17/07/2022
18/07/2022,0.06897,0.06299,0.06756,51.80747099774566,18/07/2022
19/07/2022,0.07025,0.06539,0.06901,54.009103548261905,19/07/2022
20/07/2022,0.07695,0.06769,0.07014,55.707316835341935,20/07/2022
21/07/2022,0.07091,0.06691,0.06998,55.39541323447947,21/07/2022
22/07/2022,0.07141,0.0667,0.06743,50.538754746839054,22/07/2022
23/07/2022,0.0695,0.06594,0.06804,51.63120917,23/07/2022
24/07/2022,0.06893,0.06721,0.06755,50.66319484812414,24/07/2022
25/07/2022,0.06799,0.06175,0.06193,41.13686530841936,25/07/2022
26/07/2022,0.06267,0.06011,0.06252,42.36216152540541,26/07/2022
27/07/2022,0.06722,0.06178,0.06721,51.07967375810756,27/07/2022
28/07/2022,0.07089,0.06518,0.06909,54.07797717631009,28/07/2022
29/07/2022,0.07244,0.06723,0.06877,53.47717498965588,29/07/2022
30/07/2022,0.07454,0.06788,0.06965,54.95913064406034,30/07/2022
31/07/2022,0.07225,0.06771,0.06807,51.77045593269195,31/07/2022
01/08/2022,0.07128,0.06682,0.06845,52.48448679,01/08/2022
02/08/2022,0.06913,0.06546,0.06652,48.55282021,02/08/2022
03/08/2022,0.06842,0.06509,0.06621,47.93172545964549,03/08/2022
04/08/2022,0.06767,0.06574,0.06725,50.231849346834494,04/08/2022
05/08/2022,0.07028,0.06717,0.06981,55.448929353815934,05/08/2022
06/08/2022,0.07133,0.0684,0.06863,52.70631123050497,06/08/2022
07/08/2022,0.07,0.06735,0.06897,53.42120582150054,07/08/2022
08/08/2022,0.07258,0.06881,0.07011,55.831984418404495,08/08/2022
09/08/2022,0.075,0.06743,0.06904,53.05630262281804,09/08/2022
10/08/2022,0.07147,0.06649,0.07126,57.74953430061392,10/08/2022
11/08/2022,0.0755,0.07042,0.07084,56.596700208404364,11/08/2022
12/08/2022,0.07275,0.06966,0.0723,59.61476906710745,12/08/2022
13/08/2022,0.07517,0.0718,0.07293,60.87889372,13/08/2022
14/08/2022,0.08494,0.07262,0.08168,73.35414254484725,14/08/2022
15/08/2022,0.08203,0.07467,0.07662,61.20017901305016,15/08/2022
16/08/2022,0.08962,0.07615,0.08677,71.42715052324888,16/08/2022
17/08/2022,0.08897,0.07933,0.08021,60.354545924069875,17/08/2022
18/08/2022,0.08229,0.07347,0.07474,52.97953334195566,18/08/2022
19/08/2022,0.07529,0.06702,0.06776,45.36224946454947,19/08/2022
20/08/2022,0.07118,0.06764,0.06933,47.20109742073241,20/08/2022
21/08/2022,0.0708,0.06739,0.06932,47.19020335753547,21/08/2022
22/08/2022,0.06942,0.06518,0.0684,46.13522643058345,22/08/2022
23/08/2022,0.06923,0.06687,0.06884,46.74838587413909,23/08/2022
24/08/2022,0.06967,0.06703,0.06791,45.56768335968953,24/08/2022
25/08/2022,0.07185,0.06761,0.06898,47.21939321154684,25/08/2022
26/08/2022,0.06957,0.06273,0.06351,40.46022217445447,26/08/2022
27/08/2022,0.06412,0.06225,0.06351,40.46022217445447,27/08/2022
28/08/2022,0.06432,0.06129,0.06178,38.44183142,28/08/2022
29/08/2022,0.06409,0.06088,0.06384,42.14299863424758,29/08/2022
30/08/2022,0.06448,0.06007,0.06154,39.30174412244632,30/08/2022
31/08/2022,0.06346,0.06072,0.06135,39.06742381606125,31/08/2022
01/09/2022,0.06263,0.05988,0.06239,41.13618762781215,01/09/2022
02/09/2022,0.06288,0.06068,0.06165,40.093115737102266,02/09/2022
03/09/2022,0.06403,0.06112,0.06271,42.348195641421334,03/09/2022
04/09/2022,0.06391,0.06187,0.06323,43.47235595505007,04/09/2022
05/09/2022,0.06374,0.06092,0.06275,42.64572171397628,05/09/2022
06/09/2022,0.06531,0.058,0.05889,36.61594522490139,06/09/2022
07/09/2022,0.06155,0.05737,0.06097,41.422330173192215,07/09/2022
08/09/2022,0.06142,0.05965,0.06096,41.40607378981086,08/09/2022
09/09/2022,0.06489,0.0609,0.06385,47.78394820497518,09/09/2022
10/09/2022,0.06557,0.06315,0.06466,49.44491173271735,10/09/2022
11/09/2022,0.06531,0.06261,0.06369,47.496464074513035,11/09/2022
12/09/2022,0.06545,0.06261,0.06393,48.04202536,12/09/2022
13/09/2022,0.06419,0.05921,0.05964,40.03416489240191,13/09/2022
14/09/2022,0.0615,0.05914,0.06115,43.597818082114586,14/09/2022
15/09/2022,0.06121,0.05847,0.0586,39.34542234,15/09/2022
16/09/2022,0.0605,0.05807,0.06046,43.66189137437411,16/09/2022
17/09/2022,0.06241,0.0602,0.0622,47.43081452104464,17/09/2022
18/09/2022,0.06225,0.05628,0.05743,39.60816977457049,18/09/2022
19/09/2022,0.05881,0.05588,0.05853,41.98444355793692,19/09/2022
20/09/2022,0.06064,0.05759,0.05839,41.75923192416346,20/09/2022
21/09/2022,0.06091,0.05606,0.05715,39.72658482725262,21/09/2022
22/09/2022,0.06007,0.05682,0.05958,45.34142101715209,22/09/2022
23/09/2022,0.06431,0.05912,0.06337,52.73667628874753,23/09/2022
24/09/2022,0.06831,0.06239,0.0631,52.19488500281557,24/09/2022
25/09/2022,0.06388,0.06004,0.06117,48.36954949866849,25/09/2022
26/09/2022,0.06188,0.05972,0.06113,48.29055603481907,26/09/2022
27/09/2022,0.06307,0.05973,0.06048,46.94877566062079,27/09/2022
28/09/2022,0.06113,0.05848,0.06051,47.021941414188134,28/09/2022
29/09/2022,0.06108,0.05927,0.06086,47.92429974114269,29/09/2022
30/09/2022,0.06228,0.05954,0.06167,50.044926566021005,30/09/2022
01/10/2022,0.06316,0.06025,0.06059,47.28032226004657,01/10/2022
02/10/2022,0.06096,0.0588,0.05927,44.075492555938645,02/10/2022
03/10/2022,0.06058,0.05879,0.06034,47.19980586,03/10/2022
04/10/2022,0.06645,0.05994,0.06584,59.67155754,04/10/2022
05/10/2022,0.06687,0.06262,0.06478,56.88286119212179,05/10/2022
06/10/2022,0.06686,0.06279,0.06345,53.504144791078794,06/10/2022
07/10/2022,0.06383,0.06124,0.06235,50.815742186984686,07/10/2022
08/10/2022,0.06268,0.06118,0.06165,49.12416394254565,08/10/2022
09/10/2022,0.0624,0.06116,0.06212,50.31996843959296,09/10/2022
10/10/2022,0.0625,0.0592,0.05938,43.84930611161452,10/10/2022
11/10/2022,0.06099,0.0575,0.06025,46.21429244815771,11/10/2022
12/10/2022,0.06099,0.05927,0.05981,45.17791536,12/10/2022
13/10/2022,0.06024,0.05509,0.05965,44.784616808370814,13/10/2022
14/10/2022,0.06103,0.05809,0.05866,42.32914179920057,14/10/2022
15/10/2022,0.05978,0.05797,0.05857,42.10313935628123,15/10/2022
16/10/2022,0.05946,0.05847,0.05891,43.334023392149966,16/10/2022
17/10/2022,0.06017,0.05854,0.05998,47.142557207820715,17/10/2022
18/10/2022,0.06116,0.05854,0.05976,46.451272985554766,18/10/2022
19/10/2022,0.0608,0.05821,0.05868,43.10931926824039,19/10/2022
20/10/2022,0.06037,0.05823,0.05942,45.977271876588155,20/10/2022
21/10/2022,0.05951,0.05709,0.05933,45.675685729245295,21/10/2022
22/10/2022,0.0599,0.0591,0.05968,47.128141726366465,22/10/2022
23/10/2022,0.0605,0.05865,0.06038,50.00707724593983,23/10/2022
24/10/2022,0.06092,0.05866,0.05945,46.392753086004724,24/10/2022
25/10/2022,0.06428,0.05913,0.06305,58.804867457002054,25/10/2022
26/10/2022,0.07361,0.0626,0.07265,75.25713278706745,26/10/2022
27/10/2022,0.08552,0.07172,0.07689,79.20695235,27/10/2022
28/10/2022,0.08849,0.0725,0.08387,83.79353954884435,28/10/2022
29/10/2022,0.1515,0.08285,0.12176,92.92143444272745,29/10/2022
30/10/2022,0.1435,0.11122,0.11773,87.29008475629897,30/10/2022
31/10/2022,0.1318,0.11373,0.12686,88.92728279,31/10/2022
01/11/2022,0.15893,0.12448,0.14211,91.01027916593665,01/11/2022
02/11/2022,0.148,0.122,0.12765,76.34478178128236,02/11/2022
03/11/2022,0.13699,0.12,0.12262,71.99853496864864,03/11/2022
04/11/2022,0.12915,0.11552,0.12613,73.14733955842775,04/11/2022
05/11/2022,0.136,0.12013,0.12445,71.63251459489712,05/11/2022
06/11/2022,0.1277,0.11183,0.11477,63.47567361371547,06/11/2022
07/11/2022,0.11908,0.10717,0.11123,60.75122016408761,07/11/2022
08/11/2022,0.113,0.0777,0.08827,46.73905355768196,08/11/2022
09/11/2022,0.09219,0.07053,0.0745,40.679111325453256,09/11/2022
10/11/2022,0.09461,0.07306,0.08978,48.63724100538011,10/11/2022
11/11/2022,0.09355,0.08001,0.08509,46.57203786365624,11/11/2022
12/11/2022,0.0952,0.07845,0.08815,48.11988491371661,12/11/2022
13/11/2022,0.09157,0.08269,0.08495,46.59949872946192,13/11/2022
14/11/2022,0.0915,0.07917,0.08595,47.16134281277682,14/11/2022
15/11/2022,0.0895,0.0847,0.08706,47.81764196072532,15/11/2022
16/11/2022,0.09121,0.08338,0.08548,46.924201228207195,16/11/2022
17/11/2022,0.08729,0.08233,0.08467,46.445096914421974,17/11/2022
18/11/2022,0.08679,0.08363,0.08474,46.49593833176087,18/11/2022
19/11/2022,0.085,0.08303,0.08455,46.36727043965285,19/11/2022
20/11/2022,0.08584,0.07633,0.07703,41.475201210530834,20/11/2022
21/11/2022,0.07738,0.07131,0.07466,40.04134721,21/11/2022
22/11/2022,0.0797,0.07307,0.07876,43.66945811826203,22/11/2022
23/11/2022,0.08354,0.07779,0.08197,46.403894245968026,23/11/2022
24/11/2022,0.08434,0.08013,0.08146,46.02165444297753,24/11/2022
25/11/2022,0.09191,0.08053,0.0895,52.64420347040988,25/11/2022
26/11/2022,0.09558,0.08712,0.08893,52.15565182465361,26/11/2022
27/11/2022,0.108,0.0888,0.09868,59.14064342741906,27/11/2022
28/11/2022,0.09975,0.09056,0.09513,55.93840444,28/11/2022
29/11/2022,0.10524,0.0936,0.10146,60.08822033,29/11/2022
30/11/2022,0.11,0.09937,0.10677,63.21777207117723,30/11/2022
01/12/2022,0.10777,0.10025,0.10175,58.54410180300169,01/12/2022
02/12/2022,0.1036,0.09665,0.1021,58.77295139307369,02/12/2022
03/12/2022,0.10319,0.09808,0.0997,56.47089294736941,03/12/2022
04/12/2022,0.10575,0.09954,0.10406,59.56911157565089,04/12/2022
05/12/2022,0.11192,0.09922,0.10149,56.99401868134295,05/12/2022
06/12/2022,0.10276,0.09802,0.10019,55.68276275247195,06/12/2022
07/12/2022,0.1012,0.09269,0.09575,51.33841167997727,07/12/2022
08/12/2022,0.09918,0.09459,0.09847,53.72052897589627,08/12/2022
09/12/2022,0.09945,0.09561,0.0967,51.93873584,09/12/2022
10/12/2022,0.09743,0.09603,0.09632,51.54347325954343,10/12/2022
11/12/2022,0.09715,0.09161,0.09266,47.772491874300655,11/12/2022
12/12/2022,0.093,0.08471,0.09029,45.45349615999805,12/12/2022
13/12/2022,0.09555,0.08691,0.09105,46.35282564588713,13/12/2022
14/12/2022,0.09247,0.087,0.08824,43.49726570129499,14/12/2022
15/12/2022,0.0888,0.08402,0.08485,40.27385027091997,15/12/2022
16/12/2022,0.08682,0.07391,0.07569,33.129676939371166,16/12/2022
17/12/2022,0.07949,0.07552,0.07919,37.67874345382445,17/12/2022
18/12/2022,0.08005,0.07759,0.07847,37.119323372366445,18/12/2022
19/12/2022,0.07951,0.06997,0.07133,32.03920561521237,19/12/2022
20/12/2022,0.07566,0.07101,0.07483,36.618423236180824,20/12/2022
21/12/2022,0.07502,0.07131,0.07374,35.80919590456104,21/12/2022
22/12/2022,0.07783,0.07327,0.07685,39.89079602,22/12/2022
23/12/2022,0.07904,0.07616,0.07721,40.36350790857384,23/12/2022
24/12/2022,0.07814,0.07661,0.07752,40.79528117118728,24/12/2022
25/12/2022,0.07765,0.0732,0.07598,39.27405728769614,25/12/2022
26/12/2022,0.07664,0.07421,0.07568,38.96920464524907,26/12/2022
27/12/2022,0.07616,0.07256,0.07372,36.95115558821083,27/12/2022
28/12/2022,0.07391,0.06921,0.0704,33.761803197048565,28/12/2022
29/12/2022,0.07162,0.06925,0.07094,34.74832459,29/12/2022
30/12/2022,0.07145,0.06581,0.0684,32.31068855982936,30/12/2022
31/12/2022,0.07137,0.06796,0.07025,35.84101735690591,31/12/2022
01/01/2023,0.07087,0.06906,0.07024,35.830139170187934,01/01/2023
02/01/2023,0.07374,0.06906,0.0714,38.17430255,02/01/2023
03/01/2023,0.07231,0.06943,0.07049,37.03143626058248,03/01/2023
04/01/2023,0.07362,0.07019,0.07311,42.38005603271164,04/01/2023
05/01/2023,0.07529,0.07035,0.07152,40.15112722776783,05/01/2023
06/01/2023,0.07281,0.0695,0.07241,41.99026029345271,06/01/2023
07/01/2023,0.07305,0.07167,0.07219,41.64955031592827,07/01/2023
08/01/2023,0.07399,0.07121,0.07363,44.806369736434185,08/01/2023
09/01/2023,0.07963,0.07293,0.07566,48.99557479391447,09/01/2023
10/01/2023,0.0779,0.07372,0.07782,53.07664540028718,10/01/2023
11/01/2023,0.07856,0.07468,0.07814,53.66810787751694,11/01/2023
12/01/2023,0.08127,0.07514,0.08025,57.47442927532196,12/01/2023
13/01/2023,0.0852,0.07854,0.0845,63.90643419,13/01/2023
14/01/2023,0.09267,0.0825,0.08729,67.39306636225416,14/01/2023
15/01/2023,0.08794,0.08281,0.08608,64.48374019,15/01/2023
16/01/2023,0.08833,0.08155,0.08368,59.03957868551698,16/01/2023
17/01/2023,0.08505,0.08194,0.08285,57.23975452362059,17/01/2023
18/01/2023,0.08976,0.0778,0.08,51.44084451673291,18/01/2023
19/01/2023,0.08218,0.07971,0.08161,54.25994764,19/01/2023
20/01/2023,0.087,0.0806,0.08617,61.14100331127783,20/01/2023
21/01/2023,0.08913,0.0837,0.08467,58.047483440325585,21/01/2023
22/01/2023,0.09343,0.08432,0.08824,62.863450802841605,22/01/2023
23/01/2023,0.09151,0.08621,0.08851,63.207456441876325,23/01/2023
24/01/2023,0.0908,0.0821,0.08392,54.042452245339234,24/01/2023
25/01/2023,0.08818,0.08165,0.08654,57.80354155,25/01/2023
26/01/2023,0.08771,0.08451,0.08633,57.398073347711446,26/01/2023
27/01/2023,0.088,0.08352,0.08723,58.734059622609664,27/01/2023
28/01/2023,0.09381,0.08671,0.08773,59.49404255070203,28/01/2023
29/01/2023,0.09102,0.08725,0.09009,62.961361451005956,29/01/2023
30/01/2023,0.09286,0.0845,0.08837,58.99757565,30/01/2023
31/01/2023,0.09867,0.08822,0.09612,68.59226002824721,31/01/2023
01/02/2023,0.09717,0.08812,0.09403,64.22739581877212,01/02/2023
02/02/2023,0.09594,0.09006,0.09099,58.40553751757284,02/02/2023
03/02/2023,0.09334,0.09025,0.09293,60.84472099829656,03/02/2023
04/02/2023,0.0998,0.0925,0.09567,64.05118961313866,04/02/2023
05/02/2023,0.097,0.09042,0.09203,57.334044178568696,05/02/2023
06/02/2023,0.09329,0.0885,0.08955,53.23756532170712,06/02/2023
07/02/2023,0.09274,0.0894,0.09253,57.19523484230635,07/02/2023
08/02/2023,0.09339,0.08842,0.09018,53.35997897450293,08/02/2023
09/02/2023,0.09093,0.07878,0.08144,42.06298620367212,09/02/2023
10/02/2023,0.08305,0.07922,0.08089,41.46801440349477,10/02/2023
11/02/2023,0.08259,0.08063,0.08225,43.59268972727169,11/02/2023
12/02/2023,0.08582,0.08115,0.08215,43.46774664400312,12/02/2023
13/02/2023,0.08648,0.07936,0.08209,43.38739439147377,13/02/2023
14/02/2023,0.08371,0.08002,0.0836,46.088388417019246,14/02/2023
15/02/2023,0.08961,0.08265,0.08928,54.820309516505894,15/02/2023
16/02/2023,0.09199,0.08468,0.08489,48.307836405087876,16/02/2023
17/02/2023,0.08851,0.0843,0.08771,52.23336695374597,17/02/2023
18/02/2023,0.09049,0.08675,0.08882,53.72306016186917,18/02/2023
19/02/2023,0.09,0.08559,0.08697,50.875242786338106,19/02/2023
20/02/2023,0.08875,0.08513,0.08829,52.79789037643327,20/02/2023
21/02/2023,0.08884,0.08429,0.08546,48.42225182,21/02/2023
22/02/2023,0.08882,0.08286,0.0855,48.487234553053256,22/02/2023
23/02/2023,0.08642,0.0835,0.08425,46.51497924169896,23/02/2023
24/02/2023,0.08499,0.07922,0.08092,41.65412459,24/02/2023
25/02/2023,0.08216,0.07836,0.08075,41.41617816165544,25/02/2023
26/02/2023,0.08264,0.08041,0.08216,44.26025319162118,26/02/2023
27/02/2023,0.08231,0.07992,0.08136,42.98517275292407,27/02/2023
28/02/2023,0.08312,0.0799,0.08085,42.151488728133714,28/02/2023
01/03/2023,0.08284,0.08023,0.08193,44.60177548007579,01/03/2023
02/03/2023,0.08226,0.07959,0.08056,42.162119155697205,02/03/2023
03/03/2023,0.08062,0.0732,0.07684,36.34822907393956,03/03/2023
04/03/2023,0.07727,0.07255,0.07462,33.38922575759001,04/03/2023
05/03/2023,0.07612,0.07429,0.07474,33.703396997813655,05/03/2023
06/03/2023,0.07515,0.07316,0.07479,33.843410041891275,06/03/2023
07/03/2023,0.07597,0.07234,0.07407,32.770155106373466,07/03/2023
08/03/2023,0.07432,0.07,0.07112,28.747579098229167,08/03/2023
09/03/2023,0.0723,0.06393,0.06595,23.340233079358782,09/03/2023
10/03/2023,0.06618,0.06253,0.06572,23.131777337051034,10/03/2023
11/03/2023,0.06821,0.06324,0.06604,24.146831523184957,11/03/2023
12/03/2023,0.07082,0.06516,0.07051,36.71773834647044,12/03/2023
13/03/2023,0.07353,0.06814,0.07279,41.99791545695449,13/03/2023
14/03/2023,0.07762,0.07108,0.07456,45.780145569818956,14/03/2023
15/03/2023,0.07589,0.06735,0.06963,38.29060885085617,15/03/2023
16/03/2023,0.07407,0.06868,0.07256,44.13967615,16/03/2023
17/03/2023,0.07724,0.07143,0.07642,50.76105536196187,17/03/2023
18/03/2023,0.0789,0.07234,0.07295,45.535613099469956,18/03/2023
19/03/2023,0.07652,0.07295,0.0745,48.105424667211196,19/03/2023
20/03/2023,0.07557,0.07035,0.07137,43.62871990247472,20/03/2023
21/03/2023,0.07788,0.07031,0.0766,51.71451982,21/03/2023
22/03/2023,0.0781,0.07137,0.07385,47.82963747036688,22/03/2023
23/03/2023,0.07922,0.07294,0.07736,52.71246267228863,23/03/2023
24/03/2023,0.07749,0.07295,0.07453,48.750668568947006,24/03/2023
25/03/2023,0.07597,0.07244,0.07402,48.04979678865547,25/03/2023
26/03/2023,0.07558,0.07334,0.07436,48.58053333018214,26/03/2023
27/03/2023,0.07639,0.07124,0.07287,46.34595486815319,27/03/2023
28/03/2023,0.07404,0.07165,0.07381,47.971869791542176,28/03/2023
29/03/2023,0.07692,0.07351,0.07557,50.96789447834196,29/03/2023
30/03/2023,0.07685,0.07327,0.07422,48.65355261870905,30/03/2023
31/03/2023,0.07789,0.0734,0.07695,53.27418352217913,31/03/2023
01/04/2023,0.085,0.07586,0.08181,60.149368554106665,01/04/2023
02/04/2023,0.08559,0.07724,0.07903,55.15051647388987,02/04/2023
03/04/2023,0.105,0.076,0.096,70.99631483826334,03/04/2023
04/04/2023,0.1035,0.09219,0.09512,69.62261290197345,04/04/2023
05/04/2023,0.09917,0.09055,0.09267,65.80506810260604,05/04/2023
06/04/2023,0.09275,0.08415,0.08541,56.00525442921812,06/04/2023
07/04/2023,0.0862,0.08113,0.08222,52.31843422146946,07/04/2023
08/04/2023,0.08383,0.08035,0.08134,51.31487471319164,08/04/2023
09/04/2023,0.08393,0.08107,0.08318,53.330640487112625,09/04/2023
10/04/2023,0.08541,0.08225,0.08473,55.02014886,10/04/2023
11/04/2023,0.08607,0.08359,0.08408,54.135086872769755,11/04/2023
12/04/2023,0.0851,0.08036,0.08346,53.25510009430561,12/04/2023
13/04/2023,0.08886,0.08279,0.08729,57.816817889701724,13/04/2023
14/04/2023,0.09138,0.08527,0.08866,59.345134,14/04/2023
15/04/2023,0.09057,0.08714,0.08888,59.59827388015133,15/04/2023
16/04/2023,0.09183,0.0875,0.09043,61.42088492958419,16/04/2023
17/04/2023,0.09488,0.08807,0.09137,62.52500548522967,17/04/2023
18/04/2023,0.095,0.08974,0.09411,65.61423592457287,18/04/2023
19/04/2023,0.09413,0.0842,0.08788,54.59431842511834,19/04/2023
20/04/2023,0.0935,0.08251,0.08389,48.92675706431753,20/04/2023
21/04/2023,0.0847,0.0762,0.07842,42.42449359014055,21/04/2023
22/04/2023,0.08101,0.07817,0.08028,45.09644701391487,22/04/2023
23/04/2023,0.08083,0.07651,0.07878,43.349273882304374,23/04/2023
24/04/2023,0.08,0.07715,0.07873,43.28906850463473,24/04/2023
25/04/2023,0.07996,0.07752,0.07976,44.98415986715125,25/04/2023
26/04/2023,0.08358,0.0748,0.07859,43.39735715934501,26/04/2023
27/04/2023,0.081,0.07837,0.08014,46.10946131145233,27/04/2023
28/04/2023,0.08074,0.07892,0.08033,46.44818877067551,28/04/2023
29/04/2023,0.08197,0.08019,0.08157,48.71382887918334,29/04/2023
30/04/2023,0.08174,0.07923,0.07951,45.286060110353084,30/04/2023
01/05/2023,0.08003,0.07733,0.07882,44.16506258157431,01/05/2023
02/05/2023,0.0791,0.07754,0.07876,44.06292154786865,02/05/2023
03/05/2023,0.08072,0.07711,0.07962,45.99097735853927,03/05/2023
04/05/2023,0.0797,0.07794,0.07838,43.654524613350915,04/05/2023
05/05/2023,0.08147,0.07705,0.08017,47.77879633070604,05/05/2023
06/05/2023,0.08049,0.07566,0.07672,41.477227443762104,06/05/2023
07/05/2023,0.07756,0.07617,0.07652,41.13849448,07/05/2023
08/05/2023,0.07711,0.06982,0.07239,34.81547145360497,08/05/2023
09/05/2023,0.07333,0.07206,0.0731,36.61902186951864,09/05/2023
10/05/2023,0.0747,0.07033,0.07312,36.67217571089201,10/05/2023
11/05/2023,0.07317,0.06908,0.07193,34.80200343947118,11/05/2023
12/05/2023,0.07275,0.06933,0.07235,36.04173770441849,12/05/2023
13/05/2023,0.0724,0.0713,0.07167,34.88514823827187,13/05/2023
14/05/2023,0.07265,0.07111,0.07196,35.830891563057264,14/05/2023
15/05/2023,0.07368,0.07084,0.07191,35.73452244137475,15/05/2023
16/05/2023,0.07325,0.07087,0.07275,38.71658800877673,16/05/2023
17/05/2023,0.07547,0.07228,0.07483,45.46474986545535,17/05/2023
18/05/2023,0.07492,0.07161,0.07344,42.12639145292002,18/05/2023
19/05/2023,0.07406,0.073,0.0735,42.32326165259531,19/05/2023
20/05/2023,0.07389,0.07306,0.07361,42.70804756210318,20/05/2023
21/05/2023,0.074,0.07198,0.07212,38.92036449145078,21/05/2023
22/05/2023,0.07402,0.07071,0.07291,41.86432603747283,22/05/2023
23/05/2023,0.07396,0.07241,0.07289,41.809384973830966,23/05/2023
24/05/2023,0.07289,0.06931,0.07064,36.073750550243815,24/05/2023
25/05/2023,0.07116,0.06856,0.07088,37.065517779795044,25/05/2023
26/05/2023,0.07137,0.0703,0.07097,37.45737027629283,26/05/2023
27/05/2023,0.07344,0.0707,0.07255,44.044225619231526,27/05/2023
28/05/2023,0.07396,0.07186,0.07352,47.686832748304816,28/05/2023
29/05/2023,0.074,0.07261,0.07313,46.37954420470126,29/05/2023
30/05/2023,0.07346,0.07198,0.07231,43.668860970234405,30/05/2023
31/05/2023,0.07268,0.07051,0.07165,41.563257268987755,31/05/2023
01/06/2023,0.07219,0.07071,0.07142,40.82451259413134,01/06/2023
02/06/2023,0.07331,0.0709,0.07256,45.95223198041254,02/06/2023
03/06/2023,0.07298,0.07217,0.0727,46.56460953151566,03/06/2023
04/06/2023,0.07334,0.07232,0.07249,45.72766539802938,04/06/2023
05/06/2023,0.07269,0.06311,0.0664,29.287516864665974,05/06/2023
06/06/2023,0.07199,0.06585,0.07025,43.19224378102836,06/06/2023
07/06/2023,0.07032,0.06668,0.06728,37.12713954,07/06/2023
08/06/2023,0.0685,0.06698,0.06796,39.231162990488585,08/06/2023
09/06/2023,0.07119,0.06729,0.06947,43.73399893172077,09/06/2023
10/06/2023,0.07196,0.053,0.06175,31.061699021836887,10/06/2023
11/06/2023,0.06289,0.06092,0.06151,30.76326569945806,11/06/2023
12/06/2023,0.0617,0.05975,0.06143,30.65752974411579,12/06/2023
13/06/2023,0.06284,0.06006,0.06175,31.669228592051013,13/06/2023
14/06/2023,0.06219,0.05811,0.06038,29.67317913781382,14/06/2023
15/06/2023,0.062,0.05975,0.06153,33.46415852205229,15/06/2023
16/06/2023,0.06282,0.06069,0.06219,35.609435863777165,16/06/2023
17/06/2023,0.06297,0.06166,0.0622,35.64329394539196,17/06/2023
18/06/2023,0.06399,0.06107,0.06212,35.482551846853625,18/06/2023
19/06/2023,0.06285,0.06151,0.06245,36.74968750793011,19/06/2023
20/06/2023,0.06314,0.06074,0.06313,39.39125015,20/06/2023
21/06/2023,0.06677,0.06284,0.06561,47.93200987490543,21/06/2023
22/06/2023,0.06938,0.06502,0.06555,47.75667049276303,22/06/2023
23/06/2023,0.07013,0.06525,0.06823,55.57401305,23/06/2023
24/06/2023,0.06843,0.06505,0.06669,50.86412599623797,24/06/2023
25/06/2023,0.068,0.06635,0.06672,50.95133295892353,25/06/2023
26/06/2023,0.06681,0.06319,0.06474,45.243896391565684,26/06/2023
27/06/2023,0.06579,0.06433,0.06556,47.849322972363765,27/06/2023
28/06/2023,0.06596,0.06013,0.06257,40.31630440446031,28/06/2023
29/06/2023,0.0641,0.06241,0.06342,43.06064617371883,29/06/2023
30/06/2023,0.06698,0.06101,0.06646,51.62748335663037,30/06/2023
01/07/2023,0.0728,0.06641,0.06851,56.39220037980014,01/07/2023
02/07/2023,0.0692,0.066,0.06801,54.96998658146743,02/07/2023
03/07/2023,0.06878,0.06721,0.06845,56.02111887468547,03/07/2023
04/07/2023,0.07186,0.06764,0.0689,57.12346877248111,04/07/2023
05/07/2023,0.06936,0.06558,0.06701,51.30668140496142,05/07/2023
06/07/2023,0.06858,0.06466,0.06485,45.5926797,06/07/2023
07/07/2023,0.06587,0.0641,0.0654,47.20500552929134,07/07/2023
08/07/2023,0.06608,0.06474,0.06573,48.19694860654796,08/07/2023
09/07/2023,0.06636,0.0651,0.06536,47.12778661087889,09/07/2023
10/07/2023,0.06656,0.06326,0.06523,46.73550565314128,10/07/2023
11/07/2023,0.06551,0.06437,0.06528,46.91851555101067,11/07/2023
12/07/2023,0.0657,0.06365,0.06503,46.06625118762157,12/07/2023
13/07/2023,0.07168,0.06455,0.07042,62.06545537597994,13/07/2023
14/07/2023,0.07311,0.06612,0.06849,55.69451650289498,14/07/2023
15/07/2023,0.07522,0.06769,0.07197,63.057960366464854,15/07/2023
16/07/2023,0.07221,0.06891,0.06952,56.001387779784345,16/07/2023
17/07/2023,0.07325,0.06752,0.06982,56.641226816949136,17/07/2023
18/07/2023,0.07032,0.06703,0.06866,53.407134239728016,18/07/2023
19/07/2023,0.07235,0.06823,0.07003,56.56170198254287,19/07/2023
20/07/2023,0.0739,0.06926,0.07062,57.88416040159911,20/07/2023
21/07/2023,0.07688,0.07026,0.07322,63.20097543438021,21/07/2023
22/07/2023,0.0733,0.06963,0.07047,55.25540815546606,22/07/2023
23/07/2023,0.07295,0.06997,0.0718,58.005202712292395,23/07/2023
24/07/2023,0.0779,0.07018,0.0742,62.48546600687035,24/07/2023
25/07/2023,0.0838,0.07361,0.08185,72.54138138111809,25/07/2023
26/07/2023,0.08229,0.07647,0.07793,63.19367651839728,26/07/2023
27/07/2023,0.07996,0.07666,0.07761,62.48581354883522,27/07/2023
28/07/2023,0.07791,0.07586,0.07717,61.466283784428796,28/07/2023
29/07/2023,0.08243,0.07683,0.08023,65.66235129710753,29/07/2023
30/07/2023,0.08057,0.07622,0.07802,60.53532024969319,30/07/2023
31/07/2023,0.0798,0.07672,0.07786,60.16902198455955,31/07/2023
01/08/2023,0.07828,0.07517,0.07815,60.63397628173483,01/08/2023
02/08/2023,0.07833,0.07369,0.07422,51.807954808941915,02/08/2023
03/08/2023,0.07501,0.07253,0.07358,50.51831076,03/08/2023
04/08/2023,0.07492,0.0725,0.07347,50.28661228448058,04/08/2023
05/08/2023,0.07708,0.07292,0.07571,54.82985428484451,05/08/2023
06/08/2023,0.07649,0.07407,0.07427,51.567241251980654,06/08/2023
07/08/2023,0.07573,0.0717,0.07354,49.944746359582794,07/08/2023
08/08/2023,0.07548,0.07321,0.07496,53.03994285226979,08/08/2023
09/08/2023,0.07622,0.07419,0.07541,54.01046714213978,09/08/2023
10/08/2023,0.07695,0.07514,0.07588,55.05525176487951,10/08/2023
11/08/2023,0.07611,0.07484,0.07574,54.656935616413584,11/08/2023
12/08/2023,0.07745,0.07561,0.0767,56.95659573,12/08/2023
13/08/2023,0.07689,0.0743,0.07479,51.373921090291105,13/08/2023
14/08/2023,0.07711,0.07365,0.07469,51.09156392889882,14/08/2023
15/08/2023,0.07499,0.06831,0.07093,41.79096318,15/08/2023
16/08/2023,0.07125,0.06602,0.06717,34.94108463877251,16/08/2023
17/08/2023,0.06843,0.0556,0.06102,27.11307684842953,17/08/2023
18/08/2023,0.06385,0.05988,0.06326,33.00073381877695,18/08/2023
19/08/2023,0.0645,0.0631,0.06379,34.35195734489251,19/08/2023
20/08/2023,0.06473,0.06338,0.06384,34.486193283940054,20/08/2023
21/08/2023,0.06411,0.06035,0.06252,32.59149560070796,21/08/2023
22/08/2023,0.06327,0.06023,0.06259,32.802337841076906,22/08/2023
23/08/2023,0.06546,0.06246,0.06379,36.47080130230593,23/08/2023
24/08/2023,0.06404,0.06183,0.06308,35.24481107930005,24/08/2023
25/08/2023,0.06315,0.06169,0.06312,35.376611789921924,25/08/2023
26/08/2023,0.06338,0.06262,0.06289,34.936287685663615,26/08/2023
27/08/2023,0.06379,0.06269,0.06318,36.01765006524401,27/08/2023
28/08/2023,0.0637,0.06186,0.06345,37.06638455082112,28/08/2023
29/08/2023,0.06858,0.0624,0.0664,47.24152733072247,29/08/2023
30/08/2023,0.06647,0.06434,0.06588,45.83477091006454,30/08/2023
31/08/2023,0.06701,0.0628,0.06376,40.535159106664246,31/08/2023
01/09/2023,0.06426,0.0623,0.06388,40.95134663320702,01/09/2023
02/09/2023,0.06497,0.0626,0.06348,39.947692842310595,02/09/2023
03/09/2023,0.06377,0.06276,0.06317,39.146937363892704,03/09/2023
04/09/2023,0.06385,0.06209,0.06326,39.52594053029039,04/09/2023
05/09/2023,0.06443,0.06288,0.06402,42.76753452,05/09/2023
06/09/2023,0.06464,0.06248,0.06365,41.59846689185907,06/09/2023
07/09/2023,0.06384,0.06279,0.06365,41.59846689185907,07/09/2023
08/09/2023,0.06402,0.06237,0.06371,41.89717127226998,08/09/2023
09/09/2023,0.06391,0.06319,0.06339,40.70150167210283,09/09/2023
10/09/2023,0.0634,0.05938,0.0613,33.89735994083949,10/09/2023
11/09/2023,0.06199,0.05919,0.06049,31.686502973532114,11/09/2023
12/09/2023,0.06247,0.06043,0.0609,34.031878609916774,12/09/2023
13/09/2023,0.06181,0.0605,0.06126,36.10616248841666,13/09/2023
14/09/2023,0.06255,0.06108,0.06208,40.681471971693085,14/09/2023
15/09/2023,0.06296,0.06138,0.0625,42.93544172694698,15/09/2023
16/09/2023,0.06297,0.06176,0.06214,41.480519433666615,16/09/2023
17/09/2023,0.06254,0.06097,0.06147,38.84244293624473,17/09/2023
18/09/2023,0.06281,0.06096,0.06198,41.87285872524411,18/09/2023
19/09/2023,0.06323,0.06189,0.06268,45.83970745578199,19/09/2023
20/09/2023,0.06303,0.06144,0.06262,45.55274891272917,20/09/2023
21/09/2023,0.06348,0.06103,0.06131,39.70806799016163,21/09/2023
22/09/2023,0.06187,0.06058,0.06152,41.01460993000761,22/09/2023
23/09/2023,0.06199,0.06127,0.06152,41.01460993000761,23/09/2023
24/09/2023,0.06175,0.06028,0.06069,37.308641197601965,24/09/2023
25/09/2023,0.06124,0.06009,0.06094,39.09377769083885,25/09/2023
26/09/2023,0.06114,0.05933,0.06062,37.61723741971122,26/09/2023
27/09/2023,0.06142,0.06016,0.06053,37.19177444595673,27/09/2023
28/09/2023,0.06168,0.06038,0.0615,44.48024379459533,28/09/2023
29/09/2023,0.06249,0.06131,0.06213,48.648251755744845,29/09/2023
30/09/2023,0.06276,0.06173,0.06207,48.27653472214368,30/09/2023
01/10/2023,0.06358,0.06169,0.06319,55.16350674510986,01/10/2023
02/10/2023,0.0642,0.06093,0.062,47.87027155654318,02/10/2023
03/10/2023,0.06232,0.06107,0.06137,44.51481804533983,03/10/2023
04/10/2023,0.06159,0.06001,0.06147,45.171770128166095,04/10/2023
05/10/2023,0.06165,0.06059,0.06086,41.91184255,05/10/2023
06/10/2023,0.06162,0.06071,0.06137,45.45599880158485,06/10/2023
07/10/2023,0.06166,0.06105,0.06143,45.87440078465141,07/10/2023
08/10/2023,0.0616,0.06065,0.06096,43.086247154857524,08/10/2023
09/10/2023,0.061,0.05678,0.05873,32.876346198210825,09/10/2023
10/10/2023,0.05923,0.05846,0.05913,35.81440345,10/10/2023
11/10/2023,0.05948,0.05764,0.05851,33.37584422972387,11/10/2023
12/10/2023,0.05852,0.05722,0.05788,31.06148215635379,12/10/2023
13/10/2023,0.0591,0.05777,0.05839,34.99140593763876,13/10/2023
14/10/2023,0.05998,0.05833,0.05984,44.65205291,14/10/2023
15/10/2023,0.05986,0.05901,0.05931,42.18442259064915,15/10/2023
16/10/2023,0.06176,0.05909,0.06,46.341917453348074,16/10/2023
17/10/2023,0.06016,0.05812,0.05904,41.83449549996485,17/10/2023
18/10/2023,0.05936,0.05827,0.05858,39.835132002262185,18/10/2023
19/10/2023,0.05899,0.05738,0.05887,41.725981826811314,19/10/2023
20/10/2023,0.06049,0.05862,0.0599,47.97934685,20/10/2023
21/10/2023,0.06147,0.05942,0.06119,54.55662968490228,21/10/2023
22/10/2023,0.06173,0.05979,0.0617,56.87795097744301,22/10/2023
23/10/2023,0.0679,0.06131,0.06742,73.33183404837948,23/10/2023
24/10/2023,0.07012,0.06418,0.0666,69.2523429,24/10/2023
25/10/2023,0.06978,0.0646,0.06832,72.68488420500023,25/10/2023
26/10/2023,0.07516,0.06782,0.07185,78.09071941076826,26/10/2023
27/10/2023,0.07243,0.06716,0.06776,62.62583804132997,27/10/2023
28/10/2023,0.06982,0.0675,0.069,64.89565631199014,28/10/2023
29/10/2023,0.0702,0.06722,0.06935,65.53196404915317,29/10/2023
30/10/2023,0.0704,0.06771,0.06959,65.98724143944777,30/10/2023
31/10/2023,0.07085,0.06578,0.06827,61.199253543726904,31/10/2023
01/11/2023,0.06967,0.06548,0.06894,62.679473933603354,01/11/2023
02/11/2023,0.07089,0.0666,0.0679,58.92191033154629,02/11/2023
03/11/2023,0.06823,0.06621,0.06807,59.35088569444614,03/11/2023
04/11/2023,0.06927,0.0679,0.06908,61.896783055793314,04/11/2023
05/11/2023,0.07175,0.0688,0.07108,66.38629830030789,05/11/2023
06/11/2023,0.07653,0.07025,0.07637,74.83289018784558,06/11/2023
07/11/2023,0.07648,0.0715,0.07338,64.90526650404738,07/11/2023
08/11/2023,0.0772,0.07277,0.07534,67.91054481916724,08/11/2023
09/11/2023,0.07791,0.06779,0.07357,62.68969962192954,09/11/2023
10/11/2023,0.07559,0.07241,0.07539,65.61676946730898,10/11/2023
11/11/2023,0.08189,0.07445,0.07849,69.94226249934437,11/11/2023
12/11/2023,0.08038,0.07503,0.07795,68.32970491507758,12/11/2023
13/11/2023,0.07954,0.07341,0.07456,59.11532235370438,13/11/2023
14/11/2023,0.07555,0.0688,0.07244,54.193512406058254,14/11/2023
15/11/2023,0.07654,0.07227,0.07623,60.521598379705665,15/11/2023
16/11/2023,0.084,0.07593,0.07947,64.97611134,16/11/2023
17/11/2023,0.0876,0.07907,0.08641,72.20942557706154,17/11/2023
18/11/2023,0.08663,0.079,0.08028,60.35291467,18/11/2023
19/11/2023,0.08066,0.07734,0.08046,60.55771084334211,19/11/2023
20/11/2023,0.08219,0.07666,0.07768,55.76654413608021,20/11/2023
21/11/2023,0.07875,0.07063,0.07176,47.202174007090235,21/11/2023
22/11/2023,0.0766,0.07153,0.07575,52.49729523149348,22/11/2023
23/11/2023,0.07638,0.07494,0.0762,53.06896379601414,23/11/2023
24/11/2023,0.07866,0.07605,0.07818,55.60081583840447,24/11/2023
25/11/2023,0.07916,0.07753,0.07894,56.56933396719532,25/11/2023
26/11/2023,0.07899,0.0755,0.07868,56.118328372471225,26/11/2023
27/11/2023,0.0817,0.0768,0.07884,56.348964180410555,27/11/2023
28/11/2023,0.08121,0.07671,0.08083,59.21981447955196,28/11/2023
29/11/2023,0.08317,0.07959,0.08047,58.470631529212625,29/11/2023
30/11/2023,0.08443,0.08039,0.08343,62.65411010196348,30/11/2023
01/12/2023,0.0851,0.0823,0.08385,63.22026219039121,01/12/2023
02/12/2023,0.08663,0.08327,0.08617,66.26271473133852,02/12/2023
03/12/2023,0.08738,0.0836,0.08571,65.11261669382695,03/12/2023
04/12/2023,0.0926,0.085,0.09188,72.10601438853058,04/12/2023
05/12/2023,0.0958,0.08746,0.09435,74.32486958097621,05/12/2023
06/12/2023,0.10645,0.09338,0.09493,74.83115725986637,06/12/2023
07/12/2023,0.09828,0.09269,0.09593,75.72012862,07/12/2023
08/12/2023,0.10385,0.09556,0.10164,80.05256648383579,08/12/2023
09/12/2023,0.1051,0.0975,0.09846,72.31362136791824,09/12/2023
10/12/2023,0.10275,0.09665,0.10186,75.08676929669087,10/12/2023
11/12/2023,0.1073,0.09106,0.09413,60.29901130601722,11/12/2023
12/12/2023,0.09802,0.09122,0.09381,59.774194401564216,12/12/2023
13/12/2023,0.09759,0.0898,0.09642,62.631022148110226,13/12/2023
14/12/2023,0.09878,0.09327,0.0983,64.58222577786388,14/12/2023
15/12/2023,0.09879,0.09232,0.09303,55.78848964934816,15/12/2023
16/12/2023,0.09728,0.09152,0.09713,60.31575985,16/12/2023
17/12/2023,0.09784,0.09238,0.09295,54.219875889962104,17/12/2023
18/12/2023,0.09378,0.08638,0.09213,53.08640222268603,18/12/2023
19/12/2023,0.0935,0.08926,0.09023,50.45445678001608,19/12/2023
20/12/2023,0.09334,0.08942,0.0915,52.16173315124832,20/12/2023
21/12/2023,0.098,0.09063,0.09499,56.58871985,21/12/2023
22/12/2023,0.09559,0.09195,0.09499,56.58871985434321,22/12/2023
23/12/2023,0.095,0.09204,0.09346,54.04581438,23/12/2023
24/12/2023,0.09492,0.09026,0.09171,51.211183830637026,24/12/2023
25/12/2023,0.09544,0.09124,0.09435,55.04200512831993,25/12/2023
26/12/2023,0.09445,0.087,0.09135,50.21673028307324,26/12/2023
27/12/2023,0.09386,0.08956,0.09365,53.57684226957602,27/12/2023
28/12/2023,0.09493,0.09107,0.09174,50.52695573919841,28/12/2023
29/12/2023,0.093,0.08843,0.09097,49.30833395185951,29/12/2023
30/12/2023,0.0914,0.0892,0.09,47.74608840261787,30/12/2023
31/12/2023,0.09089,0.08808,0.08955,47.002090679788395,31/12/2023
01/01/2024,0.09207,0.08847,0.09199,51.422205935674235,01/01/2024
02/01/2024,0.09438,0.09035,0.0911,49.79099354307934,02/01/2024
03/01/2024,0.09213,0.075,0.08201,36.91191161019945,03/01/2024
04/01/2024,0.08467,0.08093,0.08401,40.555241340005665,04/01/2024
05/01/2024,0.08483,0.08046,0.08267,38.932953379116775,05/01/2024
06/01/2024,0.08268,0.07833,0.08058,36.48173179362502,06/01/2024
07/01/2024,0.08148,0.07701,0.07824,33.90767850193183,07/01/2024
08/01/2024,0.08177,0.07412,0.0813,39.881352797978955,08/01/2024
09/01/2024,0.08399,0.07642,0.07923,37.41758438966828,09/01/2024
10/01/2024,0.08501,0.07579,0.08307,44.29280804336422,10/01/2024
11/01/2024,0.088,0.08197,0.08456,46.73788559622344,11/01/2024
12/01/2024,0.08544,0.0778,0.08007,40.910650824200474,12/01/2024
13/01/2024,0.08138,0.07861,0.08092,42.375384817493554,13/01/2024
14/01/2024,0.08396,0.07964,0.08003,41.22313580783378,14/01/2024
15/01/2024,0.08178,0.07987,0.08108,43.185920397779256,15/01/2024
16/01/2024,0.08258,0.07986,0.08134,43.68738542657197,16/01/2024
17/01/2024,0.0816,0.07935,0.08059,42.521473929109604,17/01/2024
18/01/2024,0.08081,0.0769,0.07808,38.79042291645795,18/01/2024
19/01/2024,0.07884,0.07484,0.07857,39.89911459733147,19/01/2024
20/01/2024,0.09058,0.07821,0.08777,56.010065006043604,20/01/2024
21/01/2024,0.09046,0.08468,0.08546,52.22455925601096,21/01/2024
22/01/2024,0.08559,0.08012,0.08057,45.25220921442271,22/01/2024
23/01/2024,0.08189,0.076,0.07821,42.31593780565915,23/01/2024
24/01/2024,0.08066,0.07754,0.07904,43.699564514695204,24/01/2024
25/01/2024,0.07925,0.07711,0.07795,42.26577619392908,25/01/2024
26/01/2024,0.08035,0.07753,0.07985,45.61539724,26/01/2024
27/01/2024,0.0807,0.07902,0.08014,46.129139552764556,27/01/2024
28/01/2024,0.08149,0.07818,0.07882,44.08765097869674,28/01/2024
29/01/2024,0.08306,0.07816,0.08135,48.76766370594427,29/01/2024
30/01/2024,0.08219,0.07939,0.07972,46.09092204416341,30/01/2024
31/01/2024,0.08028,0.078,0.07875,44.524731385678116,31/01/2024
01/02/2024,0.07986,0.07728,0.07937,45.79265191314486,01/02/2024
02/02/2024,0.07996,0.07858,0.07928,45.629619121080715,02/02/2024
03/02/2024,0.07951,0.07853,0.07874,44.60353172532738,03/02/2024
04/02/2024,0.07998,0.07775,0.07831,43.75967069131617,04/02/2024
05/02/2024,0.08031,0.07735,0.07835,43.86606133113238,05/02/2024
06/02/2024,0.07923,0.07773,0.07849,44.263479889501184,06/02/2024
07/02/2024,0.08032,0.07816,0.08013,48.833410382656695,07/02/2024
08/02/2024,0.08087,0.07935,0.07987,48.15924936433005,08/02/2024
09/02/2024,0.08222,0.07986,0.08155,52.70286927454611,09/02/2024
10/02/2024,0.08214,0.0803,0.08142,52.32072861407323,10/02/2024
11/02/2024,0.08358,0.08075,0.08123,51.73035171825156,11/02/2024
12/02/2024,0.08287,0.07946,0.08223,54.63194673354058,12/02/2024
13/02/2024,0.08297,0.07968,0.08105,50.75484780499479,13/02/2024
14/02/2024,0.087,0.08047,0.0855,61.77269165503894,14/02/2024
15/02/2024,0.08824,0.08392,0.08528,61.045524404831255,15/02/2024
16/02/2024,0.08799,0.08392,0.08591,62.41014216990346,16/02/2024
17/02/2024,0.08606,0.08192,0.08356,54.71103157464693,17/02/2024
18/02/2024,0.08572,0.08282,0.08517,58.489262773322096,18/02/2024
19/02/2024,0.09084,0.08502,0.08942,66.44678674787534,19/02/2024
20/02/2024,0.09155,0.0826,0.08615,57.33903119188728,20/02/2024
21/02/2024,0.08627,0.08196,0.08457,53.52168803747906,21/02/2024
22/02/2024,0.08551,0.08302,0.0841,52.40405004074479,22/02/2024
23/02/2024,0.08553,0.08285,0.08451,53.31979552922473,23/02/2024
24/02/2024,0.08637,0.08386,0.08615,56.892539554054416,24/02/2024
25/02/2024,0.08682,0.08521,0.08612,56.806888592123364,25/02/2024
26/02/2024,0.09,0.08415,0.08923,63.02194171399337,26/02/2024
27/02/2024,0.10066,0.08844,0.09758,73.8863964,27/02/2024
28/02/2024,0.12333,0.09417,0.11585,84.56925499321001,28/02/2024
29/02/2024,0.135,0.11132,0.11732,85.09750924866516,29/02/2024
01/03/2024,0.14561,0.11704,0.13934,90.39946586,01/03/2024
02/03/2024,0.151,0.13579,0.14196,90.81804826900634,02/03/2024
03/03/2024,0.15629,0.12356,0.15347,92.38817014686758,03/03/2024
04/03/2024,0.18518,0.14424,0.18196,94.77147409615313,04/03/2024
05/03/2024,0.20637,0.126,0.15304,70.60487357527937,05/03/2024
06/03/2024,0.17981,0.1461,0.15784,71.88627147077008,06/03/2024
07/03/2024,0.1623,0.14637,0.15764,71.74593214100001,07/03/2024
08/03/2024,0.176,0.155,0.16457,73.66444138702303,08/03/2024
09/03/2024,0.18486,0.16288,0.17875,77.09208839941348,09/03/2024
10/03/2024,0.17965,0.16526,0.16997,70.93576036433531,10/03/2024
11/03/2024,0.18315,0.15986,0.182,73.99948474,11/03/2024
12/03/2024,0.1835,0.155,0.16816,65.45146974245358,12/03/2024
13/03/2024,0.17444,0.16481,0.16897,65.70118741,13/03/2024
14/03/2024,0.19289,0.165,0.17719,68.21221481467619,14/03/2024
15/03/2024,0.18142,0.151,0.16357,60.33084432659551,15/03/2024
16/03/2024,0.16524,0.138,0.14253,50.603891316402596,16/03/2024
17/03/2024,0.15936,0.1366,0.15428,54.97019827209936,17/03/2024
18/03/2024,0.15432,0.14,0.14353,50.56629341653113,18/03/2024
19/03/2024,0.14517,0.1252,0.12881,45.22360515961901,19/03/2024
20/03/2024,0.15327,0.12253,0.15209,53.57746876,20/03/2024
21/03/2024,0.15998,0.14649,0.15537,54.627405425138114,21/03/2024
22/03/2024,0.165,0.14528,0.15292,53.65131163202943,22/03/2024
23/03/2024,0.175,0.15164,0.1619,56.70492737185147,23/03/2024
24/03/2024,0.18,0.16097,0.17651,61.185462765572204,24/03/2024
25/03/2024,0.18726,0.17,0.17526,60.607549524180754,25/03/2024
26/03/2024,0.18707,0.174,0.1823,62.74197760142782,26/03/2024
27/03/2024,0.19185,0.1787,0.19047,65.10498966885888,27/03/2024
28/03/2024,0.22888,0.1892,0.22001,72.01584058144697,28/03/2024
29/03/2024,0.22494,0.20636,0.213,68.54650949281248,29/03/2024
30/03/2024,0.21692,0.19611,0.19912,62.161049563864445,30/03/2024
31/03/2024,0.2243,0.19908,0.22,67.12272513156104,31/03/2024
01/04/2024,0.22003,0.19709,0.20503,60.95178026772922,01/04/2024
02/04/2024,0.20517,0.18,0.18248,53.04125524845192,02/04/2024
03/04/2024,0.1875,0.17002,0.17522,50.75727688398747,03/04/2024
04/04/2024,0.18837,0.17189,0.17998,52.21028372764236,04/04/2024
05/04/2024,0.18076,0.16733,0.1772,51.258982394713605,05/04/2024
06/04/2024,0.18785,0.1764,0.18577,54.03914900193403,06/04/2024
07/04/2024,0.2052,0.18544,0.19887,57.98429469367227,07/04/2024
08/04/2024,0.21,0.19551,0.2026,59.06181578590789,08/04/2024
09/04/2024,0.20346,0.18496,0.18912,53.701770378349934,09/04/2024
10/04/2024,0.2028,0.18006,0.19971,57.00310481159251,10/04/2024
11/04/2024,0.20358,0.18974,0.1938,54.66062459762269,11/04/2024
12/04/2024,0.2013,0.16059,0.17403,47.61209421,12/04/2024
13/04/2024,0.17586,0.13024,0.15254,41.36758159113672,13/04/2024
14/04/2024,0.16505,0.14369,0.16212,44.84065633939679,14/04/2024
15/04/2024,0.169,0.15027,0.16123,44.57648159841561,15/04/2024
16/04/2024,0.16247,0.14628,0.156,42.97425459298415,16/04/2024
17/04/2024,0.15873,0.14431,0.14756,40.44765156196818,17/04/2024
18/04/2024,0.15381,0.14083,0.15221,42.45503876792203,18/04/2024
19/04/2024,0.15722,0.139,0.15633,44.24820303430534,19/04/2024
20/04/2024,0.165,0.1502,0.1626,46.95711516555042,20/04/2024
21/04/2024,0.16586,0.15505,0.15825,45.31214849624143,21/04/2024
22/04/2024,0.16343,0.15647,0.1612,46.67639435758457,22/04/2024
23/04/2024,0.163,0.15682,0.15979,46.084642289965906,23/04/2024
24/04/2024,0.1645,0.14934,0.15139,42.61821129973977,24/04/2024
25/04/2024,0.15446,0.14743,0.15127,42.56894999400448,25/04/2024
26/04/2024,0.15178,0.14683,0.148,41.17236396183993,26/04/2024
27/04/2024,0.14972,0.14233,0.14776,41.065875142742414,27/04/2024
28/04/2024,0.15109,0.146,0.1467,40.56682006317249,28/04/2024
29/04/2024,0.14809,0.13959,0.14342,38.987935779282694,29/04/2024
30/04/2024,0.14601,0.12916,0.13339,34.558521848917295,30/04/2024
01/05/2024,0.13395,0.1201,0.13021,33.26803367819731,01/05/2024
02/05/2024,0.13446,0.12407,0.13189,34.65628951007204,02/05/2024
03/05/2024,0.14799,0.13113,0.14604,45.029176957533096,03/05/2024
04/05/2024,0.17,0.14572,0.16012,53.02075908862384,04/05/2024
05/05/2024,0.16349,0.15454,0.16098,53.465752623919386,05/05/2024
06/05/2024,0.16915,0.15399,0.15648,50.756567412717374,06/05/2024
07/05/2024,0.15992,0.14924,0.14999,47.05341942830264,07/05/2024
08/05/2024,0.152,0.14206,0.14324,43.49874893174216,08/05/2024
09/05/2024,0.15423,0.14311,0.1522,49.00578580096914,09/05/2024
10/05/2024,0.15387,0.14224,0.14389,44.65828511,10/05/2024
11/05/2024,0.14626,0.14247,0.14306,44.236169354070604,11/05/2024
12/05/2024,0.14446,0.13899,0.14123,43.26515539657274,12/05/2024
13/05/2024,0.15765,0.13579,0.14864,48.22137223381752,13/05/2024
14/05/2024,0.15516,0.14429,0.14552,46.38403032805281,14/05/2024
15/05/2024,0.157,0.14525,0.15534,52.51649133150255,15/05/2024
16/05/2024,0.15931,0.14825,0.14972,49.05819869935563,16/05/2024
17/05/2024,0.15692,0.14922,0.15555,52.54902395407691,17/05/2024
18/05/2024,0.1569,0.15123,0.15302,50.918358553561134,18/05/2024
19/05/2024,0.15604,0.1474,0.14908,48.399512782776874,19/05/2024
20/05/2024,0.16636,0.14767,0.16573,57.88156079274969,20/05/2024
21/05/2024,0.1733,0.16071,0.17024,60.02440347432066,21/05/2024
22/05/2024,0.17461,0.16174,0.16628,57.26926787909786,22/05/2024
23/05/2024,0.16941,0.15171,0.15973,52.94077951733155,23/05/2024
24/05/2024,0.17328,0.155,0.16386,55.238074771591045,24/05/2024
25/05/2024,0.17438,0.1627,0.17402,60.36418790607888,25/05/2024
26/05/2024,0.175,0.16551,0.16621,55.13703893,26/05/2024
27/05/2024,0.1735,0.16416,0.16908,56.62350671244106,27/05/2024
28/05/2024,0.16982,0.16157,0.16497,53.87076588171457,28/05/2024
29/05/2024,0.17087,0.16208,0.16386,53.119679565684095,29/05/2024
30/05/2024,0.1657,0.15642,0.15946,50.13568496136945,30/05/2024
31/05/2024,0.16261,0.15431,0.15898,49.806980164329694,31/05/2024
01/06/2024,0.16199,0.1584,0.16031,50.770106096027746,01/06/2024
02/06/2024,0.16137,0.15469,0.1571,48.35826581822135,02/06/2024
03/06/2024,0.16346,0.15579,0.15835,49.36697053,03/06/2024
04/06/2024,0.16194,0.15706,0.16136,51.80803383766581,04/06/2024
05/06/2024,0.16486,0.16117,0.16326,53.337312628641705,05/06/2024
06/06/2024,0.16579,0.15831,0.16016,50.52041105755662,06/06/2024
07/06/2024,0.16213,0.14,0.1482,41.42955159770957,07/06/2024
08/06/2024,0.14879,0.1435,0.14588,39.92861015,08/06/2024
09/06/2024,0.14916,0.14492,0.14679,40.83405789801335,09/06/2024
10/06/2024,0.14795,0.14325,0.14478,39.420677245862365,10/06/2024
11/06/2024,0.14519,0.13364,0.13806,35.052381528138554,11/06/2024
12/06/2024,0.15096,0.13458,0.14621,43.263850018390045,12/06/2024
13/06/2024,0.1465,0.14009,0.1411,39.86092090306982,13/06/2024
14/06/2024,0.14343,0.13189,0.13499,36.19501362469289,14/06/2024
15/06/2024,0.13785,0.13361,0.13677,37.984377763389446,15/06/2024
16/06/2024,0.13768,0.13467,0.13713,38.360880137998606,16/06/2024
17/06/2024,0.13822,0.12601,0.12879,33.314821045530806,17/06/2024
18/06/2024,0.12929,0.11338,0.12225,29.984010910556435,18/06/2024
19/06/2024,0.12679,0.12141,0.12247,30.23668987,19/06/2024
20/06/2024,0.129,0.12134,0.12455,32.70928132,20/06/2024
21/06/2024,0.12574,0.12138,0.12418,32.48869397141374,21/06/2024
22/06/2024,0.12556,0.1229,0.12375,32.21677277834125,22/06/2024
23/06/2024,0.1264,0.1209,0.12222,31.215642177834056,23/06/2024
24/06/2024,0.12395,0.11354,0.11902,29.17369997457328,24/06/2024
25/06/2024,0.12862,0.11882,0.12615,38.78253521034875,25/06/2024
26/06/2024,0.12865,0.1218,0.12276,36.263464619100304,26/06/2024
27/06/2024,0.12846,0.12061,0.12711,41.51318704412086,27/06/2024
28/06/2024,0.12851,0.12217,0.12306,38.34637253810884,28/06/2024
29/06/2024,0.1244,0.12138,0.1219,37.46482069618866,29/06/2024
30/06/2024,0.12564,0.1205,0.12448,40.728559908567966,30/06/2024
01/07/2024,0.1275,0.12322,0.12352,39.89423087434762,01/07/2024
02/07/2024,0.12544,0.12247,0.1253,42.25621514865795,02/07/2024
03/07/2024,0.12555,0.11683,0.11849,36.367902166529994,03/07/2024
04/07/2024,0.11914,0.10385,0.10502,28.04372732,04/07/2024
05/07/2024,0.10652,0.09136,0.10547,28.63143250940813,05/07/2024
06/07/2024,0.11416,0.10468,0.11343,38.24047378590724,06/07/2024
07/07/2024,0.1135,0.1036,0.10415,32.71097071780949,07/07/2024
08/07/2024,0.1114,0.09874,0.10758,36.37310605,08/07/2024
09/07/2024,0.10954,0.10579,0.10756,36.36067972395579,09/07/2024
10/07/2024,0.11053,0.10572,0.108,36.87164819635157,10/07/2024
11/07/2024,0.11247,0.10615,0.10664,35.91185573400698,11/07/2024
12/07/2024,0.10831,0.10477,0.10769,37.26953860692877,12/07/2024
13/07/2024,0.113,0.10728,0.11231,42.99213096,13/07/2024
14/07/2024,0.11698,0.1111,0.11535,46.45360334148656,14/07/2024
15/07/2024,0.12555,0.11457,0.1249,55.57860108739788,15/07/2024
16/07/2024,0.12784,0.11891,0.12478,55.45073000516021,16/07/2024
17/07/2024,0.12769,0.12032,0.12178,52.216315715345445,17/07/2024
18/07/2024,0.12397,0.11715,0.11956,49.89690127,18/07/2024
19/07/2024,0.12604,0.11742,0.12543,55.522655924527704,19/07/2024
20/07/2024,0.13582,0.1243,0.13424,62.35468395847623,20/07/2024
21/07/2024,0.14373,0.12576,0.14026,66.17780343,21/07/2024
22/07/2024,0.1427,0.13581,0.13776,63.30267540105986,22/07/2024
23/07/2024,0.13923,0.12807,0.13031,55.556604275249846,23/07/2024
24/07/2024,0.13482,0.12688,0.12795,53.33035247910622,24/07/2024
25/07/2024,0.12873,0.1201,0.12526,50.83009645,25/07/2024
26/07/2024,0.13496,0.12504,0.13419,57.88833461563614,26/07/2024
27/07/2024,0.13878,0.13011,0.13144,55.25772807432544,27/07/2024
28/07/2024,0.13186,0.12809,0.13004,53.91449792670506,28/07/2024
29/07/2024,0.13509,0.12755,0.12843,52.33883266061353,29/07/2024
30/07/2024,0.1307,0.1232,0.12551,49.51255150845956,30/07/2024
31/07/2024,0.12736,0.1212,0.12192,46.20876502241138,31/07/2024
01/08/2024,0.12312,0.11211,0.11899,43.648840103764776,01/08/2024
02/08/2024,0.11975,0.11017,0.11154,37.89959560973229,02/08/2024
03/08/2024,0.11475,0.10518,0.10811,35.576215092331694,03/08/2024
04/08/2024,0.10944,0.099,0.10375,32.821824427320735,04/08/2024
05/08/2024,0.1043,0.0805,0.09436,27.82528612605026,05/08/2024
06/08/2024,0.10151,0.09405,0.09645,30.366211466106208,06/08/2024
07/08/2024,0.10208,0.09428,0.09558,29.894415150784127,07/08/2024
08/08/2024,0.108,0.09354,0.10748,42.950871942820285,08/08/2024
09/08/2024,0.10782,0.1016,0.10386,40.48102247300982,09/08/2024
10/08/2024,0.10592,0.10288,0.10518,41.79535776155519,10/08/2024
11/08/2024,0.11099,0.10004,0.10059,38.60311103550753,11/08/2024
12/08/2024,0.10872,0.1001,0.10791,45.72291444164877,12/08/2024
13/08/2024,0.10904,0.10336,0.10636,44.54496788499456,13/08/2024
14/08/2024,0.10694,0.10136,0.1024,41.59649847141988,14/08/2024
15/08/2024,0.10495,0.09789,0.10021,40.01889909399541,15/08/2024
16/08/2024,0.10207,0.09745,0.10035,40.175102507274005,16/08/2024
17/08/2024,0.10372,0.10001,0.10275,42.91940794099409,17/08/2024
18/08/2024,0.10446,0.1,0.10004,40.65177514392712,18/08/2024
19/08/2024,0.10193,0.09857,0.10133,42.216815647206516,19/08/2024
20/08/2024,0.10581,0.10107,0.10289,44.13537102057581,20/08/2024
21/08/2024,0.10797,0.10212,0.10615,48.01947804345093,21/08/2024
22/08/2024,0.10689,0.104,0.10525,47.04696491351072,22/08/2024
23/08/2024,0.11546,0.10522,0.11293,55.35590223437541,23/08/2024
24/08/2024,0.115,0.11074,0.11258,54.932865204053904,24/08/2024
25/08/2024,0.11287,0.10778,0.10959,51.324371760468104,25/08/2024
26/08/2024,0.11032,0.10442,0.1052,46.49512795508436,26/08/2024
27/08/2024,0.10653,0.09633,0.09891,40.60048482317278,27/08/2024
28/08/2024,0.1019,0.09682,0.09964,41.52702059571304,28/08/2024
29/08/2024,0.10259,0.09827,0.10037,42.49303679,29/08/2024
30/08/2024,0.10315,0.09697,0.10177,44.390477489012156,30/08/2024
31/08/2024,0.10239,0.10035,0.10128,43.84519381,31/08/2024
01/09/2024,0.10153,0.09388,0.09509,37.567201512533146,01/09/2024
02/09/2024,0.09992,0.09409,0.09912,43.26311462780125,02/09/2024
03/09/2024,0.10081,0.09639,0.09677,40.91877424350078,03/09/2024
04/09/2024,0.09951,0.09184,0.098,42.669861588714085,04/09/2024
05/09/2024,0.09917,0.096,0.09842,43.287966781963796,05/09/2024
06/09/2024,0.09944,0.08893,0.09254,37.23529744418948,06/09/2024
07/09/2024,0.0957,0.09175,0.09539,41.50457031666452,07/09/2024
08/09/2024,0.09699,0.09383,0.09616,42.63978950610677,08/09/2024
09/09/2024,0.10495,0.09571,0.10376,52.448830347708274,09/09/2024
10/09/2024,0.1046,0.10153,0.1028,51.25647188131353,10/09/2024
11/09/2024,0.10305,0.09785,0.10131,49.38008418316046,11/09/2024
12/09/2024,0.10334,0.10044,0.10269,51.16327532707104,12/09/2024
13/09/2024,0.10857,0.10179,0.10696,56.293707177798424,13/09/2024
14/09/2024,0.1077,0.1043,0.1054,54.05931531442488,14/09/2024
15/09/2024,0.10642,0.10212,0.10281,50.47708420895377,15/09/2024
16/09/2024,0.10324,0.09834,0.09964,46.42241893294185,16/09/2024
17/09/2024,0.10266,0.0987,0.10112,48.502287182866034,17/09/2024
18/09/2024,0.10388,0.09932,0.10385,52.189211670360514,18/09/2024
19/09/2024,0.10713,0.10343,0.10499,53.68051807407222,19/09/2024
20/09/2024,0.10749,0.1036,0.10555,54.432426139469676,20/09/2024
21/09/2024,0.11049,0.10404,0.10993,59.91354775930322,21/09/2024
22/09/2024,0.10998,0.10378,0.10633,54.14837850168018,22/09/2024
23/09/2024,0.10919,0.1041,0.10807,56.335375494409085,23/09/2024
24/09/2024,0.11066,0.10676,0.10979,58.44534902944131,24/09/2024
25/09/2024,0.11115,0.10801,0.10849,56.233566145392935,25/09/2024
26/09/2024,0.1207,0.10698,0.11818,66.43109277902715,26/09/2024
27/09/2024,0.12873,0.11698,0.12351,70.50235559191135,27/09/2024
28/09/2024,0.1321,0.1201,0.12806,73.46132234,28/09/2024
29/09/2024,0.13044,0.12435,0.12438,67.55857324124321,29/09/2024
30/09/2024,0.12466,0.11325,0.11421,54.52050451985211,30/09/2024
01/10/2024,0.11935,0.1026,0.10685,47.39227181397572,01/10/2024
02/10/2024,0.10951,0.10223,0.10462,45.45318156321879,02/10/2024
03/10/2024,0.1068,0.10108,0.10507,45.933918754686644,03/10/2024
04/10/2024,0.11059,0.10475,0.10924,50.30472560381334,04/10/2024
05/10/2024,0.11025,0.10747,0.1094,50.47017763520975,05/10/2024
06/10/2024,0.11291,0.10839,0.11159,52.78717639299357,06/10/2024
07/10/2024,0.11547,0.10823,0.10841,49.18890532636322,07/10/2024
08/10/2024,0.10986,0.10523,0.10709,47.73435745131486,08/10/2024
09/10/2024,0.11153,0.10608,0.10794,48.784603555525415,09/10/2024
10/10/2024,0.10865,0.10311,0.10603,46.52237844,10/10/2024
11/10/2024,0.11144,0.10566,0.11077,52.419157129017705,11/10/2024
12/10/2024,0.11219,0.10933,0.11138,53.13534075159584,12/10/2024
13/10/2024,0.11211,0.10864,0.1114,53.16023458677526,13/10/2024
14/10/2024,0.11771,0.10931,0.11669,59.315978951982366,14/10/2024
15/10/2024,0.11932,0.11016,0.11748,60.15807623789487,15/10/2024
16/10/2024,0.12999,0.1158,0.12573,67.68129778,16/10/2024
17/10/2024,0.131,0.12048,0.12967,70.54212675988592,17/10/2024
18/10/2024,0.14083,0.12952,0.13716,75.06150335632756,18/10/2024
19/10/2024,0.147,0.13702,0.14407,78.35999516410511,19/10/2024
20/10/2024,0.14573,0.13721,0.14214,75.36179702,20/10/2024
21/10/2024,0.14975,0.13816,0.14367,76.14115007307251,21/10/2024
22/10/2024,0.14849,0.1365,0.1397,69.95752161818837,22/10/2024
23/10/2024,0.14101,0.13312,0.13997,70.13516214668947,23/10/2024
24/10/2024,0.14384,0.1363,0.14188,71.4224781,24/10/2024
25/10/2024,0.14277,0.12779,0.13161,57.15621545771637,25/10/2024
26/10/2024,0.13822,0.13071,0.13747,61.839986681231814,26/10/2024
27/10/2024,0.14631,0.13607,0.14426,66.42072983960924,27/10/2024
28/10/2024,0.16261,0.14115,0.16146,74.70429895148823,28/10/2024
29/10/2024,0.1798,0.16054,0.17586,79.30678903414557,29/10/2024
30/10/2024,0.17789,0.16447,0.16828,71.89170121364252,30/10/2024
31/10/2024,0.17364,0.15646,0.16164,66.06452925448826,31/10/2024
01/11/2024,0.169,0.15415,0.15916,63.978681323653475,01/11/2024
02/11/2024,0.16372,0.15546,0.15955,64.17026368,02/11/2024
03/11/2024,0.15993,0.14219,0.15139,57.30300306084098,03/11/2024
04/11/2024,0.16034,0.14817,0.15822,61.05936919703594,04/11/2024
05/11/2024,0.17956,0.15796,0.16999,66.52490612001688,05/11/2024
06/11/2024,0.21936,0.16901,0.19646,75.01731833191504,06/11/2024
07/11/2024,0.20435,0.18535,0.19324,72.60431291882088,07/11/2024
08/11/2024,0.20699,0.19052,0.20197,74.95631671892423,08/11/2024
09/11/2024,0.22,0.19737,0.2189,78.76396371602597,09/11/2024
10/11/2024,0.29784,0.21659,0.27778,86.46910409393115,10/11/2024
11/11/2024,0.3515,0.27244,0.35136,90.90846859900299,11/11/2024
12/11/2024,0.43858,0.327,0.37985,92.00257991648705,12/11/2024
13/11/2024,0.4341,0.35121,0.39903,92.64435936758666,13/11/2024
14/11/2024,0.41672,0.35229,0.36254,79.56289352720856,14/11/2024
15/11/2024,0.385,0.35261,0.3815,81.05940547621219,15/11/2024
16/11/2024,0.39148,0.35982,0.36421,75.62131591997718,16/11/2024
17/11/2024,0.3758,0.34,0.36704,75.90623642881093,17/11/2024
18/11/2024,0.3808,0.3574,0.37113,76.33667461,18/11/2024
19/11/2024,0.42,0.36601,0.39067,78.32862509,19/11/2024
20/11/2024,0.39668,0.36464,0.37778,73.90873400375463,20/11/2024
21/11/2024,0.39564,0.36883,0.38664,74.95485080143824,21/11/2024
22/11/2024,0.42043,0.3808,0.41277,77.78391569,22/11/2024
23/11/2024,0.48,0.40404,0.43015,79.44691245731089,23/11/2024
24/11/2024,0.4536,0.39811,0.43023,79.45453613870758,24/11/2024
25/11/2024,0.4377,0.38085,0.39264,66.89804937808395,25/11/2024
26/11/2024,0.4088,0.365,0.38705,65.24672523262058,26/11/2024
27/11/2024,0.40777,0.38025,0.40093,67.39860220906192,27/11/2024
28/11/2024,0.42877,0.39111,0.4016,67.50320235512648,28/11/2024
29/11/2024,0.43744,0.39945,0.42636,71.18286040326355,29/11/2024
30/11/2024,0.43569,0.41378,0.4216,69.55236421402748,30/11/2024
01/12/2024,0.44977,0.41622,0.44045,72.26198671162646,01/12/2024
02/12/2024,0.46357,0.4003,0.42457,66.86354474193139,02/12/2024
03/12/2024,0.42966,0.388,0.40632,61.20454984952776,03/12/2024
04/12/2024,0.43656,0.4,0.43274,65.72684237482535,04/12/2024
05/12/2024,0.4655,0.40675,0.42682,63.928606447571326,05/12/2024
06/12/2024,0.44147,0.41976,0.43467,65.28490378251207,06/12/2024
07/12/2024,0.46625,0.43057,0.45281,68.25530713566191,07/12/2024
08/12/2024,0.48434,0.446,0.46635,70.29820130317077,08/12/2024
09/12/2024,0.46739,0.38,0.41403,55.44902382106743,09/12/2024
10/12/2024,0.42302,0.36537,0.39392,50.99063799233078,10/12/2024
11/12/2024,0.41909,0.3751,0.41402,54.89439624532916,11/12/2024
12/12/2024,0.42495,0.40116,0.40611,53.10181702501326,12/12/2024
13/12/2024,0.41228,0.39906,0.40901,53.69878214566796,13/12/2024
14/12/2024,0.414,0.38734,0.39828,51.106652135456606,14/12/2024
15/12/2024,0.41131,0.3924,0.40659,52.99893487897057,15/12/2024
16/12/2024,0.415,0.39239,0.40195,51.79358299990519,16/12/2024
17/12/2024,0.41032,0.39104,0.39415,49.74543540626489,17/12/2024
18/12/2024,0.39639,0.35105,0.35824,41.59105894551208,18/12/2024
19/12/2024,0.36734,0.30001,0.31431,34.20437298,19/12/2024
20/12/2024,0.32907,0.26216,0.31793,35.225282458335656,20/12/2024
21/12/2024,0.35,0.31395,0.32042,35.96133352459921,21/12/2024
22/12/2024,0.3246,0.3051,0.31262,34.63369105692628,22/12/2024
23/12/2024,0.32882,0.3028,0.32497,38.50486885389415,23/12/2024
24/12/2024,0.34053,0.3162,0.3371,42.12997990954096,24/12/2024
25/12/2024,0.34221,0.32549,0.33433,41.52794089928139,25/12/2024
26/12/2024,0.338,0.30837,0.31274,37.080259201304415,26/12/2024
27/12/2024,0.32488,0.30873,0.31186,36.906753456826706,27/12/2024
28/12/2024,0.32758,0.31133,0.32439,41.130651336149995,28/12/2024
29/12/2024,0.3297,0.31192,0.31435,38.88432707669206,29/12/2024
30/12/2024,0.32326,0.30666,0.31396,38.79569193566077,30/12/2024
31/12/2024,0.3291,0.3093,0.316,39.57162191890728,31/12/2024
01/01/2025,0.32749,0.31195,0.32513,43.05137990616216,01/01/2025
02/01/2025,0.345,0.3246,0.33893,47.93196904575263,02/01/2025
03/01/2025,0.38944,0.33599,0.37989,59.12833163879233,03/01/2025
04/01/2025,0.39876,0.37642,0.39483,62.31170531099626,04/01/2025
05/01/2025,0.39788,0.37516,0.3823,58.21631654504715,05/01/2025
06/01/2025,0.39555,0.376,0.38782,59.47980058908215,06/01/2025
07/01/2025,0.39831,0.34713,0.348,48.165114754936184,07/01/2025
08/01/2025,0.35558,0.32444,0.3423,46.79293328676569,08/01/2025
09/01/2025,0.34686,0.3143,0.321,41.97999031715884,09/01/2025
10/01/2025,0.33983,0.32091,0.33388,45.622263482312235,10/01/2025
11/01/2025,0.34817,0.32956,0.3412,47.634236082531395,11/01/2025
12/01/2025,0.34355,0.33168,0.33591,46.300959648925485,12/01/2025
13/01/2025,0.34628,0.30969,0.33807,46.953846108005564,13/01/2025
14/01/2025,0.3622,0.33585,0.35591,52.130571865494964,14/01/2025
15/01/2025,0.38777,0.3483,0.38537,59.20971332714872,15/01/2025
16/01/2025,0.39021,0.36761,0.37649,56.49754383781096,16/01/2025
17/01/2025,0.42215,0.37549,0.41525,64.20486356903838,17/01/2025
18/01/2025,0.43408,0.38355,0.39641,58.755796779274775,18/01/2025
19/01/2025,0.40998,0.34684,0.3584,49.60815883901437,19/01/2025
20/01/2025,0.38663,0.34486,0.35456,48.781864680901016,20/01/2025
21/01/2025,0.40382,0.33572,0.37177,52.59303254520689,21/01/2025
22/01/2025,0.3738,0.35506,0.36291,50.50929435803966,22/01/2025
23/01/2025,0.36457,0.34143,0.35206,48.00117881151511,23/01/2025
24/01/2025,0.36471,0.34278,0.35085,47.716610758021815,24/01/2025
25/01/2025,0.36165,0.34543,0.35352,48.44293905937079,25/01/2025
26/01/2025,0.35743,0.335,0.33605,44.12369780511131,26/01/2025
27/01/2025,0.33714,0.3051,0.33397,43.624965854304456,27/01/2025
28/01/2025,0.33914,0.315,0.31871,40.048474721994545,28/01/2025
29/01/2025,0.33488,0.3167,0.32404,41.841925375723584,29/01/2025
30/01/2025,0.33881,0.32201,0.33153,44.36081560628969,30/01/2025
31/01/2025,0.34177,0.32346,0.3289,43.64598662619887,31/01/2025
01/02/2025,0.33227,0.30328,0.30792,38.33867974207779,01/02/2025
02/02/2025,0.31487,0.25001,0.26808,30.703541756194085,02/02/2025
03/02/2025,0.29295,0.20178,0.28485,36.441432248314314,03/02/2025
04/02/2025,0.289,0.25525,0.26345,32.71838560054749,04/02/2025
05/02/2025,0.26914,0.25333,0.25619,31.54108543356898,05/02/2025
06/02/2025,0.26596,0.24274,0.24789,30.203036188845957,06/02/2025
07/02/2025,0.26178,0.23866,0.24651,29.975345465450218,07/02/2025
08/02/2025,0.25417,0.24447,0.25288,32.50472013861359,08/02/2025
09/02/2025,0.26,0.23975,0.2489,31.733447768448087,09/02/2025
10/02/2025,0.25647,0.24158,0.25542,34.47633971568541,10/02/2025
11/02/2025,0.27034,0.24839,0.25305,33.942476873416425,11/02/2025
12/02/2025,0.26734,0.24661,0.26418,38.739999591314636,12/02/2025
13/02/2025,0.26718,0.25333,0.26245,38.27468994,13/02/2025
14/02/2025,0.28676,0.26078,0.2718,42.307883884246884,14/02/2025
15/02/2025,0.28328,0.26823,0.27174,42.28878819277238,15/02/2025
16/02/2025,0.2742,0.26346,0.26555,40.269428719743935,16/02/2025
17/02/2025,0.26885,0.25369,0.25819,37.94903852570643,17/02/2025
18/02/2025,0.25987,0.24214,0.25137,35.885575406995315,18/02/2025
19/02/2025,0.2555,0.2489,0.2548,37.719750149626876,19/02/2025
20/02/2025,0.25758,0.24988,0.25474,37.69943305550294,20/02/2025
21/02/2025,0.26134,0.23439,0.23966,32.902569407976344,21/02/2025
22/02/2025,0.2478,0.23806,0.24656,36.86125433037955,22/02/2025
23/02/2025,0.24758,0.2404,0.24285,35.64356721335794,23/02/2025
24/02/2025,0.24397,0.206,0.21043,27.19061495748602,24/02/2025
25/02/2025,0.21465,0.19557,0.21158,27.844298305498015,25/02/2025
26/02/2025,0.21409,0.1961,0.20355,26.083353003655006,26/02/2025
27/02/2025,0.21159,0.20101,0.20687,28.10776451574904,27/02/2025
28/02/2025,0.20727,0.18154,0.20184,26.905467769525345,28/02/2025
01/03/2025,0.209,0.19934,0.20673,30.03853571576137,01/03/2025
02/03/2025,0.24218,0.20169,0.23931,46.494120881159276,02/03/2025
03/03/2025,0.24062,0.19328,0.19913,35.427044669708664,03/03/2025
04/03/2025,0.20232,0.18279,0.19905,35.408972390758734,04/03/2025
05/03/2025,0.20664,0.1961,0.20471,37.82555176211114,05/03/2025
06/03/2025,0.22,0.19901,0.20153,36.98823864826169,06/03/2025
07/03/2025,0.2087,0.1902,0.19844,36.150830951195026,07/03/2025
08/03/2025,0.20086,0.19109,0.19234,34.49074012300619,08/03/2025
09/03/2025,0.19423,0.16534,0.16809,28.823987896834126,09/03/2025
10/03/2025,0.18095,0.1504,0.15408,26.15080961114826,10/03/2025
11/03/2025,0.16862,0.1428,0.16454,31.275456591800634,11/03/2025
12/03/2025,0.17418,0.15954,0.17244,34.94713578334628,12/03/2025
13/03/2025,0.17296,0.16172,0.16523,33.20359988486591,13/03/2025
14/03/2025,0.17626,0.16462,0.17194,36.384529005948956,14/03/2025
15/03/2025,0.17786,0.17121,0.17594,38.27168377910099,15/03/2025
16/03/2025,0.17685,0.1657,0.16817,36.035434339236836,16/03/2025
17/03/2025,0.17622,0.16801,0.17332,38.59642064778977,17/03/2025
18/03/2025,0.17349,0.16275,0.16802,36.95653931720071,18/03/2025
19/03/2025,0.1788,0.16678,0.17799,41.95285877398487,19/03/2025
20/03/2025,0.17919,0.16661,0.16949,39.107245780927904,20/03/2025
21/03/2025,0.17158,0.16468,0.16727,38.375124874256365,21/03/2025
22/03/2025,0.16979,0.16658,0.16737,38.43103869,22/03/2025
23/03/2025,0.17261,0.16705,0.1726,41.424446154210116,23/03/2025
24/03/2025,0.18908,0.17068,0.183,46.948040470580295,24/03/2025
25/03/2025,0.19362,0.18084,0.19062,50.62208514,25/03/2025
26/03/2025,0.20585,0.18932,0.1949,52.60738958,26/03/2025
27/03/2025,0.2006,0.18771,0.19046,50.34596094905202,27/03/2025
28/03/2025,0.1929,0.17721,0.18024,45.497778695097004,28/03/2025
29/03/2025,0.18273,0.16584,0.16957,41.05293289322111,29/03/2025
30/03/2025,0.17241,0.16443,0.16652,39.854365367784226,30/03/2025
31/03/2025,0.16839,0.16005,0.16666,39.94104338735917,31/03/2025
01/04/2025,0.17576,0.16601,0.17398,44.4488536,01/04/2025
02/04/2025,0.18012,0.16194,0.16383,39.96912108582279,02/04/2025
03/04/2025,0.16745,0.15536,0.16231,39.32986307101818,03/04/2025
04/04/2025,0.17282,0.15998,0.17128,44.92767769373174,04/04/2025
05/04/2025,0.17169,0.16609,0.16898,43.81145389168395,05/04/2025
06/04/2025,0.17004,0.14582,0.14927,35.63970702134114,06/04/2025
07/04/2025,0.15407,0.12986,0.14958,35.84239832390858,07/04/2025
08/04/2025,0.15707,0.1411,0.14225,33.18143306720749,08/04/2025
09/04/2025,0.16428,0.13651,0.16031,44.17776450824531,09/04/2025
10/04/2025,0.16047,0.14884,0.15357,41.43703503033616,10/04/2025
11/04/2025,0.16246,0.15327,0.16004,44.96657454265144,11/04/2025
12/04/2025,0.16948,0.15772,0.16763,48.86038347782303,12/04/2025
13/04/2025,0.16868,0.16101,0.1626,46.51171696330712,13/04/2025
14/04/2025,0.16964,0.15731,0.15854,44.646230863554564,14/04/2025
15/04/2025,0.16132,0.15305,0.15356,42.39985703610746,15/04/2025
16/04/2025,0.1574,0.15019,0.15471,43.11168246842545,16/04/2025
17/04/2025,0.15946,0.15298,0.15588,43.87166706044948,17/04/2025
18/04/2025,0.15895,0.15357,0.15759,45.02757051223342,18/04/2025
19/04/2025,0.16091,0.15631,0.15735,44.887847476832874,19/04/2025
20/04/2025,0.15959,0.15247,0.15526,43.61850162718353,20/04/2025
21/04/2025,0.16358,0.15501,0.15939,46.81885072807715,21/04/2025
22/04/2025,0.18,0.15721,0.17863,58.60661375885038,22/04/2025
23/04/2025,0.18545,0.17491,0.17864,58.61174863971486,23/04/2025
24/04/2025,0.18329,0.16979,0.18254,60.66134442764792,24/04/2025
25/04/2025,0.18626,0.17751,0.18159,59.88341291,25/04/2025
26/04/2025,0.193,0.18015,0.18192,60.07494865539851,26/04/2025
27/04/2025,0.1835,0.1765,0.17933,57.74466786880948,27/04/2025
28/04/2025,0.18276,0.17377,0.17907,57.50352878309848,28/04/2025
29/04/2025,0.18076,0.17242,0.17466,53.428081961866184,29/04/2025
30/04/2025,0.17665,0.16675,0.17224,51.28028784629658,30/04/2025
01/05/2025,0.18339,0.17205,0.18065,57.65155538,01/05/2025
02/05/2025,0.18447,0.17919,0.18151,58.25277873,02/05/2025
03/05/2025,0.1822,0.17526,0.17564,52.748128082097274,03/05/2025
04/05/2025,0.17744,0.1699,0.17049,48.42464858,04/05/2025
05/05/2025,0.17465,0.16827,0.17062,48.539311434712616,05/05/2025
06/05/2025,0.1726,0.16426,0.17219,49.985475881538555,06/05/2025
07/05/2025,0.17445,0.16901,0.17202,49.822208654738816,07/05/2025
08/05/2025,0.19842,0.17173,0.19817,67.43988349806187,08/05/2025
09/05/2025,0.2145,0.19299,0.2053,70.48295684,09/05/2025
10/05/2025,0.25098,0.20336,0.25063,82.00062832,10/05/2025
11/05/2025,0.2597,0.22211,0.23181,69.81950868839425,11/05/2025
12/05/2025,0.25341,0.22011,0.23101,69.34792524213265,12/05/2025
13/05/2025,0.24309,0.21736,0.24078,71.84867303683183,13/05/2025
14/05/2025,0.24759,0.22813,0.23278,67.02656342719047,14/05/2025
15/05/2025,0.23676,0.21374,0.21939,59.79312407134026,15/05/2025
16/05/2025,0.23095,0.21797,0.22111,60.38454285932674,16/05/2025
17/05/2025,0.22225,0.21074,0.21457,56.95407336050934,17/05/2025
18/05/2025,0.23779,0.21402,0.23304,63.295922703813304,18/05/2025
19/05/2025,0.23581,0.21388,0.22445,58.94630210373978,19/05/2025
20/05/2025,0.2308,0.21768,0.22625,59.57321736993177,20/05/2025
21/05/2025,0.23813,0.22266,0.23404,62.25928141940365,21/05/2025
22/05/2025,0.24579,0.23383,0.24558,65.87634213137895,22/05/2025
23/05/2025,0.25441,0.22304,0.22521,55.72416658065731,23/05/2025
24/05/2025,0.23041,0.22355,0.22512,55.683335483638736,24/05/2025
25/05/2025,0.22645,0.21567,0.22491,55.580997872551855,25/05/2025
26/05/2025,0.23036,0.2225,0.22596,56.016265949850684,26/05/2025
27/05/2025,0.23216,0.21965,0.22598,56.02510525664656,27/05/2025
28/05/2025,0.22785,0.21678,0.22096,53.1384596,28/05/2025
29/05/2025,0.22798,0.21402,0.21487,49.7870649,29/05/2025
30/05/2025,0.21648,0.19061,0.19357,40.23019365154745,30/05/2025
31/05/2025,0.19551,0.18555,0.19251,39.82053956028495,31/05/2025
01/06/2025,0.19485,0.1864,0.19363,40.509837796643154,01/06/2025
02/06/2025,0.19642,0.18846,0.19507,41.43858936473206,02/06/2025
03/06/2025,0.20051,0.19141,0.19311,40.51152213286427,03/06/2025
04/06/2025,0.19705,0.18703,0.18812,38.170206652039134,04/06/2025
05/06/2025,0.19248,0.168,0.17105,31.469903589191972,05/06/2025
06/06/2025,0.18446,0.16943,0.17878,36.873836946330705,06/06/2025
07/06/2025,0.1887,0.17776,0.18511,40.97823730460764,07/06/2025
08/06/2025,0.18699,0.18046,0.18418,40.560971690931325,08/06/2025
09/06/2025,0.19612,0.18022,0.1949,47.231095861566146,09/06/2025
10/06/2025,0.19876,0.1888,0.1985,49.28914413272487,10/06/2025
11/06/2025,0.20672,0.19125,0.19294,46.28659781238647,11/06/2025
12/06/2025,0.19368,0.18,0.1811,40.61292483002207,12/06/2025
13/06/2025,0.18148,0.16987,0.1804,40.29841945344461,13/06/2025
14/06/2025,0.18044,0.17459,0.17824,39.28740458913254,14/06/2025
15/06/2025,0.17871,0.17142,0.17553,37.999316581737574,15/06/2025
16/06/2025,0.18115,0.17209,0.17272,36.657250807982884,16/06/2025
17/06/2025,0.17612,0.16392,0.16936,35.06262045507701,17/06/2025
18/06/2025,0.17222,0.16405,0.17068,36.23614993672165,18/06/2025
19/06/2025,0.17204,0.16773,0.17092,36.46098380119458,19/06/2025
20/06/2025,0.17197,0.15839,0.16234,32.102929935847854,20/06/2025
21/06/2025,0.16436,0.15025,0.15448,28.71668438,21/06/2025
22/06/2025,0.15769,0.1427,0.15129,27.45111325509849,22/06/2025
23/06/2025,0.16525,0.14861,0.16376,38.80464935,23/06/2025
24/06/2025,0.16767,0.16167,0.16571,40.376004346182306,24/06/2025
25/06/2025,0.1677,0.16253,0.16459,39.744750907673165,25/06/2025
26/06/2025,0.16809,0.15792,0.16001,37.18454426452734,26/06/2025
27/06/2025,0.16307,0.15704,0.16104,38.149472639697166,27/06/2025
28/06/2025,0.165,0.1604,0.16363,40.61959758672388,28/06/2025
29/06/2025,0.17006,0.16259,0.16944,45.84451045704543,29/06/2025
30/06/2025,0.16993,0.16222,0.16518,42.86620586173276,30/06/2025
01/07/2025,0.16632,0.15674,0.15778,38.22113679354903,01/07/2025
02/07/2025,0.17268,0.15655,0.16869,47.289911096263666,02/07/2025
03/07/2025,0.17542,0.1674,0.17201,49.70923991,03/07/2025
04/07/2025,0.17296,0.16128,0.16288,43.760791560453654,04/07/2025
05/07/2025,0.16507,0.1619,0.16421,44.797111658014195,05/07/2025
06/07/2025,0.17524,0.16313,0.17196,50.51886484739717,06/07/2025
07/07/2025,0.17719,0.16569,0.16792,47.740927075216746,07/07/2025
08/07/2025,0.172,0.16589,0.17094,49.95621089752528,08/07/2025
09/07/2025,0.18661,0.16991,0.18053,56.292308919599535,09/07/2025
10/07/2025,0.19641,0.17874,0.19507,63.78003875,10/07/2025
11/07/2025,0.21366,0.19115,0.20103,66.32655465291307,11/07/2025
12/07/2025,0.20654,0.1919,0.19742,63.41813223521406,12/07/2025
13/07/2025,0.20412,0.19576,0.19855,63.95099968930462,13/07/2025
14/07/2025,0.21097,0.19464,0.19749,63.023596451228606,14/07/2025
15/07/2025,0.19934,0.18842,0.19919,63.92710041552594,15/07/2025
16/07/2025,0.22073,0.19553,0.2127,70.16599994,16/07/2025
17/07/2025,0.22236,0.2066,0.21826,72.29005936,17/07/2025
18/07/2025,0.2542,0.21618,0.2358,77.68704982021721,18/07/2025
19/07/2025,0.25777,0.23558,0.24143,79.09452147516635,19/07/2025
20/07/2025,0.2783,0.23998,0.27375,84.95975407475872,20/07/2025
21/07/2025,0.2875,0.26428,0.27142,83.14862480246497,21/07/2025
22/07/2025,0.27492,0.25735,0.27093,82.74911777975777,22/07/2025
23/07/2025,0.27108,0.2305,0.24083,62.79092103478553,23/07/2025
24/07/2025,0.24665,0.22176,0.23218,58.429533841948476,24/07/2025
25/07/2025,0.23697,0.22085,0.23673,60.003271136930664,25/07/2025
26/07/2025,0.24029,0.23296,0.23543,59.312380454181714,26/07/2025
27/07/2025,0.24372,0.23432,0.24071,61.26326973273551,27/07/2025
28/07/2025,0.24859,0.22426,0.22615,53.62723521192026,28/07/2025
29/07/2025,0.23276,0.21744,0.22392,52.546937899797534,29/07/2025
30/07/2025,0.22655,0.209,0.21999,50.61192821757696,30/07/2025
31/07/2025,0.22566,0.20814,0.20974,45.86776812457921,31/07/2025
01/08/2025,0.2125,0.19583,0.20097,42.22109870959086,01/08/2025
02/08/2025,0.20352,0.18944,0.19098,38.46918886854054,02/08/2025
03/08/2025,0.20047,0.18845,0.19876,42.73691367036475,03/08/2025
04/08/2025,0.21127,0.1985,0.21039,48.48856101391404,04/08/2025
05/08/2025,0.21106,0.19602,0.19981,44.14460180639075,05/08/2025
06/08/2025,0.20716,0.1956,0.20524,46.77984917726246,06/08/2025
07/08/2025,0.22304,0.20331,0.22228,54.09859493085398,07/08/2025
08/08/2025,0.23254,0.21953,0.23039,57.12092514757148,08/08/2025
09/08/2025,0.24676,0.22972,0.23995,60.42857370514603,09/08/2025
10/08/2025,0.24348,0.22941,0.23385,57.38669566801062,10/08/2025
11/08/2025,0.24179,0.22117,0.22207,51.94829851613746,11/08/2025
12/08/2025,0.23835,0.21865,0.23582,57.06313888771594,12/08/2025
13/08/2025,0.25058,0.23132,0.24482,60.05993102,13/08/2025
14/08/2025,0.25574,0.21578,0.22382,51.098173789417196,14/08/2025
15/08/2025,0.23299,0.22006,0.22886,52.91408771878961,15/08/2025
16/08/2025,0.23622,0.22522,0.23115,53.75438008251742,16/08/2025
17/08/2025,0.24259,0.22835,0.23456,55.041027016861854,17/08/2025
18/08/2025,0.23553,0.21992,0.22262,49.81487040491954,18/08/2025
19/08/2025,0.22567,0.20869,0.20943,44.758942626181486,19/08/2025
20/08/2025,0.22287,0.20747,0.22169,49.853567981436434,20/08/2025
21/08/2025,0.2245,0.21388,0.21473,47.19266972443391,21/08/2025
22/08/2025,0.24222,0.20828,0.24054,56.47107632047388,22/08/2025
23/08/2025,0.2409,0.22902,0.23631,54.77252377305526,23/08/2025
24/08/2025,0.24496,0.22761,0.23182,52.95188007111242,24/08/2025
25/08/2025,0.23459,0.20585,0.20965,44.99830474255502,25/08/2025
26/08/2025,0.21999,0.20711,0.21839,48.29546512392322,26/08/2025
27/08/2025,0.22388,0.21606,0.21892,48.49709035710358,27/08/2025
28/08/2025,0.22597,0.21668,0.22437,50.629116200749785,28/08/2025
29/08/2025,0.22539,0.20977,0.21391,46.63862545828175,29/08/2025
30/08/2025,0.21885,0.21126,0.21595,47.507597055520044,30/08/2025
31/08/2025,0.22134,0.21327,0.21371,46.61004300456622,31/08/2025
01/09/2025,0.21988,0.20476,0.21073,45.38166811056927,01/09/2025
02/09/2025,0.21557,0.20658,0.21489,47.46317107388724,02/09/2025
03/09/2025,0.22351,0.21249,0.2203,50.125174490361815,03/09/2025
04/09/2025,0.22111,0.21047,0.21241,46.430213520725026,04/09/2025
05/09/2025,0.22097,0.21182,0.21788,49.224696643594115,05/09/2025
06/09/2025,0.21888,0.21225,0.21595,48.26795399931025,06/09/2025
07/09/2025,0.22926,0.21568,0.22877,54.58260948,07/09/2025
08/09/2025,0.24413,0.22653,0.24164,59.87745920143249,08/09/2025
09/09/2025,0.24952,0.23359,0.24063,59.29325555013257,09/09/2025
10/09/2025,0.24868,0.23618,0.24536,61.202364075923136,10/09/2025
11/09/2025,0.25699,0.24228,0.25603,65.17060588,11/09/2025
12/09/2025,0.2786,0.25481,0.2755,70.99948211340968,12/09/2025
13/09/2025,0.30684,0.27266,0.28938,74.30133470167159,13/09/2025
14/09/2025,0.2951,0.2727,0.27796,67.49255736158811,14/09/2025
15/09/2025,0.28205,0.25862,0.26831,62.297514560226006,15/09/2025
16/09/2025,0.27204,0.257,0.26995,62.82127055613344,16/09/2025
17/09/2025,0.28384,0.26045,0.28256,66.65677548748509,17/09/2025
18/09/2025,0.28879,0.27559,0.27857,64.39312185704095,18/09/2025
19/09/2025,0.28492,0.26312,0.26527,57.39612505236219,19/09/2025
20/09/2025,0.26947,0.263,0.26759,58.24837427325186,20/09/2025
21/09/2025,0.26965,0.26031,0.26074,54.764941679645794,21/09/2025
22/09/2025,0.26239,0.23067,0.24122,46.27269960801682,22/09/2025
23/09/2025,0.24389,0.23402,0.23709,44.69356323140533,23/09/2025
24/09/2025,0.25057,0.23098,0.24107,46.58535297690673,24/09/2025
25/09/2025,0.24197,0.22046,0.22292,39.88516718661739,25/09/2025
26/09/2025,0.23331,0.22134,0.23244,44.40207320782565,26/09/2025
27/09/2025,0.23431,0.2278,0.23077,43.78062410481987,27/09/2025
28/09/2025,0.23768,0.225,0.23735,46.93219819435376,28/09/2025
29/09/2025,0.23896,0.22862,0.23478,45.851056147002886,29/09/2025
30/09/2025,0.23592,0.2263,0.23293,45.046609475650904,30/09/2025
01/10/2025,0.24921,0.23034,0.24906,52.81911931948699,01/10/2025
02/10/2025,0.26414,0.2467,0.262,57.95658954536903,02/10/2025
03/10/2025,0.26534,0.25274,0.25819,56.02230814625176,03/10/2025
04/10/2025,0.25979,0.2467,0.25084,52.38976852210702,04/10/2025
05/10/2025,0.26518,0.24953,0.25284,53.27754243769023,05/10/2025
06/10/2025,0.27044,0.25057,0.26603,58.741585411786644,06/10/2025
07/10/2025,0.26831,0.24622,0.24682,49.63698172282037,07/10/2025
08/10/2025,0.2611,0.24291,0.25564,53.22193530138422,08/10/2025
09/10/2025,0.25593,0.24099,0.24849,50.10805798325505,09/10/2025
10/10/2025,0.25403,0.095,0.19349,33.75014714,10/10/2025
11/10/2025,0.20048,0.17816,0.18527,32.06534098335298,11/10/2025
12/10/2025,0.21421,0.18072,0.20717,40.576513250675184,12/10/2025
13/10/2025,0.2183,0.20188,0.2138,42.90848686086885,13/10/2025
14/10/2025,0.21565,0.1933,0.20437,40.47549573584758,14/10/2025
15/10/2025,0.20853,0.1942,0.19621,38.44411938700365,15/10/2025
16/10/2025,0.2015,0.18469,0.1885,36.57625085728756,16/10/2025
17/10/2025,0.19114,0.17555,0.1847,35.65670891031397,17/10/2025
18/10/2025,0.19057,0.18426,0.18962,37.83581702,18/10/2025
19/10/2025,0.19861,0.186,0.19535,40.36874957711123,19/10/2025
20/10/2025,0.20249,0.19168,0.2,42.419176435709744,20/10/2025
21/10/2025,0.20563,0.19201,0.19427,40.568030563493465,21/10/2025
22/10/2025,0.19544,0.18467,0.18993,39.17361614491286,22/10/2025
23/10/2025,0.19745,0.18959,0.19493,41.66148931286219,23/10/2025
24/10/2025,0.20095,0.19391,0.19775,43.07564792067671,24/10/2025
25/10/2025,0.19985,0.19595,0.19652,42.59069652616182,25/10/2025
26/10/2025,0.20742,0.19465,0.20577,47.387750141992804,26/10/2025
27/10/2025,0.20953,0.19887,0.20038,45.02675724001341,27/10/2025
28/10/2025,0.20311,0.19006,0.19362,42.18780469874966,28/10/2025
29/10/2025,0.19728,0.1871,0.19237,41.66468204,29/10/2025
30/10/2025,0.1946,0.17642,0.18268,37.75623904687374,30/10/2025
31/10/2025,0.18816,0.18228,0.18644,40.10414777,31/10/2025
01/11/2025,0.18837,0.18512,0.18736,40.69363091,01/11/2025
02/11/2025,0.18884,0.18172,0.18638,40.23932513332052,02/11/2025
03/11/2025,0.18666,0.16017,0.16741,32.64251366870114,03/11/2025
04/11/2025,0.1711,0.15159,0.16223,30.92560955706425,04/11/2025
05/11/2025,0.16886,0.15456,0.16719,34.47928432491861,05/11/2025
06/11/2025,0.1678,0.15693,0.16164,32.466522524121416,06/11/2025
07/11/2025,0.18166,0.1596,0.17877,43.44102270432416,07/11/2025
08/11/2025,0.18332,0.173,0.17605,42.26650860160819,08/11/2025
09/11/2025,0.18158,0.17123,0.1793,44.207541231896705,09/11/2025
10/11/2025,0.18575,0.17722,0.18179,45.713447517540715,10/11/2025
11/11/2025,0.1864,0.17154,0.17206,41.050706854548764,11/11/2025
12/11/2025,0.17855,0.16721,0.17018,40.197554466774825,12/11/2025
13/11/2025,0.17766,0.16,0.16384,37.376444296806156,13/11/2025
14/11/2025,0.16628,0.15472,0.15765,34.80791513884509,14/11/2025
15/11/2025,0.16482,0.15721,0.16316,38.83712633274189,15/11/2025
16/11/2025,0.16563,0.1536,0.15857,36.79688301621637,16/11/2025
17/11/2025,0.1651,0.15066,0.15214,34.09475787946242,17/11/2025
18/11/2025,0.16294,0.14943,0.16173,41.04797041605509,18/11/2025
19/11/2025,0.1625,0.14712,0.1546,37.85059343761554,19/11/2025
20/11/2025,0.15972,0.14623,0.14892,35.47963067,20/11/2025
21/11/2025,0.15109,0.13321,0.14029,32.18124092,21/11/2025
22/11/2025,0.1424,0.13549,0.14027,32.173775939164955,22/11/2025
23/11/2025,0.14775,0.13966,0.145,35.95742316465247,23/11/2025
24/11/2025,0.15397,0.14279,0.15181,41.05572217629058,24/11/2025
25/11/2025,0.15504,0.14585,0.15301,41.932935449209324,25/11/2025
26/11/2025,0.15681,0.14862,0.15474,43.244297427905806,26/11/2025
27/11/2025,0.15559,0.1521,0.15264,42.004234663864196,27/11/2025
28/11/2025,0.15554,0.14825,0.15017,40.532006025099854,28/11/2025
29/11/2025,0.15095,0.14725,0.14837,39.44694103346806,29/11/2025
30/11/2025,0.15059,0.14588,0.14599,37.998460091561135,30/11/2025
01/12/2025,0.14637,0.13177,0.13547,32.34482552647712,01/12/2025
02/12/2025,0.14783,0.13443,0.14577,41.51928667969774,02/12/2025
03/12/2025,0.1534,0.1452,0.15166,46.02664147058154,03/12/2025
04/12/2025,0.1532,0.14557,0.14739,43.41424777386476,04/12/2025
05/12/2025,0.14838,0.13722,0.13956,39.03860189380621,05/12/2025
06/12/2025,0.14076,0.13836,0.13975,39.198741581499455,06/12/2025
07/12/2025,0.14291,0.13486,0.13867,38.57838283,07/12/2025
08/12/2025,0.14505,0.13799,0.14259,42.15663803495627,08/12/2025
09/12/2025,0.15319,0.13942,0.14797,46.74241011843508,09/12/2025
10/12/2025,0.15031,0.14235,0.14332,43.53019299854799,10/12/2025
11/12/2025,0.1436,0.13623,0.14033,41.55278256621449,11/12/2025
12/12/2025,0.14155,0.13428,0.13692,39.35696764377344,12/12/2025
13/12/2025,0.14002,0.13691,0.13905,41.43865994,13/12/2025
14/12/2025,0.13925,0.13261,0.13408,38.14809860224019,14/12/2025
15/12/2025,0.13845,0.12661,0.12975,35.50297922388829,15/12/2025
16/12/2025,0.13305,0.12716,0.13179,37.694890636094605,16/12/2025
17/12/2025,0.13631,0.12481,0.12633,34.33188108,17/12/2025
18/12/2025,0.13072,0.11993,0.12207,31.93773129908051,18/12/2025
19/12/2025,0.13353,0.12056,0.13222,42.26799653724359,19/12/2025
20/12/2025,0.13261,0.13069,0.13194,42.07826499013037,20/12/2025
21/12/2025,0.13342,0.12871,0.13112,41.49088241265298,21/12/2025
22/12/2025,0.1354,0.12952,0.13258,43.01612493,22/12/2025
23/12/2025,0.13369,0.12789,0.12928,40.44943402761218,23/12/2025
24/12/2025,0.13038,0.12651,0.12856,39.890176950191524,24/12/2025
25/12/2025,0.12909,0.123,0.12365,36.213133019860045,25/12/2025
26/12/2025,0.12752,0.12064,0.12211,35.11966244489595,26/12/2025
27/12/2025,0.12492,0.12193,0.12435,38.04984951346117,27/12/2025
28/12/2025,0.1249,0.12277,0.12393,37.70599195698639,28/12/2025
29/12/2025,0.12805,0.12228,0.12288,36.81037851233525,29/12/2025
30/12/2025,0.12537,0.1224,0.12336,37.54074968373402,30/12/2025
31/12/2025,0.12381,0.11612,0.11747,32.566498857033565,31/12/2025
01/01/2026,0.1275,0.11742,0.12683,45.03130207423797,01/01/2026
02/01/2026,0.14498,0.12592,0.14188,58.359489646293014,02/01/2026
03/01/2026,0.14451,0.13914,0.14315,59.25724487753727,03/01/2026
04/01/2026,0.15418,0.14278,0.14953,63.51304447564969,04/01/2026
05/01/2026,0.1545,0.14581,0.15171,64.86358829883287,05/01/2026
06/01/2026,0.15656,0.14352,0.15055,63.516355025725495,06/01/2026
07/01/2026,0.15405,0.14487,0.14642,58.831176850305205,07/01/2026
08/01/2026,0.14777,0.138,0.14194,54.16390440762631,08/01/2026
09/01/2026,0.14462,0.13825,0.14071,52.92251545585418,09/01/2026
10/01/2026,0.14072,0.13904,0.13965,51.82025830842482,10/01/2026
11/01/2026,0.1412,0.13585,0.13801,50.082261235897334,11/01/2026
12/01/2026,0.14237,0.13492,0.13662,48.59463633572093,12/01/2026
13/01/2026,0.15095,0.13626,0.14828,59.47021241859805,13/01/2026
14/01/2026,0.15133,0.14562,0.14718,58.21884106446839,14/01/2026
15/01/2026,0.14721,0.13881,0.14004,50.75360081572462,15/01/2026
16/01/2026,0.14045,0.1351,0.13813,48.94553935008068,16/01/2026
17/01/2026,0.14003,0.13682,0.13788,48.70098499532285,17/01/2026
18/01/2026,0.13835,0.13133,0.13164,42.934654631770705,18/01/2026
19/01/2026,0.13163,0.12,0.12916,40.863787809786345,19/01/2026
20/01/2026,0.12934,0.12178,0.12336,36.43737172149052,20/01/2026
21/01/2026,0.12884,0.12029,0.12654,40.25835057,21/01/2026
22/01/2026,0.12794,0.12322,0.12437,38.555124884875994,22/01/2026
23/01/2026,0.12788,0.12203,0.12477,39.06687110287732,23/01/2026
24/01/2026,0.12494,0.12291,0.12423,38.599492291169334,24/01/2026
25/01/2026,0.12435,0.11764,0.11945,34.64803068980852,25/01/2026
26/01/2026,0.12381,0.11924,0.12236,38.7583258,26/01/2026
27/01/2026,0.12666,0.12139,0.12619,43.77095416370817,27/01/2026
28/01/2026,0.12775,0.12372,0.125,42.604136249343654,28/01/2026
29/01/2026,0.12525,0.1144,0.11728,35.915286612501106,29/01/2026
30/01/2026,0.11871,0.11217,0.11581,34.79506977,30/01/2026
31/01/2026,0.11593,0.09461,0.10426,27.529490202992562,31/01/2026
01/02/2026,0.10685,0.10103,0.10426,27.529490202992562,01/02/2026
02/02/2026,0.11056,0.09955,0.10792,32.69450469120339,02/02/2026
03/02/2026,0.11053,0.10226,0.10602,31.44172753251452,03/02/2026
04/02/2026,0.10947,0.10127,0.10383,30.014148099322384,04/02/2026
05/02/2026,0.10477,0.08675,0.08849,22.356917383658484,05/02/2026
06/02/2026,0.10211,0.08001,0.09848,34.14076701655246,06/02/2026
07/02/2026,0.09948,0.09472,0.09823,34.00169358345083,07/02/2026
08/02/2026,0.09902,0.0951,0.09663,33.073131643865565,08/02/2026
09/02/2026,0.09748,0.09243,0.09611,32.76000335035839,09/02/2026
10/02/2026,0.09657,0.09182,0.09277,30.74642112236009,10/02/2026
11/02/2026,0.09362,0.0879,0.09112,29.77284930852076,11/02/2026
12/02/2026,0.09455,0.09069,0.093,32.39938121265827,12/02/2026
13/02/2026,0.09764,0.09179,0.09667,37.32714634523059,13/02/2026
14/02/2026,0.11383,0.0963,0.11104,52.06222838614579,14/02/2026
15/02/2026,0.11757,0.10155,0.10269,45.38495191,15/02/2026
16/02/2026,0.1036,0.0985,0.10102,44.164926715376566,16/02/2026
17/02/2026,0.1036,0.09836,0.10066,43.89101960755571,17/02/2026
18/02/2026,0.1023,0.09749,0.09855,42.237575909124224,18/02/2026
19/02/2026,0.09924,0.09551,0.09837,42.09190024484634,19/02/2026
20/02/2026,0.10244,0.09566,0.10011,44.09900030064173,20/02/2026
21/02/2026,0.10098,0.0984,0.09841,42.54737505477825,21/02/2026
22/02/2026,0.09855,0.09457,0.09558,40.022802885166314,22/02/2026
23/02/2026,0.0976,0.09145,0.09266,37.54723907080519,23/02/2026
24/02/2026,0.0936,0.08996,0.09137,36.473891758543246,24/02/2026
25/02/2026,0.10618,0.0909,0.10095,48.29493566036235,25/02/2026
26/02/2026,0.1017,0.0954,0.09701,44.61766329615849,26/02/2026
27/02/2026,0.09911,0.09252,0.09275,40.98406203996318,27/02/2026