time,open,high,low,close,RSI,date
1558137600,244.47,249.24,231.4,234.03,67.27838654451651,18/05/2019
1558224000,234,264.77,232.44,261.09,73.21435363,19/05/2019
1558310400,260.44,260.83,239,252.22,68.80802983215077,20/05/2019
1558396800,252.42,264.2,247.84,254.74,69.37200546578472,21/05/2019
1558483200,254.64,261.62,240.04,243.32,63.746945453811115,22/05/2019
1558569600,243.37,248.7,231.12,245.64,64.37885847960432,23/05/2019
1558656000,245.8,256.06,242.4,249.83,65.54688295734275,24/05/2019
1558742400,249.82,258.89,248.43,251.55,66.03917347438266,25/05/2019
1558828800,251.55,271.19,245.66,268.37,70.48113536252549,26/05/2019
1558915200,268.23,279.55,262,271.24,71.17395817264438,27/05/2019
1559001600,271.53,276.5,265.45,271.15,71.11758858645257,28/05/2019
1559088000,271.15,274.25,260.2,269.39,69.95085527249128,29/05/2019
1559174400,269.39,288.77,235.44,254.62,60.91858555044202,30/05/2019
1559260800,254.7,268.55,245.05,267.74,65.21524418932671,31/05/2019
1559347200,267.68,274.99,261.3,264.78,63.518549467019554,01/06/2019
1559433600,264.72,274.75,264.11,269.23,64.99310508572353,02/06/2019
1559520000,269.24,270.3,246.6,249.55,54.50139167700529,03/06/2019
1559606400,249.4,250.99,233,240.93,50.64498822985211,04/06/2019
1559692800,240.95,249,237.55,246.32,52.889681939196564,05/06/2019
1559779200,246.28,251.29,235.32,249.4,54.17230912089225,06/06/2019
1559865600,249.54,254.4,244.84,249.49,54.21153899604417,07/06/2019
1559952000,249.47,251.17,241.52,244.3,51.475040703509876,08/06/2019
1560038400,244.3,244.97,226.56,231.3,45.30597239824191,09/06/2019
1560124800,231.36,248.16,227.52,247.84,53.020481225327046,10/06/2019
1560211200,247.75,249.38,237.33,245.11,51.723691057507864,11/06/2019
1560297600,245.16,263.81,243.01,262.92,58.802815352418015,12/06/2019
1560384000,262.89,264.75,254.2,255.4,55.12704161033802,13/06/2019
1560470400,255.29,266.21,252.42,263.8,58.26533614257062,14/06/2019
1560556800,263.83,273.3,261.57,269.29,60.22334648528513,15/06/2019
1560643200,269.26,278.83,263.02,268.33,59.69593884084868,16/06/2019
1560729600,268.35,275.93,267.69,273.97,61.81187437746343,17/06/2019
1560816000,273.9,274.24,261,264.37,56.385635424066386,18/06/2019
1560902400,264.27,270.07,263.36,268.79,58.204868795700065,19/06/2019
1560988800,268.88,274.84,266.51,272,59.52528283554571,20/06/2019
1561075200,272,299,272,296.25,67.80119069093882,21/06/2019
1561161600,296.79,315.54,293.46,308.49,71.02193043716585,22/06/2019
1561248000,308.5,318,304.6,306.98,70.09048991226702,23/06/2019
1561334400,306.85,313.1,295.68,311,71.17435560622417,24/06/2019
1561420800,311,317.4,306,316.59,72.65812012007363,25/06/2019
1561507200,316.59,364.49,308,334.86,76.85195801592529,26/06/2019
1561593600,334.81,343.82,273.5,293.47,55.92413315,27/06/2019
1561680000,293.47,312.9,289.66,309.37,60.38680920608112,28/06/2019
1561766400,309.38,324.5,291.25,317,62.356493699710526,29/06/2019
1561852800,317.04,323.61,286,290.07,52.44464835974516,30/06/2019
1561939200,290.08,301.32,278.65,293.7,53.51720448,01/07/2019
1562025600,293.72,296.24,270.42,291.25,52.65403431025066,02/07/2019
1562112000,291.25,303.83,289.61,301.79,55.9459454,03/07/2019
1562198400,301.77,304,280.1,282.8,49.295625494058235,04/07/2019
1562284800,282.81,294.9,280,288,51.01281973888135,05/07/2019
1562371200,287.83,298.25,285.31,287.57,50.85943036254111,06/07/2019
1562457600,287.58,310.7,283.87,306.34,56.94523093034529,07/07/2019
1562544000,306.33,315,302.24,313.24,58.957476972621606,08/07/2019
1562630400,313.23,318.6,302.78,307.92,56.75500100476031,09/07/2019
1562716800,307.95,314.98,281.3,288.64,49.533153017997776,10/07/2019
1562803200,288.68,288.68,261.57,268.68,43.37907888313936,11/07/2019
1562889600,268.88,279.3,266.37,275.55,45.87178642370858,12/07/2019
1562976000,275.62,276.34,261.79,269.04,43.89953076736399,13/07/2019
1563062400,268.99,270.02,222.7,225.76,33.566739400171556,14/07/2019
1563148800,225.96,235.87,203,228.28,34.53296475171234,15/07/2019
1563235200,228.2,234.58,190.11,198.89,29.199057895006902,16/07/2019
1563321600,198.92,221,192.04,211.4,33.88053898917329,17/07/2019
1563408000,211.55,229.99,206.2,226.31,39.05304788567086,18/07/2019
1563494400,226.29,226.78,213.15,221.21,37.959177288527066,19/07/2019
1563580800,221.3,236.58,219.98,228.89,40.65487856937437,20/07/2019
1563667200,228.84,229.85,217.04,225.64,39.86547696351701,21/07/2019
1563753600,225.7,228.28,211.45,217.13,37.79599338726581,22/07/2019
1563840000,217.13,219.11,208.43,211.93,36.547514135513055,23/07/2019
1563926400,211.96,218.14,200.5,216.59,38.50781506576424,24/07/2019
1564012800,216.55,226.22,215.19,219.28,39.66654793475157,25/07/2019
1564099200,219.29,222.12,212.69,219.35,39.69839157738941,26/07/2019
1564185600,219.42,224.14,202.46,207.11,36.10954687,27/07/2019
1564272000,207.11,213.98,197,211.5,38.26520339321265,28/07/2019
1564358400,211.5,215.31,205.7,210.73,38.0228777,29/07/2019
1564444800,210.7,214.56,204,209.83,37.72218097205694,30/07/2019
1564531200,209.8,218.92,209.53,218.7,42.54475797,31/07/2019
1564617600,218.68,219.3,211,217.55,42.08968571367191,01/08/2019
1564704000,217.53,222.77,214.82,217.8,42.23433986353915,02/08/2019
1564790400,217.86,224.81,215.5,222.14,44.81159391,03/08/2019
1564876800,222.15,224.04,217.37,222.81,45.21793955882006,04/08/2019
1564963200,222.87,236.9,222.82,233,51.11344757071765,05/08/2019
1565049600,232.91,239.45,222.05,225.81,47.24959661103698,06/08/2019
1565136000,225.82,231.22,220,225.8,47.244247397694004,07/08/2019
1565222400,225.96,226.48,213.7,220.81,44.53482454961788,08/08/2019
1565308800,220.83,221.3,206.5,210.3,39.40851552,09/08/2019
1565395200,210.3,214.68,200.38,206.1,37.54844972634137,10/08/2019
1565481600,206.11,216.58,205.63,216.06,44.266583236094675,11/08/2019
1565568000,216.21,216.47,209.51,211.26,41.92584007873445,12/08/2019
1565654400,211.28,211.28,202.8,208.58,40.633893838678986,13/08/2019
1565740800,208.49,209.13,181.6,186.3,31.847620114157365,14/08/2019
1565827200,186.3,191.47,171,188.2,33.17464977115556,15/08/2019
1565913600,188.2,188.21,178.47,185.26,32.13205273356482,16/08/2019
1566000000,185.25,186.9,181.57,185.59,32.388902643368354,17/08/2019
1566086400,185.59,198.17,183.31,194.74,39.25368083126023,18/08/2019
1566172800,194.74,203.91,193,202.32,44.299166885780124,19/08/2019
1566259200,202.32,202.81,194.52,196.56,41.47976314578779,20/08/2019
1566345600,196.56,197.17,180,187.37,37.39087650899021,21/08/2019
1566432000,187.29,195.11,182.53,190.41,39.51490304838949,22/08/2019
1566518400,190.42,196.66,188.56,194.59,42.40805625919719,23/08/2019
1566604800,194.55,194.59,186.02,190.89,40.558713755826325,24/08/2019
1566691200,190.9,192.76,182.04,186.59,38.45964955765948,25/08/2019
1566777600,186.6,194.28,185.51,188.3,39.79407140895357,26/08/2019
1566864000,188.26,189,184.33,186.94,39.06848812887016,27/08/2019
1566950400,186.95,187.92,165.9,172.79,32.440792424515465,28/08/2019
1567036800,172.81,173.51,163.57,168.82,30.85904482207438,29/08/2019
1567123200,168.92,170.43,165.3,168.4,30.688567812409886,30/08/2019
1567209600,168.45,175,165.5,171.93,33.98928181621888,31/08/2019
1567296000,171.89,173.98,168.03,171.29,33.676158420020414,01/09/2019
1567382400,171.31,181.78,170.54,178.8,40.59225779,02/09/2019
1567468800,178.81,183.15,174.2,178.96,40.734052980229634,03/09/2019
1567555200,179.09,180.33,173.29,174.82,38.19380327365358,04/09/2019
1567641600,174.83,175.82,168.82,174,37.69241867758569,05/09/2019
1567728000,174.01,178.45,164.99,169.2,34.811610971126896,06/09/2019
1567814400,169.25,181.07,168.38,178.08,43.426156319498816,07/09/2019
1567900800,178.08,184.73,176.01,181.56,46.41469434932742,08/09/2019
1567987200,181.56,186,176.11,180.63,45.719615524578344,09/09/2019
1568073600,180.64,184.55,176.6,179.64,44.94795649140853,10/09/2019
1568160000,179.65,182.49,173.7,178.3,43.868682397895896,11/09/2019
1568246400,178.31,182.66,176.46,181.09,46.73640014618057,12/09/2019
1568332800,181.05,181.85,177.57,181.65,47.31818234048112,13/09/2019
1568419200,181.65,189.32,180.4,188.85,54.23896071818728,14/09/2019
1568505600,188.88,190.99,186.3,189.3,54.64004121417192,15/09/2019
1568592000,189.31,199.55,188.23,197.59,61.359115244322474,16/09/2019
1568678400,197.59,215,195.67,207.95,67.78193996,17/09/2019
1568764800,207.95,217.49,207.5,210.27,69.02365541352754,18/09/2019
1568851200,210.28,224.71,200.98,220.8,73.93409696394211,19/09/2019
1568937600,220.85,222.38,212,218.06,70.78949232,20/09/2019
1569024000,218.02,221.61,213.35,214.8,67.13104817962639,21/09/2019
1569110400,214.87,215.45,206.02,211.1,63.14247090522494,22/09/2019
1569196800,211.17,211.6,198.18,200.8,53.59591993118429,23/09/2019
1569283200,201.06,202.72,157.75,166.26,34.667418896963866,24/09/2019
1569369600,166.26,175.25,162.25,170,37.251589460815616,25/09/2019
1569456000,170,171,152.11,165.85,35.57030897,26/09/2019
1569542400,165.85,177.24,161.19,174.44,41.45981914367912,27/09/2019
1569628800,174.36,176,168.21,173.9,41.20482717374597,28/09/2019
1569715200,173.9,175.26,164.34,169.38,39.04040122704114,29/09/2019
1569801600,169.39,181.85,165.2,181.17,46.878724683880755,30/09/2019
1569888000,181.22,185.89,173.85,176.15,44.268655558969876,01/10/2019
1569974400,176.14,181.66,174.15,180.82,47.213079847805936,02/10/2019
1570060800,180.9,181.26,169.59,175.05,44.11207813803058,03/10/2019
1570147200,175.11,179.69,170.77,175.97,44.73535890466922,04/10/2019
1570233600,175.97,177.05,172.27,176.73,45.27827905391925,05/10/2019
1570320000,176.72,177.12,167.5,170.18,41.49477334458161,06/10/2019
1570406400,170.18,182.5,168.61,180.26,48.61141440268123,07/10/2019
1570492800,180.29,185.3,177.42,180.72,48.916794354008836,08/10/2019
1570579200,180.73,196.09,179.2,193.26,56.504977511312696,09/10/2019
1570665600,193.26,194.85,187.29,191.79,55.46486080720158,10/10/2019
1570752000,191.86,197.93,179.23,180.84,48.328452049343916,11/10/2019
1570838400,180.94,184.87,177.27,179.86,47.73646974021789,12/10/2019
1570924800,179.76,184.75,178.63,181.18,48.64887616554573,13/10/2019
1571011200,181.12,187.91,180.52,186.85,52.48599331532753,14/10/2019
1571097600,186.86,188.58,176.48,180.58,48.197100584367824,15/10/2019
1571184000,180.56,181.2,171.7,174.5,44.40761761163477,16/10/2019
1571270400,174.55,179.71,172.79,177.31,46.50120211302917,17/10/2019
1571356800,177.31,177.49,168.34,172.96,43.754178674202215,18/10/2019
1571443200,172.96,175.5,169.72,172.09,43.20445880641372,19/10/2019
1571529600,172.05,176.8,169.11,175.49,46.05680921404014,20/10/2019
1571616000,175.49,178,171.45,174.37,45.25062004673475,21/10/2019
1571702400,174.36,175.4,170.47,171.3,43.027347421340224,22/10/2019
1571788800,171.26,174.05,153,162.49,37.35526850202339,23/10/2019
1571875200,162.42,164,158.9,160.67,36.29093909653058,24/10/2019
1571961600,160.67,187.74,160.57,181.66,52.94317497953036,25/10/2019
1572048000,181.66,199.5,173.86,180.03,51.81064374535544,26/10/2019
1572134400,180.02,189.18,176.84,184.41,54.61981159998698,27/10/2019
1572220800,184.32,190,181,182.02,52.81073381219679,28/10/2019
1572307200,182.03,193.41,181.72,191.1,58.44232267209794,29/10/2019
1572393600,191.03,192.2,180.05,183.38,52.68535532952782,30/10/2019
1572480000,183.4,185.47,177.81,182.38,51.97119392638862,31/10/2019
1572566400,182.38,184.99,177.39,183.19,52.53246523336556,01/11/2019
1572652800,183.26,186.19,181.91,183.25,52.576674567064195,02/11/2019
1572739200,183.26,185,179.11,181.73,51.273837413042465,03/11/2019
1572825600,181.73,189.5,180.45,186.25,54.856239160252166,04/11/2019
1572912000,186.26,192.47,181.76,188.88,56.84439876932027,05/11/2019
1572998400,188.88,194.6,187.87,191.13,58.527183241404785,06/11/2019
1573084800,191.17,192.27,184.14,186.42,53.79805619764878,07/11/2019
1573171200,186.42,188.09,180.71,183.62,51.15194947891535,08/11/2019
1573257600,183.62,185.7,182.21,184.77,52.19202672804676,09/11/2019
1573344000,184.77,192,183.41,188.88,55.813125019640175,10/11/2019
1573430400,188.89,190,183.77,184.65,51.49047469689992,11/11/2019
1573516800,184.65,187.27,182.07,186.98,53.62122836309839,12/11/2019
1573603200,186.98,189.31,185.08,187.72,54.307679947571266,13/11/2019
1573689600,187.81,188.45,182.75,184.55,50.83648945103756,14/11/2019
1573776000,184.55,186.59,177,179.82,46.10150197224711,15/11/2019
1573862400,179.79,183.17,178.95,182.25,48.74286113605697,16/11/2019
1573948800,182.23,186.26,180,183.88,50.495379377319246,17/11/2019
1574035200,183.88,183.95,173.56,177.85,44.44177574905716,18/11/2019
1574121600,177.8,178.14,172.38,175.73,42.51212638,19/11/2019
1574208000,175.75,177.25,173.26,174.35,41.256368519054774,20/11/2019
1574294400,174.35,175.49,155,160.82,31.448125214190625,21/11/2019
1574380800,160.83,162.65,137.8,149.97,26.091247809637252,22/11/2019
1574467200,149.98,154.54,146.37,152,28.54374316113372,23/11/2019
1574553600,152,153.19,138.53,139.99,23.562238667705643,24/11/2019
1574640000,140.1,151.69,131.8,145.91,30.043247657613193,25/11/2019
1574726400,146.16,149.9,143.57,147.83,32.055368310647864,26/11/2019
1574812800,147.83,155.89,141.02,153,37.28609713870728,27/11/2019
1574899200,153.04,155,149.31,151.01,36.133019553677855,28/11/2019
1574985600,151.01,157.73,150.5,154.75,39.895072390386204,29/11/2019
1575072000,154.75,155.45,149.6,151.78,37.981729638232096,30/11/2019
1575158400,151.61,152.67,145.97,150.97,37.454151568326516,01/12/2019
1575244800,150.94,151.65,146.82,148.97,36.120046726666025,02/12/2019
1575331200,148.83,150,145.67,147.33,35.01854144047903,03/12/2019
1575417600,147.33,153,143.17,145.5,33.780606970305456,04/12/2019
1575504000,145.5,148.95,143.8,148.18,37.27756866484901,05/12/2019
1575590400,148.2,149.85,145.75,148.82,38.11799550891227,06/12/2019
1575676800,148.82,149.88,147.2,147.43,36.959685503601435,07/12/2019
1575763200,147.41,152,146.36,150.68,41.440388753734474,08/12/2019
1575849600,150.69,151.47,146.69,147.3,38.384733441538415,09/12/2019
1575936000,147.28,148.22,143.81,145.54,36.86059797504173,10/12/2019
1576022400,145.54,146.29,142.01,143.29,34.950010675210066,11/12/2019
1576108800,143.29,146.12,139.1,144.69,37.13351419051736,12/12/2019
1576195200,144.7,145.13,142.76,144.7,37.14974239142167,13/12/2019
1576281600,144.7,145.03,141.11,141.73,34.31643021631771,14/12/2019
1576368000,141.72,143.99,139.8,142.38,35.47627439637695,15/12/2019
1576454400,142.38,142.53,129.03,132.36,27.434111761096048,16/12/2019
1576540800,132.36,132.66,119.5,121.83,21.832801333765815,17/12/2019
1576627200,121.84,134.81,116.25,132.89,36.49826419836088,18/12/2019
1576713600,132.89,134.11,125.68,128.18,33.606609755423094,19/12/2019
1576800000,128.18,129.32,125.71,128.37,33.83434182684137,20/12/2019
1576886400,128.36,128.45,126.63,127.09,33.01281276436498,21/12/2019
1576972800,127.16,133.22,126.89,132.4,39.56822196,22/12/2019
1577059200,132.4,135.24,126.16,127.78,36.24479703,23/12/2019
1577145600,127.75,129.5,126.5,127.71,36.19519140008743,24/12/2019
1577232000,127.67,127.77,123.16,124.96,34.21407741962669,25/12/2019
1577318400,124.97,132.06,124.06,125.49,34.953024861249986,26/12/2019
1577404800,125.49,126.7,122.15,126.23,36.033399509180676,27/12/2019
1577491200,126.23,129.6,125.8,127.91,38.52957845476809,28/12/2019
1577577600,127.95,137.85,127.22,134.3,47.001169643704074,29/12/2019
1577664000,134.31,135.97,129.79,131.1,43.74950502157023,30/12/2019
1577750400,131.08,133.19,127.6,128.54,41.288562269614026,31/12/2019
1577836800,128.54,132.68,128.12,130.19,43.49476645284328,01/01/2020
1577923200,130.14,130.18,125.83,126.81,40.16518106649014,02/01/2020
1578009600,126.81,134.93,125.52,134.17,49.27164426163637,03/01/2020
1578096000,134.17,135.75,132.5,134.14,49.23874918585104,04/01/2020
1578182400,134.14,138.97,134.14,135.31,50.62328848921191,05/01/2020
1578268800,135.31,144.51,134.78,144.19,59.62452894235834,06/01/2020
1578355200,144.2,145.25,138.79,143.08,58.196388455693246,07/01/2020
1578441600,143.08,148,137.03,140.6,55.02520736225331,08/01/2020
1578528000,140.64,141.38,135.12,137.71,51.50320145141018,09/01/2020
1578614400,137.72,145.81,135.26,144.72,58.45026825938685,10/01/2020
1578700800,144.89,148,142,142.63,55.88011711231085,11/01/2020
1578787200,142.51,146.6,141.83,146.6,59.521185565089795,12/01/2020
1578873600,146.55,147,142.1,143.51,55.67021626,13/01/2020
1578960000,143.5,170.83,143.45,165.76,70.48050730322544,14/01/2020
1579046400,165.74,172.18,159.13,166.29,70.73134985586911,15/01/2020
1579132800,166.27,167.28,158.17,163.93,67.96199102203082,16/01/2020
1579219200,164,174.52,162.01,169.59,70.90428111498863,17/01/2020
1579305600,169.54,179.32,164.92,174.06,73.01224202373275,18/01/2020
1579392000,174.05,178,161.7,166.75,64.75050852803963,19/01/2020
1579478400,166.67,169.3,161.1,166.68,64.67503797445372,20/01/2020
1579564800,166.66,170,164.28,169.19,66.19648413970395,21/01/2020
1579651200,169.29,171.05,165.65,167.68,64.39949579,22/01/2020
1579737600,167.73,167.79,158.44,162.4,58.42687856091168,23/01/2020
1579824000,162.49,164.21,154.48,162.3,58.316566012238894,24/01/2020
1579910400,162.31,162.41,157.4,160.12,55.84137066168072,25/01/2020
1579996800,160,167.59,159.09,167.35,61.65436568805441,26/01/2020
1580083200,167.58,171.7,164.89,169.77,63.391479587776644,27/01/2020
1580169600,169.78,176.5,169.78,175.99,67.47044642473011,28/01/2020
1580256000,175.91,178.31,173.13,173.45,64.31882450926949,29/01/2020
1580342400,173.41,186.89,170,184.55,70.74915009372629,30/01/2020
1580428800,184.52,185.68,175,179.74,65.26066970581643,31/01/2020
1580515200,179.72,184.2,179,183.5,67.39030427584146,01/02/2020
1580601600,183.49,193.52,178.98,188.29,69.92013724681905,02/02/2020
1580688000,188.22,195.21,186.25,189.42,70.50153340303466,03/02/2020
1580774400,189.41,191.37,184.29,188.24,69.00169553147103,04/02/2020
1580860800,188.25,207.93,186.89,204,76.26448302631906,05/02/2020
1580947200,204.01,216.49,200.54,212.95,79.23929188172224,06/02/2020
1581033600,212.94,224.78,212.94,223.22,82.02347727129438,07/02/2020
1581120000,223.22,228.4,213.24,223.37,82.06131735019261,08/02/2020
1581206400,223.36,230.9,223.16,228.8,83.42175358166739,09/02/2020
1581292800,228.8,229.6,216.31,222.85,76.56932843291062,10/02/2020
1581379200,222.86,239.92,217.83,237.98,80.87202424500686,11/02/2020
1581465600,237.99,276.15,237.95,266.49,86.06490904072255,12/02/2020
1581552000,266.63,278.01,253.75,268.42,86.33535640856329,13/02/2020
1581638400,268.37,287.98,260.13,286.27,88.54889006616763,14/02/2020
1581724800,285.95,290,261.35,264.92,73.26223904894397,15/02/2020
1581811200,264.83,274,236.37,258.5,69.38335872186747,16/02/2020
1581897600,258.58,269,242.36,268.03,71.77249661934003,17/02/2020
1581984000,268.2,286.87,259.24,283.31,75.12426996811053,18/02/2020
1582070400,283.34,287.13,250,258.66,62.27706716001687,19/02/2020
1582156800,258.51,264.26,245.25,257.4,61.696268616057694,20/02/2020
1582243200,257.2,268.71,254.1,265.8,64.09999640021547,21/02/2020
1582329600,265.79,267.04,256.3,262.08,62.23729497819271,22/02/2020
1582416000,261.94,276.62,261.53,275.48,66.06295052370174,23/02/2020
1582502400,275.48,278.13,256.06,265.31,61.01107884321973,24/02/2020
1582588800,265.53,266.24,244.44,246.5,52.94646076289861,25/02/2020
1582675200,246.28,250.84,215.33,223.5,45.096897569632944,26/02/2020
1582761600,223.78,239,209.26,227.63,46.627056732115136,27/02/2020
1582848000,227.6,234.9,213.63,227.37,46.539120900259164,28/02/2020
1582934400,227.13,233.32,216.83,217.31,43.14832874838849,29/02/2020
1583020800,217.36,227.99,211.5,217.26,43.13150842475236,01/03/2020
1583107200,217.34,234.5,215.75,232.12,49.43981138732118,02/03/2020
1583193600,232.12,232.92,220,223.75,46.32287679891013,03/03/2020
1583280000,223.72,228.83,220.39,224.56,46.67325750429863,04/03/2020
1583366400,224.49,234.47,224.49,228.64,48.49691802515116,05/03/2020
1583452800,228.6,245.84,227.77,245.56,55.32076867309421,06/03/2020
1583539200,245.53,253.01,236.67,237.75,51.90239856895064,07/03/2020
1583625600,237.75,237.75,196,199.46,39.134715969622945,08/03/2020
1583712000,199.51,208.65,189.85,202.77,40.497377720269746,09/03/2020
1583798400,202.76,206.28,195.17,200.5,39.83865054760619,10/03/2020
1583884800,200.63,202.98,181,194.61,38.10662885540032,11/03/2020
1583971200,194.62,195.64,101.22,110.3,22.815760802451166,12/03/2020
1584057600,110.3,148,90,135.51,31.647828093802346,13/03/2020
1584144000,135.44,135.9,120.71,122.17,29.710465688525332,14/03/2020
1584230400,122.11,134.1,119.84,123.3,30.100808697464757,15/03/2020
1584316800,123.33,123.75,100.5,111.38,28.31453629529919,16/03/2020
1584403200,111.36,121.49,109.66,116.09,30.0801645,17/03/2020
1584489600,116.06,118.88,110.18,118.6,31.05472800901387,18/03/2020
1584576000,118.59,144.44,115.72,136.68,37.78194681941606,19/03/2020
1584662400,136.65,154,115.51,133.27,37.047715122213546,20/03/2020
1584748800,133.35,137.64,125.84,132.79,36.93889624189068,21/03/2020
1584835200,132.79,137.38,120.9,122.42,34.576024827798506,22/03/2020
1584921600,122.31,138,119.2,137,40.353093735471695,23/03/2020
1585008000,137,144.16,133.04,139,41.121139626123636,24/03/2020
1585094400,138.95,142.79,132.5,136.26,40.354490983281565,25/03/2020
1585180800,136.35,140.36,133.52,139,41.52847009505008,26/03/2020
1585267200,139,142.5,130,131.56,39.26834599865566,27/03/2020
1585353600,131.56,133.8,125.01,131.35,39.20349119630322,28/03/2020
1585440000,131.36,132.18,123.72,124.35,37.00930304074082,29/03/2020
1585526400,124.43,135.48,124.05,132.32,41.054544199140196,30/03/2020
1585612800,132.3,135.35,130.45,133.08,41.44073645804351,31/03/2020
1585699200,133.08,137.4,128.6,136.14,43.05835371277632,01/04/2020
1585785600,136.14,150.5,135.5,141.53,45.89353818474431,02/04/2020
1585872000,141.48,146.81,138,141.54,45.89892030197343,03/04/2020
1585958400,141.48,146.69,139.04,144.48,47.55078703666145,04/04/2020
1586044800,144.49,145.98,140.81,142.79,46.66868525603966,05/04/2020
1586131200,142.79,172.19,142.79,171.5,60.18222558948465,06/04/2020
1586217600,171.56,176.82,161.47,164.57,56.46313654054878,07/04/2020
1586304000,164.54,174.77,163.49,173.36,59.85213313186764,08/04/2020
1586390400,173.43,173.55,165.32,169.75,57.86010165436999,09/04/2020
1586476800,169.71,170.39,152.3,158.1,51.86131403132127,10/04/2020
1586563200,158.1,161.5,154.2,158.55,52.068033231392064,11/04/2020
1586649600,158.68,165.45,155.31,158.87,52.22514478095787,12/04/2020
1586736000,158.82,159.44,149.7,156.76,51.03722510285675,13/04/2020
1586822400,156.76,163,155.56,158.65,52.08848799,14/04/2020
1586908800,158.68,161.5,152.17,152.77,48.592914304044214,15/04/2020
1586995200,152.76,175.2,148.08,172.55,58.64653060036117,16/04/2020
1587081600,172.58,175.1,168.5,170.89,57.62794175784621,17/04/2020
1587168000,170.85,191.22,170.69,187.88,64.43618292532454,18/04/2020
1587254400,187.85,189.92,176.53,180.39,59.86917499,19/04/2020
1587340800,180.28,186.67,166.4,170.5,54.38764984106306,20/04/2020
1587427200,170.39,174.93,168.44,171.07,54.64539043052956,21/04/2020
1587513600,171.05,184.41,170.02,183.11,59.81123508419788,22/04/2020
1587600000,183.1,194.86,178.44,185.66,60.82885261270588,23/04/2020
1587686400,185.65,189.91,184.97,187.84,61.72121059023926,24/04/2020
1587772800,187.92,198.2,185.97,194.42,64.36033868075901,25/04/2020
1587859200,194.42,200,192.54,197.83,65.68087880583452,26/04/2020
1587945600,197.8,199.41,189.6,196.78,64.88366827,27/04/2020
1588032000,196.88,197.95,192.5,196.67,64.79493975,28/04/2020
1588118400,196.64,219.59,196.64,215.66,71.93117342,29/04/2020
1588204800,215.74,227.5,202.3,206.23,64.89631416048579,30/04/2020
1588291200,206.22,217.58,206.18,212.09,67.05271040981441,01/05/2020
1588377600,212.08,215.59,210.57,214.25,67.83699430077652,02/05/2020
1588464000,214.25,219.48,205.28,210.24,64.75520062422956,03/05/2020
1588550400,210.24,210.96,195.17,206.86,62.19060580287723,04/05/2020
1588636800,207.02,212.17,201.33,205.43,61.088289842524304,05/05/2020
1588723200,205.5,211.21,198.18,199.26,56.439911764965075,06/05/2020
1588809600,199.1,215.99,196.82,212.47,62.941680722753055,07/05/2020
1588896000,212.5,217,207.2,211.59,62.27484330175545,08/05/2020
1588982400,211.65,214.79,208.27,210,61.016985604571886,09/05/2020
1589068800,210.06,210.06,180.01,187.73,46.76821388875832,10/05/2020
1589155200,187.65,193.77,176.43,185.93,45.836515705947676,11/05/2020
1589241600,185.93,192.89,185.79,190.1,48.40107841216563,12/05/2020
1589328000,189.93,201.59,188.36,199.92,53.93278119882434,13/05/2020
1589414400,199.92,206.25,195.7,203.4,55.74348681,14/05/2020
1589500800,203.4,204.3,191.35,194.7,50.40904463046556,15/05/2020
1589587200,194.66,203.36,193.24,200.53,53.612576976137625,16/05/2020
1589673600,200.5,210,199.1,207.05,56.96108738253795,17/05/2020
1589760000,207.05,216.99,206.99,214.97,60.67461500399502,18/05/2020
1589846400,214.97,215.84,209.22,214.71,60.49009541118871,19/05/2020
1589932800,214.8,215.5,205.1,209.96,57.07512255559496,20/05/2020
1590019200,209.95,211.52,191.27,198.62,49.84088363050017,21/05/2020
1590105600,198.61,209.28,196.12,207.32,54.595701111558235,22/05/2020
1590192000,207.3,211.3,204.56,206.66,54.17613408385704,23/05/2020
1590278400,206.61,210.67,199.3,199.63,49.787222097111204,24/05/2020
1590364800,199.63,205.71,198.01,204.06,52.403917398805554,25/05/2020
1590451200,204.13,205.03,196.65,200.91,50.39297150713788,26/05/2020
1590537600,200.87,208.48,200.76,208.41,54.836794796864396,27/05/2020
1590624000,208.41,220.675,204.5,220.415,60.87795919,28/05/2020
1590710400,220.345,224.8,217.535,220.62,60.97395820307386,29/05/2020
1590796800,220.55,247.36,218.33,243.84,69.96429799,30/05/2020
1590883200,243.85,245.46,229.46,231.54,61.83780366883786,31/05/2020
1590969600,231.43,251.46,230.59,248.41,67.42622895812505,01/06/2020
1591056000,248.42,253.6,225.6,237.71,61.29516707789785,02/06/2020
1591142400,237.7,245.39,233.28,244.6,63.590977262610366,03/06/2020
1591228800,244.59,246.73,236.17,243.18,62.76467325475533,04/06/2020
1591315200,243.18,247.9,238.65,240.04,60.88080413538454,05/06/2020
1591401600,240.04,244.52,237.67,241.92,61.623504525551446,06/06/2020
1591488000,241.92,245.45,234.48,244.81,62.792933475498074,07/06/2020
1591574400,244.79,247.97,240.82,246.55,63.513829939272206,08/06/2020
1591660800,246.55,249.99,238.91,244.03,61.650790328653144,09/06/2020
1591747200,244.04,250.56,242.13,248.16,63.53844756321748,10/06/2020
1591833600,248.27,250.26,225.2,230.15,51.608549867462756,11/06/2020
1591920000,230.14,239.54,227.84,237.53,55.31130604140158,12/06/2020
1592006400,237.57,238.8,234.11,238.17,55.62838687504299,13/06/2020
1592092800,238.18,238.59,229.75,231.34,51.434182548882845,14/06/2020
1592179200,231.34,234,217.79,230.98,51.21499457155358,15/06/2020
1592265600,230.96,236.02,228.78,235.34,53.78378085072131,16/06/2020
1592352000,235.35,237,227.5,233.71,52.66725672528387,17/06/2020
1592438400,233.69,234.5,227.37,231.05,50.81340993812354,18/06/2020
1592524800,231.05,231.9,226.43,228.66,49.13975070655619,19/06/2020
1592611200,228.67,230.67,225.5,228.8,49.245208956361644,20/06/2020
1592697600,228.8,231.29,226.86,227.68,48.380935828781304,21/06/2020
1592784000,227.66,246.95,227.2,243.23,59.110770031983854,22/06/2020
1592870400,243.24,244.8,240.73,243.12,59.01731358,23/06/2020
1592956800,243.08,249.04,230.66,234.44,52.02719114088701,24/06/2020
1593043200,234.44,235.24,227.05,231.97,50.204917815843636,25/06/2020
1593129600,231.94,233.25,227.3,229.44,48.33735891890833,26/06/2020
1593216000,229.45,231.1,215.16,220.76,42.49663738490832,27/06/2020
1593302400,220.74,227.93,217.35,224.76,45.74982900155543,28/06/2020
1593388800,224.94,229.98,220.98,227.81,48.15818737566044,29/06/2020
1593475200,227.81,228.69,222.93,225.48,46.46130337541237,30/06/2020
1593561600,225.5,232.77,224.11,231.03,50.89934202457894,01/07/2020
1593648000,231.15,232.15,222.78,226.48,47.42826969579806,02/07/2020
1593734400,226.43,228.26,224.31,225.06,46.365574369936795,03/07/2020
1593820800,224.98,231.04,224.5,229.34,50.00191819755389,04/07/2020
1593907200,229.34,229.93,223.5,227.67,48.61686751798026,05/07/2020
1593993600,227.62,241.99,227.08,241.65,58.88430408626415,06/07/2020
1594080000,241.71,243.82,234.55,239.37,56.8877878,07/07/2020
1594166400,239.37,249,237.91,247.14,61.65879354501316,08/07/2020
1594252800,247.11,247.67,237.04,242,57.15296002,09/07/2020
1594339200,242,242.12,235.56,241.2,56.461378859532616,10/07/2020
1594425600,241.26,241.58,237.43,239.17,54.65412926078306,11/07/2020
1594512000,239.18,243.9,236.51,242.81,57.29378774,12/07/2020
1594598400,242.81,245.37,236.97,239.44,54.15089995753699,13/07/2020
1594684800,239.25,242.01,236.66,240.43,54.933013552420334,14/07/2020
1594771200,240.4,241.44,236.36,238.33,52.87267273,15/07/2020
1594857600,238.35,239.16,229.77,233.41,48.301796914296574,16/07/2020
1594944000,233.47,234.55,230.87,232.63,47.59923864964102,17/07/2020
1595030400,232.59,236.97,232.24,235.72,50.66091122429943,18/07/2020
1595116800,235.69,240,233.28,239.17,53.899613402190205,19/07/2020
1595203200,239.26,239.8,233.85,236.1,50.709727636536165,20/07/2020
1595289600,236.12,247.18,235.77,245.65,58.86519106141967,21/07/2020
1595376000,245.64,269.49,241.62,264.28,69.47553848050413,22/07/2020
1595462400,264.28,282.6,260.1,275.68,73.91026172466707,23/07/2020
1595548800,275.56,287.8,268.39,279.59,75.23901113603324,24/07/2020
1595635200,279.66,310,279.62,305.66,81.86934965527757,25/07/2020
1595721600,305.55,319.86,300.21,311.35,82.94291492091494,26/07/2020
1595808000,311.43,334.34,311.38,322.24,84.79819896720137,27/07/2020
1595894400,322.41,327.34,306.29,317.59,80.75890223867745,28/07/2020
1595980800,317.52,325.85,312.66,318.16,80.87913786933206,29/07/2020
1596067200,318.15,342.4,314.52,335.31,84.09878083908171,30/07/2020
1596153600,335.25,349.74,328.35,346.86,85.82936278185358,31/07/2020
1596240000,346.86,394,343.75,387.4,89.95976311808673,01/08/2020
1596326400,387.4,415,325.75,372.21,80.49264727518772,02/08/2020
1596412800,372.19,399.69,366.34,386.22,82.33875002989691,03/08/2020
1596499200,386.27,403.64,380.67,389.82,82.78946395856407,04/08/2020
1596585600,389.76,408,383.86,401.21,84.16625810259657,05/08/2020
1596672000,401.21,404.03,391,395.28,80.55321498814021,06/08/2020
1596758400,395.28,398.57,362.88,379.75,71.85386678,07/08/2020
1596844800,379.76,400.06,376.18,397.51,75.15792636103609,08/08/2020
1596931200,397.5,401,384.02,390.41,71.54223219590979,09/08/2020
1597017600,390.41,400.21,385.44,395.78,72.61529605889649,10/08/2020
1597104000,395.77,398.3,364.77,378.88,64.38682997,11/08/2020
1597190400,378.92,389.57,365.19,387.27,66.42113786996397,12/08/2020
1597276800,387.27,432.94,376.46,424.94,73.68841086547361,13/08/2020
1597363200,425,445.45,417.52,438.83,75.77068517680611,14/08/2020
1597449600,438.83,443.33,428,432.55,72.95934206335428,15/08/2020
1597536000,432.67,437,412.51,433.7,73.15576246347187,16/08/2020
1597622400,433.71,447.5,420.5,431.5,72.07712300353754,17/08/2020
1597708800,431.5,434.27,414.44,422.31,67.59368275744694,18/08/2020
1597795200,422.31,426.97,393.75,407.59,61.043814174191034,19/08/2020
1597881600,407.6,419.58,402.3,415.92,63.21604878910919,20/08/2020
1597968000,415.92,418.92,385,388.05,52.64001243,21/08/2020
1598054400,388,399.73,379.53,395.62,54.84954939412197,22/08/2020
1598140800,395.52,400,383.67,390.9,53.18346453132015,23/08/2020
1598227200,390.78,411.97,387.72,407.76,58.08158197239315,24/08/2020
1598313600,407.76,409.31,369.36,383.33,49.929997288096835,25/08/2020
1598400000,383.26,393.5,377.56,386.1,50.77360898060898,26/08/2020
1598486400,386.12,397.15,371.5,383.25,49.843101627172345,27/08/2020
1598572800,383.27,398.16,379.67,395.47,53.75641228165911,28/08/2020
1598659200,395.35,405.82,392.34,398.58,54.72457871051305,29/08/2020
1598745600,398.57,429.9,398.24,428.94,62.89211021573396,30/08/2020
1598832000,428.92,439,418.16,433.89,64.03141465745045,31/08/2020
1598918400,433.88,488.95,429.66,475.57,71.86453536225822,01/09/2020
1599004800,475.57,481.2,420.58,440.02,59.88531904,02/09/2020
1599091200,439.99,451,370,382.87,46.473672682350305,03/09/2020
1599177600,382.15,400.5,359,388.96,47.81487469850687,04/09/2020
1599264000,389.2,394.38,310,335.25,38.62315038161746,05/09/2020
1599350400,335.25,360.61,316.43,352.77,42.50574503092109,06/09/2020
1599436800,352.85,358.66,323.17,353.71,42.71512535175978,07/09/2020
1599523200,353.71,357.01,325.36,337.48,40.00610054427159,08/09/2020
1599609600,337.48,359.41,330.6,351.1,43.25829814750987,09/09/2020
1599696000,351.11,377.79,350.23,368.06,47.10359123,10/09/2020
1599782400,367.94,375.38,355.81,373.93,48.40680730426207,11/09/2020
1599868800,373.93,388.25,364.88,387.81,51.45254670858864,12/09/2020
1599955200,387.82,390.41,353.58,366.58,46.89269477411746,13/09/2020
1600041600,366.58,384.61,355.66,377.28,49.330017758927156,14/09/2020
1600128000,377.27,382.76,362.5,364.2,46.519401297778266,15/09/2020
1600214400,364.05,373.37,355,365.23,46.77656365,16/09/2020
1600300800,365.22,394.55,363.4,389.45,52.55396633146217,17/09/2020
1600387200,389.52,392.69,375.19,384.64,51.36156192902634,18/09/2020
1600473600,384.6,388.43,377.2,385.23,51.506903419082086,19/09/2020
1600560000,385.25,385.31,364.89,370.69,47.72223495680566,20/09/2020
1600646400,371.03,376.76,331,340.11,40.913226301590186,21/09/2020
1600732800,340.36,346.84,335.57,344.26,42.12016631376009,22/09/2020
1600819200,344.25,344.64,313,320.63,37.43165713,23/09/2020
1600905600,320.65,353.14,316.65,349.14,45.33756654957311,24/09/2020
1600992000,349.14,358.12,337.63,352.11,46.10160797380817,25/09/2020
1601078400,352.12,356.5,346.03,354.13,46.64781808157206,26/09/2020
1601164800,354.01,362.86,347.05,357.55,47.61574838663901,27/09/2020
1601251200,357.53,368.52,351.88,353.91,46.64576546562009,28/09/2020
1601337600,353.68,360.59,350.19,359.9,48.504811926185404,29/09/2020
1601424000,359.93,361.51,351.38,359.89,48.50177358296866,30/09/2020
1601510400,360.01,370.25,345.01,352.9,46.31773080992642,01/10/2020
1601596800,352.84,354.25,334.19,345.7,44.11418644872073,02/10/2020
1601683200,345.74,351.2,343.71,346.18,44.304420682548475,03/10/2020
1601769600,346.18,354.35,344.08,352.48,46.861141527338646,04/10/2020
1601856000,352.42,356.12,348.69,353.73,47.37730800372282,05/10/2020
1601942400,353.82,355.33,336.73,340.78,42.74490467,06/10/2020
1602028800,340.8,342.83,332.87,341.68,43.16085449573474,07/10/2020
1602115200,341.7,353.34,334.29,351.25,47.52624466203677,08/10/2020
1602201600,351.17,368.7,347.15,365.36,53.22978656576133,09/10/2020
1602288000,365.35,380.81,365.02,370.75,55.231586318740156,10/10/2020
1602374400,370.73,377.49,369.02,374.38,56.57945954754935,11/10/2020
1602460800,374.37,395.18,365.77,386.74,60.896530290469975,12/10/2020
1602547200,386.77,387.88,374.29,381.37,58.189583687345525,13/10/2020
1602633600,381.37,387.63,373.29,378.97,56.97070530106658,14/10/2020
1602720000,379.01,381.99,370.06,377.94,56.42445316143322,15/10/2020
1602806400,377.89,380,361.38,365.57,50.199219233051245,16/10/2020
1602892800,365.57,370.57,363.56,368.48,51.55334829,17/10/2020
1602979200,368.48,378.69,367.31,378.58,56.02289620813058,18/10/2020
1603065600,378.56,384.69,372.89,379.36,56.35775738740963,19/10/2020
1603152000,379.53,380.9,364.04,368.81,50.731047216241556,20/10/2020
1603238400,368.81,402.62,368.06,391.53,59.99429569352558,21/10/2020
1603324800,391.36,421.47,391.33,414.7,66.84115974711582,22/10/2020
1603411200,414.64,419.48,401.51,409.52,64.19591660107179,23/10/2020
1603497600,409.55,417,407.4,412.58,65.07520597481515,24/10/2020
1603584000,412.58,417.86,402.92,406.46,61.80598357567136,25/10/2020
1603670400,406.32,411.47,382.21,393.12,55.28617896824508,26/10/2020
1603756800,393.07,411.77,390.35,404.55,59.252435484344325,27/10/2020
1603843200,404.56,409.52,380.5,388.63,52.29455446396933,28/10/2020
1603929600,388.59,394,380.75,387.6,51.87016240943937,29/10/2020
1604016000,387.49,392.16,373.4,382.77,49.828051744839485,30/10/2020
1604102400,382.77,394,380.76,386.74,51.51761216193374,31/10/2020
1604188800,386.72,397.65,385.09,396.91,55.63887611593778,01/11/2020
1604275200,396.91,404.57,378.36,383.33,49.57845356097142,02/11/2020
1604361600,383.33,390.35,370.5,388.32,51.66197934,03/11/2020
1604448000,388.33,409,376.64,403.18,57.318223548311565,04/11/2020
1604534400,403.19,421.25,396.43,417.17,61.844862908254115,05/11/2020
1604620800,417.29,458.92,415.57,456.65,71.14514979537513,06/11/2020
1604707200,456.69,468.98,423,435.73,62.457590660341054,07/11/2020
1604793600,435.59,460.57,432.65,454.61,66.44043875741878,08/11/2020
1604880000,454.61,460,433.83,444.81,62.72087117962906,09/11/2020
1604966400,444.84,455.51,439.36,450.89,64.06499673212736,10/11/2020
1605052800,450.89,476.8,449.95,463.79,66.80014622324626,11/11/2020
1605139200,463.75,470.56,452.07,462.98,66.45809491,12/11/2020
1605225600,462.91,478.31,457.64,477.14,69.40723556794393,13/11/2020
1605312000,477.15,478,452.17,461.16,62.70655510470633,14/11/2020
1605398400,461.21,463.24,439.77,448.58,57.96249904645399,15/11/2020
1605484800,448.6,466.21,445.91,460.85,61.05716012892842,16/11/2020
1605571200,460.87,485,460.05,482.68,65.87101926575636,17/11/2020
1605657600,482.75,495.68,456.5,478.96,64.40987827406477,18/11/2020
1605744000,479,480.99,465.18,471.92,61.62400066120659,19/11/2020
1605830400,471.92,514.73,471.07,510.43,69.41657877148869,20/11/2020
1605916800,510.6,554.28,502.82,553.07,75.37825798,21/11/2020
1606003200,553.06,581.8,511.16,560.82,76.28317403717503,22/11/2020
1606089600,560.78,611.43,550,609.26,80.98679192697242,23/11/2020
1606176000,609.26,623.22,587.25,605.45,79.64877959200912,24/11/2020
1606262400,605.45,606.49,554,568.79,68.00625991661082,25/11/2020
1606348800,569.19,577,480.08,520.34,56.29455215,26/11/2020
1606435200,520.35,531.41,493.51,519.07,56.02220292311858,27/11/2020
1606521600,519.04,548.83,505.01,538.11,59.20843936755843,28/11/2020
1606608000,537.97,577.55,531,576.76,64.78580961153196,29/11/2020
1606694400,576.9,617,571.11,617,69.46667742784655,30/11/2020
1606780800,617,636.53,563.01,586.03,62.57281976545502,01/12/2020
1606867200,585.87,604.96,575.08,597.35,63.97990543070896,02/12/2020
1606953600,597.03,624.57,586.11,616.65,66.30577054458644,03/12/2020
1607040000,616.46,620.56,566,567.6,56.34756248498871,04/12/2020
1607126400,567.76,597.88,561.15,597.29,60.240085430427655,05/12/2020
1607212800,597.29,607.46,583.31,601.95,60.83046524134986,06/12/2020
1607299200,601.97,603.4,584.54,591.47,58.718808426771275,07/12/2020
1607385600,591.53,595.47,548.12,554.79,51.92474910289639,08/12/2020
1607472000,554.8,578.67,530.32,573.38,54.78045225824838,09/12/2020
1607558400,573.26,575.62,547.83,559.45,52.27469267349409,10/12/2020
1607644800,559.33,560.62,535.5,544.23,49.60484721967417,11/12/2020
1607731200,544.51,574.33,543.22,568.64,53.689990685169604,12/12/2020
1607817600,568.64,595.21,563.79,590.75,57.08349598,13/12/2020
1607904000,590.45,591.71,575.58,586.39,56.20879349971495,14/12/2020
1607990400,586.4,597.04,579.15,589.08,56.650148328785804,15/12/2020
1608076800,589.08,639.58,581.21,637.98,63.79386746505363,16/12/2020
1608163200,637.91,677.05,626.79,643.37,64.48852391070433,17/12/2020
1608249600,643.26,664.46,629.59,654.66,65.96167071642176,18/12/2020
1608336000,654.66,672.06,646.54,658.96,66.53114917578155,19/12/2020
1608422400,658.8,661.4,621.46,638.4,61.25418472842165,20/12/2020
1608508800,638.19,648.35,596.9,608.07,54.399492293703354,21/12/2020
1608595200,608.07,638.5,587.54,636.82,59.07463519934717,22/12/2020
1608681600,636.73,638.75,551.45,585.11,49.28697753389355,23/12/2020
1608768000,585.37,614.99,565.61,612.27,53.63240224759873,24/12/2020
1608854400,612.25,633.97,604.26,626.75,55.80657417308411,25/12/2020
1608940800,626.71,652.7,615.22,636.52,57.26269399847423,26/12/2020
1609027200,636.85,714.99,625.01,684.12,63.56197952439582,27/12/2020
1609113600,684.11,747,680.9,729.7,68.36970292643257,28/12/2020
1609200000,729.65,739.66,688,731.76,68.57153281551736,29/12/2020
1609286400,731.79,759,717,752.86,70.63817448819324,30/12/2020
1609372800,752.87,755.9,724,737.67,67.21170479183183,31/12/2020
1609459200,737.89,750,717.1,730.99,65.70234875786824,01/01/2021
1609545600,730.97,789.21,715.22,775.3,70.44374414069652,02/01/2021
1609632000,775.29,1015.14,770,980.44,82.50329850460834,03/01/2021
1609718400,980.44,1168.99,886.33,1042.38,84.55275377629214,04/01/2021
1609804800,1042.24,1136.93,975,1103.73,86.26841305175552,05/01/2021
1609891200,1103.71,1215.98,1058.32,1212.02,88.66211690156145,06/01/2021
1609977600,1212.68,1291.94,1140,1227.34,88.95544456407646,07/01/2021
1610064000,1227.55,1275,1063.18,1217.35,87.36812105374983,08/01/2021
1610150400,1217.31,1310,1172.86,1281.45,88.75469028895996,09/01/2021
1610236800,1281.25,1350.88,1153,1255.13,84.64609764066348,10/01/2021
1610323200,1255.1,1260.24,905,1088.79,64.36657712813917,11/01/2021
1610409600,1088.55,1150,1006.83,1049.79,60.69497134462224,12/01/2021
1610496000,1050.46,1137.75,980,1130.8,65.14278899813088,13/01/2021
1610582400,1130.79,1246.99,1087.05,1231.32,69.72139479213105,14/01/2021
1610668800,1231.59,1255.59,1065,1168.1,64.02527919760546,15/01/2021
1610755200,1169.04,1294,1152.3,1227.14,66.75672780553762,16/01/2021
1610841600,1227.76,1268.83,1165.78,1232.99,67.02389868,17/01/2021
1610928000,1232.6,1261,1181.9,1258.48,68.22231111541537,18/01/2021
1611014400,1258.55,1440,1252.01,1368.04,72.79816430991056,19/01/2021
1611100800,1367.7,1408.5,1234.01,1376.88,73.13431393730383,20/01/2021
1611187200,1377.15,1390,1081,1110.62,52.20741223610479,21/01/2021
1611273600,1110.61,1275.99,1039.62,1233.6,58.16219446969403,22/01/2021
1611360000,1233.42,1272,1196.74,1234.55,58.20551543359391,23/01/2021
1611446400,1234.47,1401.92,1221.66,1394,64.79458744,24/01/2021
1611532800,1394.04,1477.3,1293.65,1317.97,59.94191431125121,25/01/2021
1611619200,1317.98,1378.12,1245,1367.98,61.95999895486019,26/01/2021
1611705600,1367.97,1375.91,1206.05,1240.96,54.45596816378182,27/01/2021
1611792000,1240.62,1363.27,1220.08,1333.19,58.39602772918368,28/01/2021
1611878400,1333.61,1442.88,1286.56,1379.87,60.269464556779276,29/01/2021
1611964800,1380.04,1408.97,1327,1380,60.274829525730254,30/01/2021
1612051200,1380,1382,1283,1313.94,56.127234548628905,31/01/2021
1612137600,1313.95,1378.02,1271.31,1374.6,58.92243863299084,01/02/2021
1612224000,1374.55,1549,1360.27,1513.67,64.50575444128413,02/02/2021
1612310400,1513.85,1672.21,1509.48,1668.72,69.48559507584774,03/02/2021
1612396800,1668.71,1699,1556,1597.55,64.97907899,04/02/2021
1612483200,1597.34,1763.93,1589.17,1721.06,68.76504622677314,05/02/2021
1612569600,1721.06,1745.25,1646.7,1679.77,66.18894918842918,06/02/2021
1612656000,1679.76,1695.38,1493.28,1615.32,62.26773751175098,07/02/2021
1612742400,1615.51,1780,1565.98,1752.98,66.79291008210633,08/02/2021
1612828800,1752.98,1824.23,1710.01,1772.16,67.37990327430542,09/02/2021
1612915200,1771.91,1839,1680,1742.93,65.48023669281488,10/02/2021
1613001600,1742.51,1819,1704.23,1787.32,67.00176060314645,11/02/2021
1613088000,1787.33,1868.9,1741.29,1845,68.91881040359937,12/02/2021
1613174400,1844.78,1877.88,1766.15,1818.01,66.95856221229796,13/02/2021
1613260800,1817.85,1852.47,1785.07,1803.75,65.89219063791435,14/02/2021
1613347200,1803.25,1836,1659.93,1779.62,64.0338117,15/02/2021
1613433600,1780.59,1825,1725,1781.97,64.13988528046993,16/02/2021
1613520000,1782.14,1857.61,1733.87,1852,67.24052101,17/02/2021
1613606400,1851.9,1950.3,1851.47,1939.64,70.65959219684906,18/02/2021
1613692800,1939.64,1974.98,1890,1957.68,71.32306442080528,19/02/2021
1613779200,1957.9,2041.42,1811.25,1915.46,67.47731676617818,20/02/2021
1613865600,1915.01,1976.72,1885,1935.57,68.35263675510973,21/02/2021
1613952000,1935.67,1938.95,1507.34,1778.66,55.74556952148751,22/02/2021
1614038400,1778.33,1783.22,1356,1577.83,44.4461612,23/02/2021
1614124800,1577.84,1714,1500.28,1625.3,47.17190852318299,24/02/2021
1614211200,1625.27,1672.49,1458.5,1482.62,40.70691284,25/02/2021
1614297600,1482.05,1564.11,1400.01,1445.18,39.18913606040553,26/02/2021
1614384000,1445.09,1526.82,1420,1460.57,40.17654865967606,27/02/2021
1614470400,1460.49,1469.96,1292.76,1422.02,38.49060642464266,28/02/2021
1614556800,1421.8,1574.28,1412.61,1571.82,47.678615330689375,01/03/2021
1614643200,1571.87,1605.89,1455.86,1488.34,43.75602350029745,02/03/2021
1614729600,1488.34,1657.91,1476.72,1567.86,48.13341837848265,03/03/2021
1614816000,1568.4,1625,1504.06,1539.69,46.745466638123325,04/03/2021
1614902400,1539.53,1551.19,1442.32,1528.82,46.19196176670413,05/03/2021
1614988800,1528.82,1673.02,1512.45,1651.83,52.977485240074195,06/03/2021
1615075200,1651.75,1735,1631.07,1728.22,56.63476885,07/03/2021
1615161600,1727.95,1843.99,1664.08,1834.58,61.16390003167262,08/03/2021
1615248000,1834.88,1872.26,1800,1871.99,62.64182684393187,09/03/2021
1615334400,1871.93,1879,1756.29,1795.37,57.79099095490554,10/03/2021
1615420800,1795.55,1847,1725,1827.04,59.197459334453534,11/03/2021
1615507200,1826.53,1841.96,1721.15,1767.79,55.47325548473459,12/03/2021
1615593600,1766.76,1944,1728.3,1921.61,62.13355874246833,13/03/2021
1615680000,1921.76,1931.97,1836.61,1848.9,57.73718423099129,14/03/2021
1615766400,1848.56,1893.75,1734.87,1795.07,54.653960704277814,15/03/2021
1615852800,1794.08,1819.2,1706.25,1806.03,55.17877301043498,16/03/2021
1615939200,1805.7,1841.13,1742,1824.74,56.112570520221176,17/03/2021
1616025600,1824.45,1850,1758.4,1776.4,53.03807231910377,18/03/2021
1616112000,1776.4,1840.69,1734.29,1809.38,54.85546168929014,19/03/2021
1616198400,1808.95,1869,1800.55,1806.47,54.654480754510615,20/03/2021
1616284800,1806.04,1818.86,1748.25,1784,53.03855487455904,21/03/2021
1616371200,1784.11,1806.39,1657.17,1681.02,46.28448433897986,22/03/2021
1616457600,1681.4,1723.61,1651.58,1668.09,45.501009130261174,23/03/2021
1616544000,1668.37,1740.91,1545.77,1581.79,40.56538189215442,24/03/2021
1616630400,1581.97,1622.27,1548.69,1587.08,40.98794504,25/03/2021
1616716800,1587.01,1700.7,1586.81,1700.1,49.28416141395877,26/03/2021
1616803200,1699.97,1732.85,1666.4,1713.88,50.203377918975875,27/03/2021
1616889600,1713.96,1725.71,1662,1686.92,48.35672024968005,28/03/2021
1616976000,1686.92,1841.88,1675.28,1815.73,56.57542544304591,29/03/2021
1617062400,1815.73,1860,1785.77,1841.16,57.99662555,30/03/2021
1617148800,1841.03,1948,1771.94,1920,62.13425079639775,31/03/2021
1617235200,1919.99,1982.21,1886.11,1968.38,64.44859360492381,01/04/2021
1617321600,1968.74,2145,1948.67,2134.68,71.00807193269459,02/04/2021
1617408000,2134.38,2139.33,2000,2009.25,61.75328477,03/04/2021
1617494400,2008.97,2093.07,1980,2076.36,64.42490820424413,04/04/2021
1617580800,2076.31,2131.27,2003.1,2106.98,65.60542896839425,05/04/2021
1617667200,2107.45,2151,2046.08,2113,65.84539669364752,06/04/2021
1617753600,2113.55,2128.99,1929.69,1964.23,55.53384073523696,07/04/2021
1617840000,1964.69,2084.54,1949.34,2081.29,60.74327635567666,08/04/2021
1617926400,2081.29,2100,2048.41,2066.03,59.760385836130396,09/04/2021
1618012800,2066.5,2195,2057.2,2133.08,62.62225002102278,10/04/2021
1618099200,2133.07,2163.18,2112.58,2150.54,63.35315668855761,11/04/2021
1618185600,2150.54,2199.11,2102.55,2138.03,62.41146038101301,12/04/2021
1618272000,2138.02,2317.3,2135.9,2299.92,68.86181140972488,13/04/2021
1618358400,2300.01,2446.91,2283.26,2432.54,72.95603819,14/04/2021
1618444800,2432.16,2546.82,2401.25,2517.03,75.19382789782642,15/04/2021
1618531200,2517.03,2548,2305,2426.64,68.64921046664713,16/04/2021
1618617600,2426.64,2497.84,2305.55,2318.7,61.73875534009739,17/04/2021
1618704000,2319.11,2341,2000,2241.46,57.29421917635811,18/04/2021
1618790400,2241.67,2282.6,2050,2163.82,53.15214992844659,19/04/2021
1618876800,2163.69,2349.5,2054.25,2332.6,59.933392248626674,20/04/2021
1618963200,2332.18,2471.72,2237.02,2357.21,60.823856712352026,21/04/2021
1619049600,2357.74,2646.2,2304,2399.99,62.38868395,22/04/2021
1619136000,2399.21,2442.29,2040,2370.05,60.56535640059261,23/04/2021
1619222400,2369.8,2371.18,2158.36,2216.72,52.15832733478453,24/04/2021
1619308800,2216.18,2358.22,2166,2322.16,56.61788643306008,25/04/2021
1619395200,2322.43,2542.04,2306.03,2534,63.898919768620594,26/04/2021
1619481600,2533.99,2683,2484.56,2667.86,67.59943680602017,27/04/2021
1619568000,2667.86,2762.59,2551,2751.59,69.69216163585725,28/04/2021
1619654400,2751.56,2800,2672,2758.92,69.87559805686142,29/04/2021
1619740800,2758.92,2800,2727,2776.45,70.33797275440334,30/04/2021
1619827200,2776.76,2955.9,2757.28,2948.92,74.48705916,01/05/2021
1619913600,2948.92,2986,2855.29,2952.09,74.55750279661686,02/05/2021
1620000000,2952.21,3457.75,2952.08,3433.99,82.47793498799147,03/05/2021
1620086400,3433.99,3534.5,3166.12,3240.01,72.67096623677203,04/05/2021
1620172800,3239.61,3550,3201.33,3529.97,77.06158931652458,05/05/2021
1620259200,3529.96,3610.91,3381.11,3492.75,75.38732819824457,06/05/2021
1620345600,3492.33,3595.07,3356.69,3484.7,75.00775495403605,07/05/2021
1620432000,3484.69,3962.44,3455,3917.26,80.64659509289847,08/05/2021
1620518400,3917.26,3984,3726.29,3928.44,80.76737735,09/05/2021
1620604800,3928.41,4213.85,3650.01,3949.45,81.00726190559287,10/05/2021
1620691200,3949.45,4183.25,3760,4179.76,83.44488912742216,11/05/2021
1620777600,4179.77,4384.43,3700,3826.37,68.84420390835709,12/05/2021
1620864000,3826.37,4055.62,3525.62,3719.23,65.1237578,13/05/2021
1620950400,3719.22,4177.77,3695,4080.51,70.84530075722785,14/05/2021
1621036800,4080.51,4138,3632,3649.54,58.513479881009026,15/05/2021
1621123200,3648.16,3878.23,3334.88,3585.62,56.93064123652054,16/05/2021
1621209600,3584.79,3590,3101,3283.32,50.03686930871811,17/05/2021
1621296000,3283.32,3567.4,3241.06,3375.96,51.956809750648176,18/05/2021
1621382400,3376.98,3444.96,1860,2443.91,36.68347351027558,19/05/2021
1621468800,2443.91,2999.99,2156,2775.07,43.08523817993865,20/05/2021
1621555200,2775.06,2950,2105,2434.86,38.75058126176452,21/05/2021
1621641600,2434.86,2486.29,2156,2297.19,37.122987303908275,22/05/2021
1621728000,2296.68,2382,1728,2099.58,34.85967017385667,23/05/2021
1621814400,2100.07,2678.25,2072.15,2651.24,44.95003366979765,24/05/2021
1621900800,2651.57,2768,2383.39,2707.56,45.87187395772399,25/05/2021
1621987200,2707.75,2913.68,2647.21,2889.84,48.856890963324474,26/05/2021
1622073600,2889.43,2893.96,2639.32,2745.51,46.66259608130376,27/05/2021
1622160000,2745.25,2762.91,2329.2,2413.81,41.99454512696228,28/05/2021
1622246400,2413.28,2574.86,2207.74,2280.72,40.254479826149726,29/05/2021
1622332800,2280.78,2480.69,2182.2,2387.66,42.32251728521874,30/05/2021
1622419200,2387.65,2720,2275.22,2707.12,48.10170900553485,31/05/2021
1622505600,2707.87,2748,2527.88,2634.42,46.94881845833617,01/06/2021
1622592000,2634.46,2803,2552.28,2706.64,48.27509780410439,02/06/2021
1622678400,2706.87,2890,2663.02,2856.68,51.01501345654225,03/06/2021
1622764800,2856.73,2859.85,2554.39,2690.68,47.98641604903427,04/06/2021
1622851200,2691.13,2816.92,2552.18,2629.75,46.886154518330436,05/06/2021
1622937600,2629.45,2745.36,2615,2710.97,48.57868795722683,06/06/2021
1623024000,2710.97,2849.15,2575,2592.47,46.26237373778849,07/06/2021
1623110400,2592.47,2621.91,2306.52,2509.11,44.64952881486479,08/06/2021
1623196800,2509.1,2628.16,2406.33,2611.27,47.08429439,09/06/2021
1623283200,2611.4,2625,2428.16,2471.59,44.22015520926909,10/06/2021
1623369600,2471.59,2499.34,2322.16,2355.27,41.932584471786434,11/06/2021
1623456000,2355.11,2452.58,2257.07,2371.49,42.380202057595504,12/06/2021
1623542400,2371.85,2550,2309.67,2510.23,46.200427495726196,13/06/2021
1623628800,2510.22,2609.02,2461.63,2582.86,48.13889301848167,14/06/2021
1623715200,2582.45,2640,2506.23,2543.58,47.14943835783923,15/06/2021
1623801600,2543.57,2555,2351.01,2367.73,42.89838711378134,16/06/2021
1623888000,2368.24,2459.53,2306.35,2373.33,43.074405376357376,17/06/2021
1623974400,2373.33,2377.8,2125.12,2234.47,39.798370877213344,18/06/2021
1624060800,2234.8,2279,2162.72,2164.72,38.22570517,19/06/2021
1624147200,2165.13,2275.78,2042.5,2242.9,41.03811506973729,20/06/2021
1624233600,2242.89,2259.1,1864.5,1885.67,33.52702768146973,21/06/2021
1624320000,1885.49,1996.67,1700,1881.65,33.45282646240403,22/06/2021
1624406400,1881.24,2045,1823.97,1968.37,36.707063134259755,23/06/2021
1624492800,1968.36,2035.39,1884.77,1988.81,37.4830663,24/06/2021
1624579200,1988.81,2019.39,1792,1809.07,33.583770119408584,25/06/2021
1624665600,1809.07,1851.97,1717.41,1829.17,34.40554758472861,26/06/2021
1624752000,1829,1988.62,1807.89,1984.71,40.53692555617434,27/06/2021
1624838400,1984.84,2143.67,1957.24,2083.79,44.12015608294833,28/06/2021
1624924800,2083.99,2247.03,2074.53,2166.18,46.98123717413786,29/06/2021
1625011200,2165.64,2288,2089.16,2276.72,50.63330376247658,30/06/2021
1625097600,2276.74,2277.44,2072.06,2107.01,45.45632828834879,01/07/2021
1625184000,2107.75,2159.43,2017.07,2156,47.13660040354348,02/07/2021
1625270400,2156,2239.69,2113.18,2226.95,49.560079549007774,03/07/2021
1625356800,2227.46,2389.22,2190.56,2323.15,52.72472879977653,04/07/2021
1625443200,2323.27,2324.44,2160,2197.34,48.444015900608136,05/07/2021
1625529600,2197.34,2350,2195.02,2321.84,52.54964823987588,06/07/2021
1625616000,2322.2,2411.19,2294.16,2316.82,52.36855983,07/07/2021
1625702400,2317.64,2325.46,2084,2116.95,45.62685202336668,08/07/2021
1625788800,2116.3,2189.28,2050,2147.38,46.75081316928989,09/07/2021
1625875200,2147.38,2192.98,2075,2110.55,45.524238585011084,10/07/2021
1625961600,2110.56,2173.37,2081.51,2140.82,46.7605663,11/07/2021
1626048000,2141.45,2169,2002,2030.72,42.943034954317156,12/07/2021
1626134400,2030.74,2047.72,1917.4,1940.76,40.06488411,13/07/2021
1626220800,1940.34,2019.9,1865.5,1994.11,42.525075460348916,14/07/2021
1626307200,1994.12,2039.99,1880,1918.07,40.004559792178746,15/07/2021
1626393600,1918.99,1965.35,1850.15,1877.22,38.67824768300388,16/07/2021
1626480000,1877.22,1919,1847,1899.75,39.86247641382434,17/07/2021
1626566400,1899.75,1994.4,1878.67,1891.46,39.55974842199221,18/07/2021
1626652800,1891.46,1918.65,1805.47,1818.44,36.90145008990615,19/07/2021
1626739200,1818.45,1840.79,1718.41,1786.46,35.767838676144066,20/07/2021
1626825600,1786.51,2033.16,1754.27,1996.18,47.218890182306524,21/07/2021
1626912000,1996.21,2046.74,1948.68,2024.75,48.56417311705487,22/07/2021
1626998400,2024.75,2131.51,1995,2125.81,53.11626533532195,23/07/2021
1627084800,2125.82,2200,2107.13,2185.95,55.63265328,24/07/2021
1627171200,2186.76,2197.05,2108.08,2193.03,55.93251990765827,25/07/2021
1627257600,2192.38,2437.99,2172.99,2228.26,57.47278572722441,26/07/2021
1627344000,2228.71,2321,2152,2300.59,60.52353308177608,27/07/2021
1627430400,2300.28,2347.88,2245.1,2300.42,60.51254555692783,28/07/2021
1627516800,2300.76,2399.99,2267.78,2383.32,63.94952461968517,29/07/2021
1627603200,2383.47,2474.82,2317.51,2463.9,66.95987373,30/07/2021
1627689600,2463.88,2555,2422.31,2533.74,69.34886252723206,31/07/2021
1627776000,2533.54,2699,2511.5,2555.43,70.07260056789904,01/08/2021
1627862400,2555.99,2666.36,2503.7,2608.12,71.81370993216142,02/08/2021
1627948800,2608.12,2633,2445.58,2508.31,64.19488433387173,03/08/2021
1628035200,2508.16,2771.42,2455.94,2724.71,71.30340095275689,04/08/2021
1628121600,2724.71,2845,2530.69,2829.35,73.99222430274938,05/08/2021
1628208000,2829.49,2949.21,2721,2892.98,75.49578678199401,06/08/2021
1628294400,2892.83,3173.72,2866.58,3163.09,80.61821110127454,07/08/2021
1628380800,3163.09,3191.99,2948.76,3014.13,71.71478473749208,08/08/2021
1628467200,3014.12,3190,2892.5,3162.34,74.70776436329862,09/08/2021
1628553600,3162.33,3235.1,3051,3142.09,73.56242934614059,10/08/2021
1628640000,3142.18,3275,3122.22,3162.61,73.99745972807257,11/08/2021
1628726400,3162.16,3239.69,2980,3047.21,67.29135330128977,12/08/2021
1628812800,3047.21,3330,3034.52,3324.51,73.50499701363236,13/08/2021
1628899200,3324.51,3333,3206.96,3266.52,70.48925214820312,14/08/2021
1628985600,3266.52,3323.54,3112.96,3310.93,71.45512127151042,15/08/2021
1629072000,3311.02,3341.47,3135,3146.6,63.210880398613526,16/08/2021
1629158400,3146.6,3293.15,2992.15,3011.01,57.33304023218587,17/08/2021
1629244800,3011.77,3126.51,2951,3014.38,57.43897169484784,18/08/2021
1629331200,3014.38,3187.48,2960,3184.21,62.49276537374033,19/08/2021
1629417600,3184.32,3300,3178.65,3286.58,65.17696603540155,20/08/2021
1629504000,3286.82,3311,3206.96,3226.73,62.366815172537024,21/08/2021
1629590400,3226.38,3275,3128.82,3241.42,62.79087513976287,22/08/2021
1629676800,3241.41,3378.6,3233.19,3323.12,65.14335964501785,23/08/2021
1629763200,3322.76,3360,3133.45,3171.52,57.83634491,24/08/2021
1629849600,3170.94,3249,3079.92,3228.51,59.66783875958172,25/08/2021
1629936000,3228.51,3251.05,3056,3093.2,53.70321049646886,26/08/2021
1630022400,3092.71,3283.26,3050,3274.67,59.54416557671903,27/08/2021
1630108800,3275.32,3290.51,3212.01,3247.99,58.378032499582304,28/08/2021
1630195200,3247.99,3287.73,3153.75,3226.46,57.40108353051675,29/08/2021
1630281600,3226.45,3349,3145.45,3229.01,57.49181872676163,30/08/2021
1630368000,3229.02,3486.8,3190.56,3430.23,64.00680210465376,31/08/2021
1630454400,3430,3843.12,3384.24,3829.39,72.88478637270781,01/09/2021
1630540800,3829.29,3838.28,3722.65,3787.97,70.92968302254063,02/09/2021
1630627200,3788.2,4030.35,3710.59,3940.06,73.71756092635998,03/09/2021
1630713600,3940.06,3970,3834.57,3887.53,71.17855014924952,04/09/2021
1630800000,3887.58,3982.64,3835.7,3952.17,72.43661981987677,05/09/2021
1630886400,3951.68,3973.27,3868,3928.89,71.23068918895908,06/09/2021
1630972800,3928.72,3948,3009,3436.96,51.659429750863836,07/09/2021
1631059200,3436.75,3562.98,3216,3500.34,53.43463372220629,08/09/2021
1631145600,3499.54,3568.59,3393.17,3424.95,51.03391346920196,09/09/2021
1631232000,3424.32,3514.37,3142.67,3209.82,44.84261717417674,10/09/2021
1631318400,3209.29,3349.43,3199.88,3266.77,46.686516519541534,11/09/2021
1631404800,3266.97,3472.99,3231.75,3403.75,50.935175967327496,12/09/2021
1631491200,3403.81,3430,3111.14,3286.2,47.44119423983946,13/09/2021
1631577600,3285.66,3439.15,3270.74,3436.29,51.971386898766596,14/09/2021
1631664000,3436.29,3621.15,3359.96,3615.65,56.76700933612793,15/09/2021
1631750400,3615.68,3675.92,3482.97,3568.66,55.21161706053842,16/09/2021
1631836800,3568.77,3595,3350.06,3400,49.92416913500509,17/09/2021
1631923200,3400,3543,3369.53,3436.31,51.01185985677462,18/09/2021
1632009600,3436.59,3457.22,3278,3328.59,47.701579343342054,19/09/2021
1632096000,3328.7,3346.58,2911.81,2976.48,38.831217352187196,20/09/2021
1632182400,2976.36,3104.82,2651,2765.69,34.674289526439765,21/09/2021
1632268800,2765.33,3090.83,2738.24,3078.43,44.21586880889339,22/09/2021
1632355200,3078.42,3182.34,3035.83,3154.62,46.27467012580557,23/09/2021
1632441600,3154.42,3160.48,2735,2930.61,41.43290953288721,24/09/2021
1632528000,2930.59,2968.85,2800.01,2924.01,41.29581276669582,25/09/2021
1632614400,2923.91,3117.48,2741.34,3060.71,45.33072728056865,26/09/2021
1632700800,3059.92,3168.03,2925,2925.27,42.23341780562812,27/09/2021
1632787200,2926.27,2971.16,2782.6,2805.65,39.65623664446373,28/09/2021
1632873600,2805.64,2950.6,2781.99,2850.14,41.09595366631844,29/09/2021
1632960000,2849.71,3048.58,2836.21,3000.46,45.80111126,30/09/2021
1633046400,3001.14,3337.15,2967.41,3311.16,53.98304715364375,01/10/2021
1633132800,3311.2,3469.95,3258.94,3387.82,55.75770872750501,02/10/2021
1633219200,3388.67,3489.18,3343.36,3420.07,56.51743721,03/10/2021
1633305600,3419.63,3438.91,3269.67,3387.2,55.4718787,04/10/2021
1633392000,3386.9,3547.88,3365.34,3515.3,58.680065271592035,05/10/2021
1633478400,3517.26,3632.44,3342.16,3575.85,60.141878125830985,06/10/2021
1633564800,3576.45,3655.02,3471.52,3588.51,60.45687581649772,07/10/2021
1633651200,3588.83,3670,3535,3563.96,59.475287093491296,08/10/2021
1633737600,3563.96,3634.13,3538.61,3575.83,59.81501527,09/10/2021
1633824000,3575.2,3605.49,3406.44,3415,53.29566202,10/10/2021
1633910400,3414.75,3625,3373.45,3542.37,57.267883623015535,11/10/2021
1633996800,3542.2,3549,3403.51,3490.61,55.21280765,12/10/2021
1634083200,3490.17,3614.48,3412.45,3608.21,58.827885526875214,13/10/2021
1634169600,3608.43,3828.84,3588.55,3791.66,63.744167455597676,14/10/2021
1634256000,3791.06,3900,3734.44,3869.73,65.62531755484747,15/10/2021
1634342400,3869.73,3968.49,3802,3829.66,63.79571432375217,16/10/2021
1634428800,3829.7,3919,3643,3847.18,64.26483090631126,17/10/2021
1634515200,3847.38,3894.7,3676.35,3745.48,59.449352240488636,18/10/2021
1634601600,3745.13,3890.36,3700,3878.17,63.31205592522496,19/10/2021
1634688000,3878.35,4169,3829.59,4161.94,69.91274323411803,20/10/2021
1634774400,4161.83,4374.95,4010.22,4053.9,65.10972305744554,21/10/2021
1634860800,4053.97,4169.72,3885.25,3971.55,61.63402296874873,22/10/2021
1634947200,3971.89,4172.04,3935.92,4168.56,66.27263650501769,23/10/2021
1635033600,4168.53,4188.42,3962.05,4082.64,62.711568460669355,24/10/2021
1635120000,4082.09,4236.27,4069.22,4220.93,65.88863502229582,25/10/2021
1635206400,4221.16,4297,4091.31,4131.47,62.19679395106043,26/10/2021
1635292800,4132.19,4314.63,3911,3923.94,54.55949942639379,27/10/2021
1635379200,3925.26,4299,3889.05,4288.26,63.12080156383102,28/10/2021
1635465600,4288.25,4461.96,4266.91,4421.23,65.66357209,29/10/2021
1635552000,4421.23,4435,4236.99,4324.67,62.304103253014524,30/10/2021
1635638400,4325.55,4395.99,4168.1,4290.16,61.10093502781988,31/10/2021
1635724800,4290.31,4385.16,4151,4322.89,61.85334050196544,01/11/2021
1635811200,4322.89,4604.99,4287.32,4595.01,67.4845501,02/11/2021
1635897600,4594.27,4671,4456,4606.07,67.69329562867074,03/11/2021
1635984000,4606.07,4610.24,4423.01,4537.15,64.89734700992514,04/11/2021
1636070400,4537.14,4574,4446.01,4479.47,62.56817438,05/11/2021
1636156800,4479.47,4534.43,4329.21,4523.16,63.63286946002311,06/11/2021
1636243200,4523.73,4639.8,4506.99,4617.02,65.87829253349742,07/11/2021
1636329600,4617.27,4825,4616.5,4811.9,70.01759377775305,08/11/2021
1636416000,4811.89,4842.54,4697.9,4731.59,66.44061033,09/11/2021
1636502400,4731.58,4867.81,4460,4632.22,62.20600987,10/11/2021
1636588800,4632.23,4783.05,4578.05,4721.87,64.40988940466855,11/11/2021
1636675200,4721.07,4809.27,4508.42,4667.34,62.04011193,12/11/2021
1636761600,4667.79,4708.6,4586.8,4644.44,61.02469293303597,13/11/2021
1636848000,4644.43,4695.07,4516.05,4627.03,60.21774562597355,14/11/2021
1636934400,4626.61,4770,4541,4565.06,57.31266884862456,15/11/2021
1637020800,4564.34,4564.98,4108,4209.5,44.15149512836054,16/11/2021
1637107200,4209.89,4300.01,4068.24,4289.4,47.09175624092396,17/11/2021
1637193600,4289.4,4346.42,3960,3997.93,39.021149699244134,18/11/2021
1637280000,3998.57,4314.82,3975.24,4299.55,48.799894297613875,19/11/2021
1637366400,4299.55,4438.96,4206.03,4416.69,52.01808111235933,20/11/2021
1637452800,4416.36,4427.72,4246.07,4262.99,47.77488257180796,21/11/2021
1637539200,4263.04,4322.86,4024.45,4089.16,43.45733020718195,22/11/2021
1637625600,4089.17,4389.95,4062.28,4341.62,50.45975801294439,23/11/2021
1637712000,4341.58,4359.88,4168.99,4270.74,48.63851276979275,24/11/2021
1637798400,4270.93,4555.11,4250,4525.87,54.942468638635305,25/11/2021
1637884800,4527.03,4555.53,3915,4043.67,43.960330894474446,26/11/2021
1637971200,4043.62,4186.97,4031.56,4098.31,45.29470093396989,27/11/2021
1638057600,4098.53,4303.35,3950,4298.38,49.99029927375056,28/11/2021
1638144000,4298.38,4466,4282.07,4449.42,53.25252768026171,29/11/2021
1638230400,4449.42,4759,4350.91,4634.95,56.96598807491894,30/11/2021
1638316800,4636.43,4784.5,4526.94,4586.95,55.732483302807566,01/12/2021
1638403200,4586.87,4637.39,4435,4514.59,53.83983077240982,02/12/2021
1638489600,4514.54,4662.75,4035,4216.93,46.79925696604341,03/12/2021
1638576000,4216.3,4240,3575,4123.13,44.81063377366951,04/12/2021
1638662400,4123.13,4257,4038.13,4203.22,46.88594456078863,05/12/2021
1638748800,4203.22,4380.8,3913,4354.22,50.65356268045481,06/12/2021
1638835200,4354.09,4433.99,4260,4310.19,49.54984963248658,07/12/2021
1638921600,4310.21,4456.36,4226.88,4440.51,52.82622661240075,08/12/2021
1639008000,4440.94,4490.72,4076.15,4106.06,44.787409366141524,09/12/2021
1639094400,4105.99,4232.38,3889.42,3900.91,40.696459150834556,10/12/2021
1639180800,3899.97,4099.87,3835,4091.18,45.65455461670504,11/12/2021
1639267200,4091.17,4186.16,3989.41,4132.92,46.707170333658745,12/12/2021
1639353600,4132.91,4146.1,3660,3783.81,39.768987231106344,13/12/2021
1639440000,3784,3884.08,3686.49,3860.74,41.819934672639754,14/12/2021
1639526400,3860.72,4097,3643.43,4021.53,45.961687079676636,15/12/2021
1639612800,4021.41,4116.39,3952.81,3957.28,44.595531826519235,16/12/2021
1639699200,3957.12,3994.81,3699,3876.02,42.86033776236806,17/12/2021
1639785600,3876.37,3999,3768.14,3961.92,45.28399989128933,18/12/2021
1639872000,3961.93,4039.73,3886.03,3925.79,44.43036189114586,19/12/2021
1639958400,3925.78,3984.08,3754.8,3946.16,45.05918974406816,20/12/2021
1640044800,3946.59,4063.89,3908.13,4017.11,47.29627021392622,21/12/2021
1640131200,4017.35,4075,3933.74,3981.12,46.26713304034752,22/12/2021
1640217600,3980.82,4157.82,3895.7,4113.08,50.51855209732489,23/12/2021
1640304000,4113.64,4138.71,4005,4049.65,48.53086058986302,24/12/2021
1640390400,4049.81,4143.13,4021.31,4097.43,50.12283458302145,25/12/2021
1640476800,4098.67,4106.5,4008.01,4065.91,49.04510579,26/12/2021
1640563200,4066.14,4128.9,4027.56,4038.64,48.08185649487449,27/12/2021
1640649600,4038.18,4038.68,3760.01,3793.67,40.40489361157497,28/12/2021
1640736000,3793.66,3828.18,3603,3630.59,36.25490016871244,29/12/2021
1640822400,3630.18,3769.99,3585.85,3710.02,39.51356700031406,30/12/2021
1640908800,3710.01,3815.04,3619.78,3675.8,38.59810717891848,31/12/2021
1640995200,3675.81,3777.82,3674.02,3765.72,42.376063654707345,01/01/2022
1641081600,3765.98,3855.77,3718.2,3828.87,44.93834148961354,02/01/2022
1641168000,3828.93,3851.66,3681.62,3766.04,42.89469726186159,03/01/2022
1641254400,3766.01,3894.12,3714.22,3785,43.72636372439277,04/01/2022
1641340800,3785,3848.2,3414.88,3539,36.332810528518365,05/01/2022
1641427200,3539,3550.02,3300,3406.03,33.07713599240371,06/01/2022
1641513600,3405.66,3415.52,3065,3198.82,28.753280983286814,07/01/2022
1641600000,3198.96,3247.89,3000,3080.48,26.61358467985201,08/01/2022
1641686400,3080.92,3212.46,3057.82,3151.66,29.988369019401446,09/01/2022
1641772800,3151.65,3180.29,2928.69,3083.51,28.630816487905463,10/01/2022
1641859200,3083.51,3265.98,3052.19,3240.83,35.850226177045016,11/01/2022
1641945600,3240.83,3420.08,3206.72,3373.64,41.25290189512109,12/01/2022
1642032000,3373.25,3413.36,3233.67,3241.88,37.84735548170468,13/01/2022
1642118400,3241.6,3346.81,3188.34,3310.45,40.59578623,14/01/2022
1642204800,3309.98,3373.56,3260,3328.12,41.31595176734841,15/01/2022
1642291200,3327.81,3394.45,3275,3349.46,42.22687853678668,16/01/2022
1642377600,3349.88,3360.07,3142.39,3210.98,38.094475078895655,17/01/2022
1642464000,3211.08,3246.2,3083.68,3160.81,36.693455890246895,18/01/2022
1642550400,3160.78,3176.81,3047,3085.27,34.62839879732627,19/01/2022
1642636800,3084.49,3273.32,2986,3000.94,32.433913839461795,20/01/2022
1642723200,3000.99,3034.7,2467.11,2569.01,24.033034312120094,21/01/2022
1642809600,2568.12,2628.36,2301.6,2411.9,21.81922661237263,22/01/2022
1642896000,2411.91,2551.3,2371.58,2541.19,27.719827718596207,23/01/2022
1642982400,2541.19,2541.74,2159,2441.74,26.088751960109533,24/01/2022
1643068800,2441.6,2509.87,2351.18,2460.68,26.970093463044336,25/01/2022
1643155200,2460.4,2724,2400,2465,27.183374718810285,26/01/2022
1643241600,2464.99,2521.96,2315.72,2425.82,26.42948805061431,27/01/2022
1643328000,2425.01,2559.55,2358.63,2546.84,32.643336514330926,28/01/2022
1643414400,2546.84,2640,2521.72,2603.74,35.40576131838351,29/01/2022
1643500800,2603.39,2642,2542.66,2602.89,35.382416594960446,30/01/2022
1643587200,2602.63,2708.98,2478.31,2689.72,39.752496800283076,31/01/2022
1643673600,2689.87,2815.49,2675.99,2789.66,44.41234012299918,01/02/2022
1643760000,2789.62,2814.1,2613.42,2682.66,40.77598847,02/02/2022
1643846400,2683.09,2729.01,2572.66,2697.59,41.49578555487265,03/02/2022
1643932800,2697.59,2999,2672.84,2998.19,53.69771564379186,04/02/2022
1644019200,2997.63,3063.48,2957.98,3014.5,54.25520012225934,05/02/2022
1644105600,3014.83,3076.25,2950.26,3058.22,55.79174281696509,06/02/2022
1644192000,3058.21,3199.08,2995.22,3141.89,58.65401260885517,07/02/2022
1644278400,3141.84,3234.67,3027.56,3119.57,57.582961307720005,08/02/2022
1644364800,3119.91,3274,3057.16,3246.22,61.84096131146722,09/02/2022
1644451200,3246.28,3284.75,3057.81,3074.85,53.94934797105028,10/02/2022
1644537600,3074.84,3140.86,2879.34,2929.08,48.30283619012977,11/02/2022
1644624000,2929.09,2987.62,2857.11,2919.99,47.96570010532016,12/02/2022
1644710400,2919.86,2955.65,2836.47,2872.84,46.165771807250486,13/02/2022
1644796800,2872.83,2966.53,2830.01,2931.01,48.72232477219432,14/02/2022
1644883200,2931.17,3199,2911.87,3186.24,58.11999795531572,15/02/2022
1644969600,3186.24,3190,3043.41,3124.45,55.46955855982298,16/02/2022
1645056000,3124.44,3162.35,2853,2893.56,46.86861630634926,17/02/2022
1645142400,2894.52,2945.98,2752.67,2780.08,43.313805052153974,18/02/2022
1645228800,2780.05,2833.3,2696.39,2764.44,42.83163396843651,19/02/2022
1645315200,2764.53,2765.24,2575.75,2622.47,38.62802905837354,20/02/2022
1645401600,2622.47,2760.71,2559.77,2569,37.149242494773986,21/02/2022
1645488000,2569.6,2667.28,2500.74,2637.98,40.32323508,22/02/2022
1645574400,2638.2,2756.9,2576.69,2580.97,38.58875738,23/02/2022
1645660800,2580.54,2750,2300,2597.42,39.398774696663224,24/02/2022
1645747200,2597.39,2837.23,2572.23,2769.52,47.23948006812939,25/02/2022
1645833600,2769.24,2880,2728.53,2780.71,47.71317626,26/02/2022
1645920000,2780.76,2836.26,2558.48,2618.01,41.83226824206973,27/02/2022
1646006400,2617.79,2960.25,2570,2923.08,53.42435383725037,28/02/2022
1646092800,2922.87,3040.7,2855.29,2977.72,55.14841671528002,01/03/2022
1646179200,2977.72,3045,2914.9,2948.56,53.999611600311276,02/03/2022
1646265600,2948.58,2972.07,2785.01,2833.66,49.61395750808745,03/03/2022
1646352000,2833.71,2835.95,2575,2623.07,42.75942290560937,04/03/2022
1646438400,2623.08,2685.93,2589.93,2665.77,44.43569607884656,05/03/2022
1646524800,2665.94,2677,2536.4,2550.77,40.95694765295464,06/03/2022
1646611200,2550.46,2649.81,2445,2491.58,39.25359092467021,07/03/2022
1646697600,2491.29,2626.16,2480.33,2576.72,42.93025497546508,08/03/2022
1646784000,2577.11,2774.26,2567.98,2727.6,48.839729725983275,09/03/2022
1646870400,2727.86,2734.33,2553.42,2608.22,44.87987569582878,10/03/2022
1646956800,2608.46,2679.56,2523.28,2556.42,43.24158705970307,11/03/2022
1647043200,2556.39,2617.83,2552.52,2569.3,43.79102071571037,12/03/2022
1647129600,2569.09,2603.56,2492.98,2516.41,41.993358808545814,13/03/2022
1647216000,2516.42,2609.56,2499,2590.23,45.36454448510746,14/03/2022
1647302400,2590.12,2670.53,2508.05,2619.15,46.672124187124254,15/03/2022
1647388800,2619.01,2789.58,2604.32,2774.89,53.17174659016705,16/03/2022
1647475200,2775.16,2839.59,2747.77,2814.67,54.69078810100136,17/03/2022
1647561600,2814.62,2987,2768.25,2939.17,59.15634416,18/03/2022
1647648000,2939.18,2988.89,2895.37,2952.16,59.60370204045728,19/03/2022
1647734400,2952.35,2965.94,2819.18,2862.44,55.113620590341036,20/03/2022
1647820800,2862.44,2965.26,2832.97,2891.08,56.24669970243946,21/03/2022
1647907200,2890.78,3053.98,2887.79,2970.51,59.31420089406015,22/03/2022
1647993600,2970.51,3046.99,2920.64,3038.93,61.79868072204926,23/03/2022
1648080000,3037.82,3130.41,3003.51,3112.52,64.32222431696852,24/03/2022
1648166400,3112.95,3195,3076.18,3104.15,63.80594475587269,25/03/2022
1648252800,3103.91,3154.47,3086.2,3146.22,65.31297732959325,26/03/2022
1648339200,3146.33,3299.99,3127.74,3296.29,70.09617369005782,27/03/2022
1648425600,3296.24,3437.24,3275.57,3334.47,71.18485005502048,28/03/2022
1648512000,3334.19,3483.87,3331.23,3401.71,73.04596134608764,29/03/2022
1648598400,3401.7,3448.62,3333.87,3386.68,71.92764858136222,30/03/2022
1648684800,3386.69,3447.03,3260.99,3283.08,64.58755836001944,31/03/2022
1648771200,3283.08,3482.42,3211.66,3456.48,70.08936357089289,01/04/2022
1648857600,3456.25,3532.85,3433.31,3445.38,69.34662963757035,02/04/2022
1648944000,3445.25,3581.6,3413.66,3522.78,71.60611067052302,03/04/2022
1649030400,3522.51,3548.51,3405.79,3520.66,71.45075865,04/04/2022
1649116800,3520.5,3555.48,3395.8,3407,63.49693355467373,05/04/2022
1649203200,3406.99,3408,3161.64,3168.52,50.735249521666496,06/04/2022
1649289600,3168.1,3269.56,3143.07,3227.56,53.24079025241127,07/04/2022
1649376000,3227.26,3313.79,3173.48,3192.54,51.565541740893366,08/04/2022
1649462400,3192.54,3269.74,3181.8,3258.99,54.49164350571903,09/04/2022
1649548800,3259.45,3309.28,3189.92,3203.05,51.66208258344644,10/04/2022
1649635200,3203.05,3214.88,2950,2979.55,42.227472097849834,11/04/2022
1649721600,2979.32,3089.87,2950.35,3027.82,44.58139435167397,12/04/2022
1649808000,3028.27,3129.92,2997.5,3119,48.823200692258915,13/04/2022
1649894400,3119.01,3145.19,2976,3021.78,44.87883202331077,14/04/2022
1649980800,3021.68,3058.99,2993.29,3040.19,45.772252038082655,15/04/2022
1650067200,3040.41,3086.83,3010.67,3060.35,46.78933728926388,16/04/2022
1650153600,3060.35,3082.96,2981.52,2988.4,43.64320231238869,17/04/2022
1650240000,2988.09,3071.26,2880,3056.19,47.24262736526761,18/04/2022
1650326400,3055.86,3132.47,3029.58,3102.26,49.598581589254614,19/04/2022
1650412800,3102.44,3169.29,3032.72,3077.06,48.32729579222538,20/04/2022
1650499200,3077.16,3179.74,2940,2983.94,43.854162219540534,21/04/2022
1650585600,2983.72,3033.76,2933.13,2963.05,42.89496946,22/04/2022
1650672000,2963.03,2979.57,2917.34,2933.44,41.50909778914496,23/04/2022
1650758400,2933.45,2968.31,2911.9,2921.96,40.956602296183874,24/04/2022
1650844800,2921.7,3026.93,2797.51,3007.22,46.637414503005765,25/04/2022
1650931200,3007.24,3038.6,2766.77,2809.26,37.59329513170141,26/04/2022
1651017600,2809.5,2920,2794.23,2889.78,42.479435756906454,27/04/2022
1651104000,2889.78,2980.36,2853.83,2935.91,45.129975006693556,28/04/2022
1651190400,2935.97,2946.68,2775.51,2816.94,40.00947213464498,29/04/2022
1651276800,2816.77,2842.08,2716.4,2726.59,36.612068364590314,30/04/2022
1651363200,2726.37,2849,2716.79,2824.86,42.346465450885866,01/05/2022
1651449600,2824.79,2883,2776.26,2856.21,44.08433024697264,02/05/2022
1651536000,2856.3,2861.73,2753.66,2780.34,40.87328233540156,03/05/2022
1651622400,2780.35,2969.86,2770.02,2939.98,49.249685875090634,04/05/2022
1651708800,2939.98,2953.73,2687.88,2747.43,41.595386080946945,05/05/2022
1651795200,2747.46,2757.78,2631.97,2691.72,39.67413641732393,06/05/2022
1651881600,2691.89,2703.61,2585.79,2634.8,37.75532087867341,07/05/2022
1651968000,2634.57,2641.4,2482,2519.1,34.140786068705026,08/05/2022
1652054400,2518.82,2529.47,2222.22,2228.5,27.118393054740736,09/05/2022
1652140800,2227.74,2458.09,2198.24,2340.51,32.85154571059829,10/05/2022
1652227200,2340.66,2451.12,2000,2075.93,27.37386635052829,11/05/2022
1652313600,2075.55,2188.14,1701,1954.39,25.28793031099069,12/05/2022
1652400000,1954.27,2145.56,1934.61,2005.48,27.779242974585898,13/05/2022
1652486400,2005.69,2066.4,1941.57,2053.33,30.129220869029425,14/05/2022
1652572800,2053.43,2164.17,1997.44,2142.69,34.42076875904769,15/05/2022
1652659200,2142.74,2142.82,1976.22,2020.58,31.56744794,16/05/2022
1652745600,2020.57,2120,2005,2088.96,34.825587714141406,17/05/2022
1652832000,2088.95,2108.8,1905.24,1911.98,30.745509846893896,18/05/2022
1652918400,1912.04,2039.52,1900.1,2017.57,35.59372061041542,19/05/2022
1653004800,2017.36,2062.45,1919.56,1956.58,34.10841566,20/05/2022
1653091200,1956.57,1988.3,1935,1972.64,34.87902580299844,21/05/2022
1653177600,1972.64,2054.01,1963.4,2040.92,38.18884510463385,22/05/2022
1653264000,2040.91,2087.6,1954.4,1971.06,36.16361231,23/05/2022
1653350400,1970.85,1991.51,1909.51,1978.15,36.53148630390081,24/05/2022
1653436800,1977.94,2020,1932.12,1940.83,35.37585881,25/05/2022
1653523200,1940.48,1963.68,1734.5,1790.65,31.11087060077915,26/05/2022
1653609600,1790.08,1820.84,1702.53,1724.83,29.435858272578983,27/05/2022
1653696000,1724.8,1807.68,1719.76,1790.23,33.279724189077925,28/05/2022
1653782400,1790.22,1825.22,1760.32,1811.1,34.50579741673771,29/05/2022
1653868800,1811.27,2013,1801.21,1998.3,44.379142864141286,30/05/2022
1653955200,1998.29,2015.54,1924.17,1940.59,42.26389666834201,31/05/2022
1654041600,1940.49,1972.5,1761.59,1816.05,38.04916776827761,01/06/2022
1654128000,1816.06,1852.01,1780,1832.45,38.91307683195859,02/06/2022
1654214400,1832.62,1842.43,1735.79,1773.25,36.91205576568299,03/06/2022
1654300800,1773.11,1814.4,1746.6,1803.35,38.63977243378192,04/06/2022
1654387200,1803.47,1829.16,1771.77,1804.7,38.72082951875109,05/06/2022
1654473600,1804.78,1918.47,1802.52,1858.21,41.99181889,06/06/2022
1654560000,1858.44,1872.82,1725,1811.89,40.00133344306422,07/06/2022
1654646400,1812.17,1838,1763.69,1790.72,39.08934424071716,08/06/2022
1654732800,1790.63,1832.31,1775.67,1787.55,38.946157458116694,09/06/2022
1654819200,1787.44,1802.85,1654.15,1660.78,33.639342379952595,10/06/2022
1654905600,1660.77,1680.43,1499.79,1531.09,29.248501992161493,11/06/2022
1654992000,1531.23,1545.5,1423,1433.19,26.442642661975853,12/06/2022
1655078400,1432.97,1452.97,1163.31,1207.82,21.36215477863017,13/06/2022
1655164800,1207.9,1266.34,1074.64,1207.58,21.35744880208651,14/06/2022
1655251200,1207.58,1247,1012.72,1236.45,23.539485949303668,15/06/2022
1655337600,1236.45,1257.04,1050.39,1066.87,20.024808685087464,16/06/2022
1655424000,1067.07,1117.43,1049.19,1085.76,21.43207334,17/06/2022
1655510400,1085.65,1096.64,879.8,993.64,19.61904340354954,18/06/2022
1655596800,993.64,1156.99,933.6,1126.9,28.978701035811852,19/06/2022
1655683200,1126.97,1168.18,1051.3,1126.84,28.977064983024334,20/06/2022
1655769600,1127.04,1193,1107.87,1124.85,28.918749427737197,21/06/2022
1655856000,1124.9,1126.44,1042.36,1048.96,26.71106316727841,22/06/2022
1655942400,1048.93,1153.01,1043.68,1144,33.55243900159691,23/06/2022
1656028800,1144.01,1244.78,1131.02,1224.47,38.76462235891048,24/06/2022
1656115200,1224.26,1255,1178.77,1241.33,39.829579041007285,25/06/2022
1656201600,1241.14,1280,1194.01,1197.13,37.965484758863674,26/06/2022
1656288000,1196.99,1237.83,1171.88,1191.27,37.71347420438631,27/06/2022
1656374400,1191.27,1236.21,1134.9,1142.65,35.60190628647298,28/06/2022
1656460800,1142.47,1155.21,1085.41,1099.15,33.779597499588434,29/06/2022
1656547200,1099.09,1105.61,997.02,1070.08,32.579454534944034,30/06/2022
1656633600,1070.08,1115,1031.86,1057.57,32.05170649190015,01/07/2022
1656720000,1058.3,1077.5,1025.95,1065.61,32.80506686293637,02/07/2022
1656806400,1065.58,1087.33,1039.55,1072.88,33.52279506863215,03/07/2022
1656892800,1072.9,1160,1043.47,1149.98,40.75068413213759,04/07/2022
1656979200,1149.98,1172.38,1075.7,1131.26,39.624174008184475,05/07/2022
1657065600,1131.16,1203.2,1110.56,1185.61,44.42746390645953,06/07/2022
1657152000,1185.61,1254.04,1162.32,1237.13,48.60177510705789,07/07/2022
1657238400,1237.55,1275.51,1192.16,1213.19,46.841078733040185,08/07/2022
1657324800,1213.38,1233.54,1203.7,1216.78,47.150272037239446,09/07/2022
1657411200,1216.78,1219.41,1153.15,1167.68,43.42967822417028,10/07/2022
1657497600,1167.66,1170.47,1079.8,1095.56,38.61030857181742,11/07/2022
1657584000,1095.48,1097.35,1031.92,1037.34,35.21319386791926,12/07/2022
1657670400,1037.5,1118,1005.25,1114.26,42.42129084164898,13/07/2022
1657756800,1114.06,1213.26,1071.1,1192.7,48.690526579031754,14/07/2022
1657843200,1192.67,1288.88,1180.16,1231.1,51.4759307,15/07/2022
1657929600,1231.07,1423.31,1190.9,1355.7,59.21311130733802,16/07/2022
1658016000,1355.5,1386.55,1318.79,1338.2,57.81867605642364,17/07/2022
1658102400,1338.03,1597.58,1335.35,1581.34,68.80904348589789,18/07/2022
1658188800,1581.09,1631.32,1492.66,1542.63,65.86659634762083,19/07/2022
1658275200,1542.6,1621.44,1485.17,1522.12,64.29772994974637,20/07/2022
1658361600,1521.88,1606.42,1463.26,1575.68,66.53912120696685,21/07/2022
1658448000,1575.44,1646.13,1516.75,1535.84,63.35306859503007,22/07/2022
1658534400,1535.68,1596.87,1487.14,1549.15,63.97370731202637,23/07/2022
1658620800,1549.16,1664.41,1546.7,1597.72,66.22179161,24/07/2022
1658707200,1598.12,1610,1433.91,1440.75,54.40577131279327,25/07/2022
1658793600,1440.63,1454.56,1356.3,1449.63,54.89607552478232,26/07/2022
1658880000,1449.6,1645.46,1420.66,1636.4,63.73046554279686,27/07/2022
1658966400,1636.53,1792.55,1592.36,1725.19,67.03601435076285,28/07/2022
1659052800,1725.19,1766.56,1655.47,1722.25,66.81885996134886,29/07/2022
1659139200,1722.46,1745.05,1674.05,1698.01,64.95069928,30/07/2022
1659225600,1698.02,1754.25,1667.7,1679.31,63.47628230697962,31/07/2022
1659312000,1679.31,1705,1606.9,1630.82,59.692292067249106,01/08/2022
1659398400,1630.81,1679.28,1560,1631.28,59.71682517,02/08/2022
1659484800,1631.1,1685.87,1590,1618.82,58.67507639,03/08/2022
1659571200,1618.78,1663.35,1580.5,1608.16,57.74692462267245,04/08/2022
1659657600,1608.16,1742.52,1605.55,1736.79,64.95144671714792,05/08/2022
1659744000,1737.12,1750,1685.99,1690.81,60.95073566775714,06/08/2022
1659830400,1691.18,1730.26,1668.87,1700.42,61.48471030532785,07/08/2022
1659916800,1700.52,1818.25,1693.41,1777.36,65.54681093825593,08/08/2022
1660003200,1777.36,1791.33,1668.8,1703.35,59.09085323983224,09/08/2022
1660089600,1703.35,1886.36,1656,1854.12,66.35987438463123,10/08/2022
1660176000,1854.42,1946.21,1850.95,1881.04,67.47126689036992,11/08/2022
1660262400,1880.96,1966.89,1850.51,1959.91,70.54195204003709,12/08/2022
1660348800,1959.94,2020.73,1947.19,1984.75,71.45587442917548,13/08/2022
1660435200,1984.72,2031.39,1906.51,1935.85,67.04605761779024,14/08/2022
1660521600,1936,2013.47,1866.51,1899.39,63.88054734131616,15/08/2022
1660608000,1899.05,1915.51,1852.85,1876.57,61.910316270979564,16/08/2022
1660694400,1877.06,1957.59,1815,1834.61,58.34686685876879,17/08/2022
1660780800,1834.52,1883.35,1821.02,1845.9,59.030172268120026,18/08/2022
1660867200,1846.15,1848.29,1602.28,1608.72,43.05194035441581,19/08/2022
1660953600,1608.64,1658.14,1523.54,1575.76,41.375857442775484,20/08/2022
1661040000,1575.76,1646.69,1562.27,1617.84,44.35441952829181,21/08/2022
1661126400,1617.88,1629.61,1528.93,1624.78,44.852073828881366,22/08/2022
1661212800,1624.89,1674.12,1563.29,1665.93,47.83129141460573,23/08/2022
1661299200,1665.95,1694.89,1604.6,1656.74,47.21779909159909,24/08/2022
1661385600,1656.54,1722.18,1653.57,1695.27,50.107170311460784,25/08/2022
1661472000,1695.16,1706.41,1485.94,1508.02,38.94846728251584,26/08/2022
1661558400,1508.04,1519.11,1446.62,1491.22,38.128057813469916,27/08/2022
1661644800,1490.87,1511.12,1423.85,1426.63,35.06953978116597,28/08/2022
1661731200,1426.29,1560.37,1420.74,1551.65,44.37128213,29/08/2022
1661817600,1551.51,1606.34,1474.14,1524.81,42.94877546107359,30/08/2022
1661904000,1524.61,1619.99,1524.12,1554,45.01342007562391,31/08/2022
1661990400,1554.25,1599.51,1512.83,1586.23,47.28198033013827,01/09/2022
1662076800,1586.1,1650,1546.2,1575.69,46.60482319,02/09/2022
1662163200,1575.81,1582.69,1534.54,1557.7,45.40941842412338,03/09/2022
1662249600,1557.55,1583.52,1540.59,1579.04,47.141417148040205,04/09/2022
1662336000,1578.97,1631.44,1557.04,1618.01,50.245833591313335,05/09/2022
1662422400,1617.87,1686.82,1554.03,1559.28,45.873248830332734,06/09/2022
1662508800,1558.92,1657.68,1489.98,1629.92,51.356502611167734,07/09/2022
1662595200,1629.61,1664.52,1594.31,1635.73,51.78909788419548,08/09/2022
1662681600,1635.72,1746.87,1630.51,1719.21,57.62086362995978,09/09/2022
1662768000,1719.38,1789.86,1706.94,1774.69,60.99751187482822,10/09/2022
1662854400,1774.73,1789.98,1719.01,1766.95,60.27596084165025,11/09/2022
1662940800,1766.97,1783.56,1692.45,1716.71,55.672455387906545,12/09/2022
1663027200,1716.65,1761.04,1561.06,1574.71,45.17142906200547,13/09/2022
1663113600,1574.4,1649.44,1552.88,1639.14,49.79836711562656,14/09/2022
1663200000,1639.12,1655.55,1457.69,1472.68,40.32918186874703,15/09/2022
1663286400,1472.85,1483.21,1404.31,1433.73,38.48513165834287,16/09/2022
1663372800,1433.64,1476.22,1408.79,1468.97,41.10884580695305,17/09/2022
1663459200,1468.9,1470.15,1325.48,1334.72,34.98671429077653,18/09/2022
1663545600,1334.71,1392.94,1279,1376.17,38.054143558435435,19/09/2022
1663632000,1376.23,1385,1312.4,1322.8,35.71740719023592,20/09/2022
1663718400,1322.74,1412,1220,1245.65,32.60094825263937,21/09/2022
1663804800,1245.36,1348.87,1237,1326.43,38.638110026497095,22/09/2022
1663891200,1326.14,1359.99,1261.9,1326.82,38.66667415537886,23/09/2022
1663977600,1327.24,1349.31,1306.29,1317.25,38.19680032800509,24/09/2022
1664064000,1317.49,1337.26,1269.41,1294.63,37.05074207442856,25/09/2022
1664150400,1294.65,1341,1278.24,1336.61,40.612073470211584,26/09/2022
1664236800,1336.45,1400.51,1303.66,1327.92,40.10625358974191,27/09/2022
1664323200,1327.87,1355.34,1253.65,1336.93,40.927765433151556,28/09/2022
1664409600,1336.92,1351.85,1288.12,1336.02,40.86679711206202,29/09/2022
1664496000,1336.04,1373.46,1315,1328.95,40.363713670008515,30/09/2022
1664582400,1328.74,1333.99,1302.65,1311.76,39.103269428362786,01/10/2022
1664668800,1311.79,1318,1269.69,1277.02,36.614824148114536,02/10/2022
1664755200,1276.84,1330.24,1262.45,1323.31,41.918700597315656,03/10/2022
1664841600,1323.44,1370.43,1318.82,1362.06,45.99275594625918,04/10/2022
1664928000,1362.1,1364.93,1316.54,1352.48,45.14957124694107,05/10/2022
1665014400,1352.37,1384.41,1345,1352.24,45.12725081596005,06/10/2022
1665100800,1352.18,1362.14,1317.54,1331.14,43.109454299605964,07/10/2022
1665187200,1331.12,1337.61,1303.76,1315.71,41.64306483954852,08/10/2022
1665273600,1315.71,1329.33,1307.21,1323.41,42.69070314043862,09/10/2022
1665360000,1323.27,1338.41,1287.66,1290.06,39.39218582125241,10/10/2022
1665446400,1289.94,1297.95,1267,1279.94,38.422043876475996,11/10/2022
1665532800,1279.87,1306.72,1274.73,1294.33,40.65993118,12/10/2022
1665619200,1294.21,1301.85,1190,1286.96,39.86092219787299,13/10/2022
1665705600,1286.89,1344.4,1283.26,1296.36,41.441514661165385,14/10/2022
1665792000,1296.42,1302.14,1263.6,1275.09,38.94713272460107,15/10/2022
1665878400,1275.16,1315.62,1274.61,1306.04,44.20932591458579,16/10/2022
1665964800,1305.89,1338.69,1295.36,1331.49,48.16563592428882,17/10/2022
1666051200,1331.57,1342.28,1286.67,1310.78,45.34751762552987,18/10/2022
1666137600,1310.79,1313.8,1280.02,1284.76,42.020926520003364,19/10/2022
1666224000,1284.92,1311.1,1270.34,1282.6,41.747145190369444,20/10/2022
1666310400,1282.59,1307.18,1254,1299.83,44.834738527368664,21/10/2022
1666396800,1299.94,1320.56,1294.17,1313.88,47.28823895074814,22/10/2022
1666483200,1313.82,1370.66,1299.47,1364.06,54.98815949504633,23/10/2022
1666569600,1363.93,1370.9,1324.04,1343.71,51.69048514581112,24/10/2022
1666656000,1343.74,1525.38,1335.12,1460.34,64.74125164,25/10/2022
1666742400,1460.34,1595.44,1457.41,1566.37,72.11619311786406,26/10/2022
1666828800,1566.46,1580,1502.8,1514.09,64.90717830989271,27/10/2022
1666915200,1514.2,1577.89,1479.41,1554.83,67.62328044618212,28/10/2022
1667001600,1554.81,1664.29,1547.79,1620.09,71.43695043400446,29/10/2022
1667088000,1620.18,1640.41,1576.24,1590.89,67.60007325311122,30/10/2022
1667174400,1590.88,1635.7,1546.31,1572.67,65.24527208810449,31/10/2022
1667260800,1572.58,1612.74,1563.05,1578.24,65.63933014,01/11/2022
1667347200,1578.35,1622.24,1502,1518.04,57.98685628692852,02/11/2022
1667433600,1518.15,1558.95,1515,1530.81,59.07675677759163,03/11/2022
1667520000,1530.81,1677,1528.01,1644.61,67.23426666748284,04/11/2022
1667606400,1644.84,1667.03,1621.05,1627,65.0726059,05/11/2022
1667692800,1627.17,1638.72,1564.17,1568.34,58.343508758569406,06/11/2022
1667779200,1568.27,1608.66,1545.97,1568.34,58.343508758569406,07/11/2022
1667865600,1568.45,1580,1227.4,1334.25,39.45873086375276,08/11/2022
1667952000,1333.97,1337.49,1071.11,1099.9,29.25104139864399,09/11/2022
1668038400,1099.9,1347.62,1083.95,1295.36,42.59068737510789,10/11/2022
1668124800,1295.55,1307.36,1197.9,1285.29,42.14975140423422,11/11/2022
1668211200,1285.57,1289.16,1235.53,1255.14,40.78818814645761,12/11/2022
1668297600,1254.98,1272,1198.99,1219.43,39.17409356653761,13/11/2022
1668384000,1219.4,1289.17,1169.4,1241.56,40.739180498650185,14/11/2022
1668470400,1241.58,1289.78,1232.56,1251.74,41.48505833,15/11/2022
1668556800,1251.95,1266.99,1185.2,1215.21,39.56084937457331,16/11/2022
1668643200,1215.2,1227.34,1181.02,1199.44,38.72577087,17/11/2022
1668729600,1199.39,1232.37,1198.01,1210.93,39.72411057395744,18/11/2022
1668816000,1210.73,1231.62,1196.27,1216.12,40.19807707389474,19/11/2022
1668902400,1216.31,1225.26,1130.2,1140.07,35.76069782544377,20/11/2022
1668988800,1140.04,1145,1080,1105.91,33.947946998354396,21/11/2022
1669075200,1105.68,1141.26,1073.42,1138.17,37.18625390516253,22/11/2022
1669161600,1138.25,1189.51,1126.22,1183.53,41.52714928527774,23/11/2022
1669248000,1183.55,1216.1,1179.1,1202.81,43.320116067706664,24/11/2022
1669334400,1202.78,1206.84,1170.17,1198.66,43.014372507387016,25/11/2022
1669420800,1198.65,1234.97,1195.54,1204.8,43.64806923649118,26/11/2022
1669507200,1204.89,1222.81,1188.31,1193.3,42.69051867648893,27/11/2022
1669593600,1193.46,1198.87,1150.09,1167.24,40.521119993820584,28/11/2022
1669680000,1167.22,1227.08,1157.37,1215.91,46.036548717700946,29/11/2022
1669766400,1216.04,1311.76,1212,1294.77,53.55212748,30/11/2022
1669852800,1294.68,1302,1262.85,1276.48,51.75188701995374,01/12/2022
1669939200,1276.48,1297.57,1265.56,1295.63,53.51392953,02/12/2022
1670025600,1295.63,1308.89,1236.42,1240.91,48.1074968,03/12/2022
1670112000,1240.91,1287.44,1240.27,1279.68,51.82141551,04/12/2022
1670198400,1279.67,1305.75,1246.73,1259.23,49.796939567101994,05/12/2022
1670284800,1259.32,1274.57,1241.83,1271.19,51.00252935391612,06/12/2022
1670371200,1271.36,1277.49,1215,1231.56,46.97692124727272,07/12/2022
1670457600,1231.49,1292.58,1221.72,1280.33,51.99816166651594,08/12/2022
1670544000,1280.15,1296.55,1255.61,1262.95,50.17463549421656,09/12/2022
1670630400,1262.75,1283.4,1259.59,1266.45,50.55072129,10/12/2022
1670716800,1266.45,1284.68,1255.7,1262.92,50.13965756426707,11/12/2022
1670803200,1263.08,1279.22,1240,1275.72,51.674206477938036,12/12/2022
1670889600,1275.74,1351.05,1255.67,1320.47,56.692502970709086,13/12/2022
1670976000,1320.47,1351.87,1300.85,1307.47,54.90867375342839,14/12/2022
1671062400,1307.42,1311.5,1259.37,1266.48,49.60835799039986,15/12/2022
1671148800,1266.48,1279.99,1155.55,1166.98,39.612448362831984,16/12/2022
1671235200,1166.98,1190,1161.83,1187.06,42.145979940228635,17/12/2022
1671321600,1187.17,1196.6,1172.43,1183.32,41.79426712646693,18/12/2022
1671408000,1183.37,1195.34,1150.34,1167.6,40.27297921002874,19/12/2022
1671494400,1167.59,1231.28,1163.02,1216.69,46.78684604,20/12/2022
1671580800,1216.76,1222.99,1203.06,1213.7,46.454524205933375,21/12/2022
1671667200,1213.7,1238.76,1182.43,1217.5,46.97005354887851,22/12/2022
1671753600,1217.48,1231.7,1210.6,1219.92,47.31791795271713,23/12/2022
1671840000,1219.99,1227.47,1213.7,1220.51,47.40849657635889,24/12/2022
1671926400,1220.49,1224.1,1193.17,1218.37,47.092226244883435,25/12/2022
1672012800,1218.41,1230.92,1209,1227.58,48.67904576281782,26/12/2022
1672099200,1227.66,1233.75,1199.58,1210.99,46.00258010427506,27/12/2022
1672185600,1211.06,1215.38,1180.04,1189.24,42.68874733176052,28/12/2022
1672272000,1189.33,1206.07,1186.13,1199.74,44.75762798191116,29/12/2022
1672358400,1199.73,1201.64,1180.44,1199.1,44.651822034549305,30/12/2022
1672444800,1199.19,1208,1191.01,1195.25,43.97830750595069,31/12/2022
1672531200,1195.25,1204.17,1190.03,1199.92,45.0608148,01/01/2023
1672617600,1199.97,1224.59,1192.41,1213.69,48.236930891885045,02/01/2023
1672704000,1213.77,1219.79,1204.04,1214.21,48.358344787650324,03/01/2023
1672790400,1214.21,1272.01,1212.17,1256.34,57.13156119933326,04/01/2023
1672876800,1256.35,1259.77,1239.97,1250.88,55.80830663505595,05/01/2023
1672963200,1250.87,1276.6,1234.2,1268.84,59.15919511376632,06/01/2023
1673049600,1268.94,1270.83,1260.75,1263.94,57.869916967938906,07/01/2023
1673136000,1263.84,1295.38,1257.34,1289.92,62.532311450053086,08/01/2023
1673222400,1289.73,1345.87,1285,1320.02,67.07814041517753,09/01/2023
1673308800,1320,1348.19,1316.63,1335.56,69.15860086,10/01/2023
1673395200,1335.69,1397.98,1319.81,1389.24,75.02888602892203,11/01/2023
1673481600,1389.21,1438.55,1361.39,1416.05,77.34789623,12/01/2023
1673568000,1416.05,1466,1400.75,1451.78,80.01202074421502,13/01/2023
1673654400,1451.7,1597.99,1449.38,1550.06,85.17638545198574,14/01/2023
1673740800,1550.06,1567.37,1516.06,1552.89,85.29421176643595,15/01/2023
1673827200,1552.83,1603.91,1521.01,1576.85,86.28795774492151,16/01/2023
1673913600,1577.01,1608.65,1540.49,1565.68,83.45657439639645,17/01/2023
1674000000,1565.52,1612.66,1500.32,1510.83,71.11627670383197,18/01/2023
1674086400,1510.9,1564.61,1508.87,1550.98,74.13156497866454,19/01/2023
1674172800,1550.96,1668,1541.94,1658.25,80.10682893,20/01/2023
1674259200,1658.36,1680,1617.29,1626.8,74.66165678,21/01/2023
1674345600,1626.83,1664.42,1603.39,1627.88,74.72519246946167,22/01/2023
1674432000,1628.01,1648.56,1584.43,1626.55,74.47752026,23/01/2023
1674518400,1626.71,1641.72,1528.95,1556.09,62.63364996067679,24/01/2023
1674604800,1556.1,1640.92,1513.77,1612.54,67.14198103255144,25/01/2023
1674691200,1612.64,1633.55,1577.61,1601.1,65.41936606555092,26/01/2023
1674777600,1601.14,1622.32,1550,1598.18,64.96123488846689,27/01/2023
1674864000,1598.14,1606.99,1556.21,1572.3,60.89114710724513,28/01/2023
1674950400,1572.4,1661,1566.61,1644.89,67.11482212,29/01/2023
1675036800,1644.79,1647.73,1534.71,1566.23,56.60309993259296,30/01/2023
1675123200,1566.23,1605.01,1561.43,1585.39,58.315693307873346,31/01/2023
1675209600,1585.32,1647.75,1556.83,1642.05,62.96961934,01/02/2023
1675296000,1642.06,1714.83,1625.86,1643.19,63.05898459741399,02/02/2023
1675382400,1643.14,1676.53,1625,1663.69,64.70834741446303,03/02/2023
1675468800,1663.63,1695,1645.33,1666.83,64.96636720296925,04/02/2023
1675555200,1666.83,1673.81,1608.91,1629.37,59.38805367218149,05/02/2023
1675641600,1629.44,1658.41,1605,1614.5,57.28531397204552,06/02/2023
1675728000,1614.57,1678.57,1613.26,1671.28,62.71407196768617,07/02/2023
1675814400,1671.27,1699.66,1630.33,1650.65,59.74309357097512,08/02/2023
1675900800,1650.65,1656.02,1524.31,1545.54,47.417617241250746,09/02/2023
1675987200,1545.64,1554.89,1491.44,1513.04,44.36954675737792,10/02/2023
1676073600,1513.04,1543.61,1505.05,1538.86,47.26958692,11/02/2023
1676160000,1538.85,1548.2,1493.77,1515.25,44.96147736084998,12/02/2023
1676246400,1515.24,1526.64,1462,1506.29,44.08178566,13/02/2023
1676332800,1506.29,1569.16,1490.23,1556.67,50.00492543289531,14/02/2023
1676419200,1556.52,1682.45,1540.85,1674.88,60.561055025877955,15/02/2023
1676505600,1674.8,1742.5,1633.63,1637.83,56.53210978,16/02/2023
1676592000,1637.88,1722.07,1630.2,1694.37,60.81618355827622,17/02/2023
1676678400,1694.32,1713.75,1680.14,1691.82,60.52644744945584,18/02/2023
1676764800,1691.81,1727,1666.67,1680.23,59.147189449163385,19/02/2023
1676851200,1680.42,1720.02,1650.72,1703.63,61.07576864536241,20/02/2023
1676937600,1703.62,1716.82,1636.42,1659.76,55.761020251414806,21/02/2023
1677024000,1659.76,1667.14,1594.84,1642.95,53.82812730465947,22/02/2023
1677110400,1642.99,1679.03,1629.3,1650.62,54.601398614877425,23/02/2023
1677196800,1650.62,1664.65,1575.44,1607.57,49.582112952240614,24/02/2023
1677283200,1607.64,1609.05,1557.89,1594.51,48.136450460486714,25/02/2023
1677369600,1594.5,1651.6,1587.64,1641.41,53.39198439570447,26/02/2023
1677456000,1641.34,1665.29,1608.23,1633.26,52.39831620166134,27/02/2023
1677542400,1633.22,1647.6,1597.32,1605.4,49.038534965574605,28/02/2023
1677628800,1605.59,1669.9,1595,1665.2,55.61687477983552,01/03/2023
1677715200,1665.2,1678.14,1619,1647.87,53.46305084251784,02/03/2023
1677801600,1647.82,1649.28,1547.54,1569.54,44.98352859,03/03/2023
1677888000,1569.55,1577.6,1550,1566.72,44.70860347057344,04/03/2023
1677974400,1566.72,1588.35,1553.5,1564.81,44.51018175204966,05/03/2023
1678060800,1564.8,1583.19,1554.8,1565.85,44.654216506854176,06/03/2023
1678147200,1565.82,1584.23,1535.7,1561.67,44.15809059818264,07/03/2023
1678233600,1561.61,1570.77,1522.73,1532.17,40.71963275798392,08/03/2023
1678320000,1532.11,1546.09,1407,1437.41,32.078742767823414,09/03/2023
1678406400,1437.39,1438.7,1369.79,1432.15,31.676912319911423,10/03/2023
1678492800,1432.15,1499,1416.98,1483.68,39.652194628328544,11/03/2023
1678579200,1483.62,1612,1459.79,1592.31,52.294386697801265,12/03/2023
1678665600,1592.04,1702.6,1571,1681.93,59.780224147793874,13/03/2023
1678752000,1681.93,1787.74,1650.45,1704.95,61.45340170267339,14/03/2023
1678838400,1704.9,1722.79,1613.7,1656.8,56.188109699889154,15/03/2023
1678924800,1656.7,1696,1637.72,1677.24,57.839506733513474,16/03/2023
1679011200,1677.36,1803.73,1666.16,1793.66,65.75662980845644,17/03/2023
1679097600,1793.61,1846,1752.52,1763.68,62.50169549590217,18/03/2023
1679184000,1763.88,1846.77,1762.62,1786.4,63.957744607629486,19/03/2023
1679270400,1786.37,1809.1,1728.52,1739.42,58.86760031529165,20/03/2023
1679356800,1739.28,1839.99,1724.37,1807.23,63.39587161303103,21/03/2023
1679443200,1806.79,1823.8,1715.17,1739.18,56.65514359173552,22/03/2023
1679529600,1738.99,1861.67,1733.77,1817.49,61.701740757922515,23/03/2023
1679616000,1817.27,1822.55,1728.27,1751.93,55.84016761730379,24/03/2023
1679702400,1751.79,1764.93,1715.23,1743.8,55.14060819913766,25/03/2023
1679788800,1743.69,1801.02,1741.01,1775.86,57.40669673104156,26/03/2023
1679875200,1775.85,1782.19,1688,1716.42,52.14708710018061,27/03/2023
1679961600,1716.13,1795.54,1701.81,1773.7,56.301995479393575,28/03/2023
1680048000,1773.82,1827.7,1772.99,1793.41,57.66415996187462,29/03/2023
1680134400,1793.4,1829.82,1762.94,1793.68,57.68361975777957,30/03/2023
1680220800,1793.68,1847.12,1779.47,1822.01,59.77298973331784,31/03/2023
1680307200,1822.11,1843,1809.12,1821.73,59.74159333862288,01/04/2023
1680393600,1821.69,1825.97,1773.25,1795.37,56.72101005246327,02/04/2023
1680480000,1795.41,1839.99,1763.58,1810.92,58.06789455,03/04/2023
1680566400,1810.91,1892.1,1802.76,1871.36,62.90068410557389,04/04/2023
1680652800,1871.19,1943.64,1865.24,1908.9,65.55601757678858,05/04/2023
1680739200,1908.89,1910.59,1854.06,1873.29,61.089374637267454,06/04/2023
1680825600,1873.28,1883.35,1842.25,1865.02,60.06581241540571,07/04/2023
1680912000,1865.02,1880.56,1848.21,1850.06,58.16719501078416,08/04/2023
1680998400,1849.83,1874.78,1823.11,1859.84,59.077863576125246,09/04/2023
1681084800,1859.85,1920,1847.5,1911.23,63.56607922479159,10/04/2023
1681171200,1911.22,1938.85,1883.24,1891.82,60.851405547354595,11/04/2023
1681257600,1891.78,1934.08,1855.79,1918.91,63.21274152334255,12/04/2023
1681344000,1918.9,2025,1901.12,2013.98,70.04200061312733,13/04/2023
1681430400,2014.12,2131.2,2011.2,2101.85,74.71432087742839,14/04/2023
1681516800,2101.81,2112.88,2073.79,2092.45,73.39557360073296,15/04/2023
1681603200,2092.44,2142.85,2074.32,2120.07,74.80288143743654,16/04/2023
1681689600,2120.01,2122.02,2058,2075.63,68.52226891747718,17/04/2023
1681776000,2075.63,2125,2052.52,2104.61,70.27499718867284,18/04/2023
1681862400,2104.54,2105.9,1923.33,1934.8,52.002903055679944,19/04/2023
1681948800,1934.63,1983.34,1914.16,1943.16,52.65555882383361,20/04/2023
1682035200,1942.91,1956.81,1824.67,1848.16,45.143389243317955,21/04/2023
1682121600,1848.21,1887.88,1842.11,1874.48,47.383107131051204,22/04/2023
1682208000,1874.48,1882.6,1837.3,1861.9,46.40781459,23/04/2023
1682294400,1861.91,1890,1805.38,1842.17,44.848650321203316,24/04/2023
1682380800,1842.11,1878.16,1801.46,1866.23,47.17920301,25/04/2023
1682467200,1866.22,1965.04,1785.51,1866.73,47.22910942,26/04/2023
1682553600,1866.73,1939.56,1862.08,1908.92,51.40161885022117,27/04/2023
1682640000,1908.92,1924.79,1875,1892.54,49.756703480823774,28/04/2023
1682726400,1892.43,1919.15,1884.58,1908.96,51.434497294657454,29/04/2023
1682812800,1908.96,1939.76,1866.5,1870.76,47.46353775657269,30/04/2023
1682899200,1870.67,1887.12,1805.95,1831.41,43.719166576788254,01/05/2023
1682985600,1831.36,1882.55,1823.21,1871.26,48.177810769319464,02/05/2023
1683072000,1871.27,1917.16,1843.52,1905.89,51.75470510426232,03/05/2023
1683158400,1905.89,1918.34,1867.71,1878.01,48.83241378335723,04/05/2023
1683244800,1878.25,2000,1876.36,1995.76,59.28801053430903,05/05/2023
1683331200,1995.77,2020,1864.06,1900.12,50.297863967748135,06/05/2023
1683417600,1900.12,1936.45,1870.61,1873.27,48.09305160455803,07/05/2023
1683504000,1873.28,1886.87,1810,1849.11,46.13341726014153,08/05/2023
1683590400,1849.11,1862.57,1832,1847.7,46.015574089715415,09/05/2023
1683676800,1847.5,1888.97,1789.75,1842.47,45.55078924500826,10/05/2023
1683763200,1842.33,1843.62,1772.26,1795.24,41.476514541488875,11/05/2023
1683849600,1795.22,1817.25,1737.76,1808.35,43.000548032318655,12/05/2023
1683936000,1808.24,1817.32,1786.44,1795.99,41.89289146573965,13/05/2023
1684022400,1796.01,1824.67,1790.49,1800.03,42.41503251739571,14/05/2023
1684108800,1800,1848.05,1785.52,1816.79,44.63757962974367,15/05/2023
1684195200,1816.8,1833.25,1796.86,1824.64,45.69479539,16/05/2023
1684281600,1824.57,1837.15,1783.59,1822.49,45.438860511764275,17/05/2023
1684368000,1822.46,1831.84,1770.88,1800.61,42.810946711389654,18/05/2023
1684454400,1800.61,1830,1797.08,1812.84,44.734916880240306,19/05/2023
1684540800,1812.84,1829.85,1807.26,1819.96,45.87650510141599,20/05/2023
1684627200,1819.9,1829.53,1797.19,1805.28,43.86461737020015,21/05/2023
1684713600,1805.35,1829.51,1791.99,1817.76,46.03145965401577,22/05/2023
1684800000,1817.76,1873.7,1815.59,1854.41,51.90300759921158,23/05/2023
1684886400,1854.42,1854.75,1774.56,1799.75,44.182549900026714,24/05/2023
1684972800,1799.79,1818.94,1759.45,1805.83,45.15971702107434,25/05/2023
1685059200,1805.76,1838.96,1796.75,1828.43,48.75118674191018,26/05/2023
1685145600,1828.32,1837,1812.92,1830.67,49.10694526,27/05/2023
1685232000,1830.6,1921,1823.86,1909.25,59.68077582632285,28/05/2023
1685318400,1909.1,1928.51,1874.14,1893.2,57.072529267541846,29/05/2023
1685404800,1893.18,1917.61,1881.93,1901.11,58.045673179527334,30/05/2023
1685491200,1901.1,1908.04,1847.61,1874.04,53.56998568513463,31/05/2023
1685577600,1874.08,1889.29,1839.72,1862.43,51.72776250086257,01/06/2023
1685664000,1862.33,1911.31,1847.66,1907.41,57.784814840335805,02/06/2023
1685750400,1907.44,1909.63,1882.42,1892.62,55.32653795,03/06/2023
1685836800,1892.62,1914.83,1884.72,1890.23,54.91994339106397,04/06/2023
1685923200,1890.22,1891.34,1777.25,1811.21,43.52960550166481,05/06/2023
1686009600,1811.21,1898.25,1796.52,1884.95,53.26956482584309,06/06/2023
1686096000,1884.93,1898,1820,1832.49,47.05195037686526,07/06/2023
1686182400,1832.43,1861.59,1828.63,1845.99,48.71099874256878,08/06/2023
1686268800,1846.21,1855.44,1826.92,1840.46,48.04687309115333,09/06/2023
1686355200,1840.46,1845.19,1716.24,1752.32,38.93519831469806,10/06/2023
1686441600,1752.32,1778.65,1739,1753.1,39.04536392981821,11/06/2023
1686528000,1753.1,1759.58,1719.74,1742.66,38.055749605441136,12/06/2023
1686614400,1742.69,1766.23,1723.68,1739.54,37.74783708507241,13/06/2023
1686700800,1739.51,1749.85,1630,1650.84,30.253456037075807,14/06/2023
1686787200,1650.84,1678.91,1620.15,1665.28,32.599494402173335,15/06/2023
1686873600,1665.17,1727.8,1648.29,1716.8,40.313530276693534,16/06/2023
1686960000,1716.71,1769.08,1712.96,1727.09,41.74755571965366,17/06/2023
1687046400,1727.15,1747.4,1712.61,1720.43,41.059944646746246,18/06/2023
1687132800,1720.4,1750.71,1698.53,1736.58,43.49055761877623,19/06/2023
1687219200,1736.45,1797.24,1713.79,1792.86,51.06410056519469,20/06/2023
1687305600,1792.71,1901.86,1787.4,1889.57,60.78905109700716,21/06/2023
1687392000,1889.46,1933.72,1866.57,1872.13,58.530139847019505,22/06/2023
1687478400,1872.13,1936.68,1861.37,1893.66,60.48243815703355,23/06/2023
1687564800,1893.74,1906.86,1865.64,1875.87,58.05058788874992,24/06/2023
1687651200,1875.88,1930.66,1869.88,1899.73,60.35307007677954,25/06/2023
1687737600,1899.8,1908.95,1836.25,1859.19,54.844931164266775,26/06/2023
1687824000,1859.19,1912.6,1855.41,1889.82,57.96634003276623,27/06/2023
1687910400,1889.77,1890.49,1816,1827.37,50.32761876863294,28/06/2023
1687996800,1827.3,1879.6,1826.43,1852.11,52.97159166731713,29/06/2023
1688083200,1851.98,1946.75,1823.2,1933.57,60.438548352038815,30/06/2023
1688169600,1933.7,1944.32,1908.65,1924.14,59.26544342150825,01/07/2023
1688256000,1924.14,1959.7,1885.33,1937.26,60.416621524187235,02/07/2023
1688342400,1937.28,1976.99,1933.46,1955.76,62.04541618570428,03/07/2023
1688428800,1955.76,1967.07,1931.7,1936.42,59.298371828924786,04/07/2023
1688515200,1936.44,1942.66,1894.18,1910.14,55.69019133,05/07/2023
1688601600,1910.15,1957.76,1845.7,1845.8,47.990991572634435,06/07/2023
1688688000,1846.04,1878.09,1825.38,1870.93,50.849198064758454,07/07/2023
1688774400,1870.9,1873.23,1842.57,1865.56,50.214148517537545,08/07/2023
1688860800,1865.56,1879.35,1856.62,1863.01,49.89548282480096,09/07/2023
1688947200,1862.99,1905.83,1846.99,1880.62,52.15367874440474,10/07/2023
1689033600,1880.62,1891.7,1862.23,1878.66,51.87345090636784,11/07/2023
1689120000,1878.58,1905,1864.17,1871.65,50.82167804813855,12/07/2023
1689206400,1871.65,2014.26,1862.44,2005.95,65.32661248634062,13/07/2023
1689292800,2005.95,2029.34,1898.88,1938.91,56.38619979,14/07/2023
1689379200,1938.99,1947.04,1926.92,1931.9,55.53041019034527,15/07/2023
1689465600,1931.89,1944.15,1914.75,1923.38,54.44875608695777,16/07/2023
1689552000,1923.21,1936.93,1873.61,1911.38,52.886232837905034,17/07/2023
1689638400,1911.26,1917.49,1876.01,1897.72,51.088937159671545,18/07/2023
1689724800,1897.72,1922.33,1882.15,1888.73,49.88733452119691,19/07/2023
1689811200,1888.65,1929.03,1877.77,1891.72,50.30596844362153,20/07/2023
1689897600,1891.76,1905.41,1884.43,1891.92,50.33585482739229,21/07/2023
1689984000,1891.92,1897.62,1851.35,1866.69,46.53387106377276,22/07/2023
1690070400,1866.61,1905.24,1858.19,1888.65,50.068981632440305,23/07/2023
1690156800,1888.64,1890.93,1832.83,1849.69,44.45333347385879,24/07/2023
1690243200,1849.68,1868.14,1844.69,1857.28,45.730347545781434,25/07/2023
1690329600,1857.29,1887.75,1848.03,1871.92,48.20388696587885,26/07/2023
1690416000,1871.92,1886.15,1854.39,1860.88,46.48331986778619,27/07/2023
1690502400,1860.87,1882.77,1856.18,1874.05,48.82975439618986,28/07/2023
1690588800,1874.01,1886.26,1869.1,1880.71,50.023087897326064,29/07/2023
1690675200,1880.88,1885.46,1848.81,1861.65,46.668771315865705,30/07/2023
1690761600,1861.65,1876.82,1850.55,1856,45.69069762707822,31/07/2023
1690848000,1856.09,1874.88,1812,1872.89,49.12334834921077,01/08/2023
1690934400,1872.78,1878.86,1820.1,1838.92,43.20812206253725,02/08/2023
1691020800,1838.91,1857.6,1824,1834.34,42.46565727,03/08/2023
1691107200,1834.34,1849.99,1813.45,1827.3,41.29114050607546,04/08/2023
1691193600,1827.3,1837.16,1824.45,1834.66,43.06409439102197,05/08/2023
1691280000,1834.66,1836.92,1823.7,1827.5,41.74340243669828,06/08/2023
1691366400,1827.49,1844.11,1800,1826.9,41.62819071665774,07/08/2023
1691452800,1826.9,1876.1,1824,1855.71,48.91854694172348,08/08/2023
1691539200,1855.71,1870.85,1843.35,1854.09,48.55134640071941,09/08/2023
1691625600,1854.09,1864.35,1844.07,1850.38,47.66885982693287,10/08/2023
1691712000,1850.38,1855.54,1836.41,1846.76,46.77546327794538,11/08/2023
1691798400,1846.77,1852.7,1844.93,1849.09,47.458034315378804,12/08/2023
1691884800,1849.08,1859.99,1833.03,1838.98,44.77485281222399,13/08/2023
1691971200,1838.98,1854.19,1833.27,1844.01,46.39859832841194,14/08/2023
1692057600,1844,1845.65,1811.34,1827.19,41.956177592870326,15/08/2023
1692144000,1827.19,1829.39,1795.15,1805.51,37.034238697153064,16/08/2023
1692230400,1805.51,1808.18,1540,1681.42,21.492711309461072,17/08/2023
1692316800,1681.46,1699.33,1640.18,1661.4,20.032118590990592,18/08/2023
1692403200,1661.28,1696,1653.84,1669.65,22.37324004,19/08/2023
1692489600,1669.65,1694.48,1661.83,1685.39,26.777647551016756,20/08/2023
1692576000,1685.36,1688.1,1648.65,1667.2,25.01149451545929,21/08/2023
1692662400,1667.2,1669.11,1579.34,1634.33,22.16636477590336,22/08/2023
1692748800,1634.32,1700.46,1628.81,1679.22,33.32167601701562,23/08/2023
1692835200,1679.21,1683.16,1634.73,1660.36,31.292448732968765,24/08/2023
1692921600,1660.41,1676.19,1634.54,1652.75,30.48571920659444,25/08/2023
1693008000,1652.77,1654.74,1643,1646.25,29.77953230326237,26/08/2023
1693094400,1646.26,1659.43,1645.38,1657.51,32.68839278468873,27/08/2023
1693180800,1657.5,1662.7,1621.04,1651.94,31.98260442977781,28/08/2023
1693267200,1651.93,1745.88,1639.04,1729.34,48.592816574825044,29/08/2023
1693353600,1729.26,1730.96,1694.98,1705.47,44.947332191310814,30/08/2023
1693440000,1705.46,1726.16,1629.76,1645.58,37.37179108228392,31/08/2023
1693526400,1645.58,1654.27,1601.69,1628.46,35.52839178,01/09/2023
1693612800,1628.46,1644.64,1627.43,1636.83,37.16037420520409,02/09/2023
1693699200,1636.83,1646.97,1624.93,1635.68,37.02171122523709,03/09/2023
1693785600,1635.65,1644.57,1615.85,1629.75,36.27013818,04/09/2023
1693872000,1629.75,1646.66,1608.85,1633.85,37.21911582475733,05/09/2023
1693958400,1633.85,1669,1608.17,1632.08,36.963223688850725,06/09/2023
1694044800,1632.09,1659.1,1622.41,1647.44,40.768994454874566,07/09/2023
1694131200,1647.44,1658.29,1615.65,1635.94,38.87653124018319,08/09/2023
1694217600,1635.94,1637.14,1629.32,1635.14,38.741804401068904,09/09/2023
1694304000,1635.15,1635.66,1596.78,1616.65,35.66538763977546,10/09/2023
1694390400,1616.68,1618.61,1530.6,1551.36,27.393461035370947,11/09/2023
1694476800,1551.33,1624.99,1549.21,1593.07,37.384681106625074,12/09/2023
1694563200,1592.92,1618.56,1581.65,1608.06,40.55085337776621,13/09/2023
1694649600,1608.06,1644.4,1607.48,1627.18,44.411913859089466,14/09/2023
1694736000,1627.17,1653.52,1611.52,1641.49,47.177071430259055,15/09/2023
1694822400,1641.48,1652.54,1631.88,1634.87,46.03618983567088,16/09/2023
1694908800,1634.87,1635.66,1612.35,1622.83,43.95427070810057,17/09/2023
1694995200,1622.93,1669.43,1603.55,1636.94,46.98039117211655,18/09/2023
1695081600,1636.93,1661.05,1626.77,1643.42,48.35940184446365,19/09/2023
1695168000,1643.41,1649.57,1604.91,1622.27,44.30861550074158,20/09/2023
1695254400,1622.26,1625.23,1567.81,1583.86,38.07158345170554,21/09/2023
1695340800,1583.86,1602.43,1576.52,1593.03,40.23454951262735,22/09/2023
1695427200,1593.04,1598.19,1587.97,1593.85,40.43489558683397,23/09/2023
1695513600,1593.84,1600.89,1570.35,1580.64,38.212556223664166,24/09/2023
1695600000,1580.59,1597.12,1563,1587.75,40.120151388478256,25/09/2023
1695686400,1587.75,1598.84,1579.47,1593.28,41.62960181534603,26/09/2023
1695772800,1593.19,1632.94,1582.38,1597.65,42.85549774802218,27/09/2023
1695859200,1597.65,1668.55,1596.93,1652.94,55.569720815394255,28/09/2023
1695945600,1652.94,1688.16,1648.33,1667.21,58.15731958766485,29/09/2023
1696032000,1667.2,1694.25,1665.98,1670.84,58.81441802842035,30/09/2023
1696118400,1670.84,1755.2,1668.51,1733.4,68.10939794842137,01/10/2023
1696204800,1733.42,1743.84,1637.82,1662.62,53.41995655,02/10/2023
1696291200,1662.62,1670.61,1643.56,1656.91,52.43741762093427,03/10/2023
1696377600,1656.91,1657.91,1626.01,1646.58,50.62338006496563,04/10/2023
1696464000,1646.58,1655.28,1608,1611.63,44.95667391280877,05/10/2023
1696550400,1611.83,1662.23,1611.78,1645.95,50.78281630941259,06/10/2023
1696636800,1645.9,1648.7,1631.01,1634.65,48.94582163638746,07/10/2023
1696723200,1634.64,1642.33,1617.31,1633.78,48.799458532679616,08/10/2023
1696809600,1633.77,1636.51,1548.22,1580.13,40.714151251745356,09/10/2023
1696896000,1580.13,1595.15,1550.18,1567.63,39.089117583611255,10/10/2023
1696982400,1567.63,1578.53,1545.5,1566.46,38.93248229756684,11/10/2023
1697068800,1566.45,1568.05,1520.85,1539.25,35.38158296268993,12/10/2023
1697155200,1539.26,1574.66,1537.31,1552.04,38.23330578,13/10/2023
1697241600,1552.03,1561.53,1544.65,1554.87,38.87608632271327,14/10/2023
1697328000,1554.98,1566.92,1548.3,1558.01,39.62681046328292,15/10/2023
1697414400,1558.01,1641.41,1555.2,1600.02,48.70416056249368,16/10/2023
1697500800,1600.03,1601.44,1552.74,1565.24,42.94698789662081,17/10/2023
1697587200,1565.25,1586.27,1556.01,1563.67,42.70160620193499,18/10/2023
1697673600,1563.66,1576.25,1542.36,1567.48,43.54460108561599,19/10/2023
1697760000,1567.5,1632.11,1562,1604.96,51.15734232237475,20/10/2023
1697846400,1604.94,1644.77,1593.06,1629.38,55.379200994167384,21/10/2023
1697932800,1629.37,1668.28,1622.36,1664.43,60.63823537426927,22/10/2023
1698019200,1664.43,1799.55,1657.95,1766.27,71.24346852,23/10/2023
1698105600,1766.24,1854.62,1725.79,1785.28,72.72095408787149,24/10/2023
1698192000,1785.06,1818.29,1760.2,1787.58,72.90235882976037,25/10/2023
1698278400,1787.58,1865.86,1762.67,1803.57,74.18751128,26/10/2023
1698364800,1803.56,1804.29,1745.05,1779.81,68.95431229,27/10/2023
1698451200,1779.78,1803.48,1770.8,1776.48,68.22790373050401,28/10/2023
1698537600,1776.48,1811.68,1763.25,1795.74,70.18431876997894,29/10/2023
1698624000,1795.63,1830.64,1778.24,1809.69,71.55075232201926,30/10/2023
1698710400,1809.67,1820,1781.62,1815.14,72.08893190168763,31/10/2023
1698796800,1815.14,1859,1783.48,1847.74,75.12072730639602,01/11/2023
1698883200,1847.74,1875,1785.03,1801.31,64.39257366724169,02/11/2023
1698969600,1801.31,1836.16,1777,1833.76,67.84851914318094,03/11/2023
1699056000,1833.64,1870.32,1825.11,1857.23,70.10826932505395,04/11/2023
1699142400,1857.17,1913.57,1847.46,1893.16,73.21228515516484,05/11/2023
1699228800,1893.13,1916.13,1870.64,1901.68,73.90428986057628,06/11/2023
1699315200,1901.67,1908.07,1851.01,1885.93,70.28944913287839,07/11/2023
1699401600,1885.93,1905.3,1873.55,1888.84,70.57581488,08/11/2023
1699488000,1888.86,2131.91,1882.84,2121.3,83.91402727394144,09/11/2023
1699574400,2120.88,2136.53,2066,2078.57,77.00405765914928,10/11/2023
1699660800,2078.57,2091.61,2032.14,2053.83,73.24341849,11/11/2023
1699747200,2053.94,2066.93,2013.5,2046.06,72.05325219238277,12/11/2023
1699833600,2046.06,2118.65,2029.28,2053.99,72.54361691688467,13/11/2023
1699920000,2054.31,2065.48,1933,1979.61,61.62190461364269,14/11/2023
1700006400,1979.45,2063.58,1967.19,2059.38,67.30673959210566,15/11/2023
1700092800,2059.46,2100,1909.37,1961.76,56.313390586597876,16/11/2023
1700179200,1961.66,1991.25,1906.15,1961.57,56.29411826808928,17/11/2023
1700265600,1961.53,1972.38,1917.96,1963.76,56.47900099620598,18/11/2023
1700352000,1963.75,2016.6,1944.65,2012.29,60.46960361950446,19/11/2023
1700438400,2012.68,2067.79,1993.59,2022.55,61.27799052052196,20/11/2023
1700524800,2022.56,2035.77,1930.86,1933.45,51.44004401594805,21/11/2023
1700611200,1933.52,2092.66,1929.26,2063.94,61.251600722943614,22/11/2023
1700697600,2063.95,2089.18,2040.23,2062.78,61.133350145178085,23/11/2023
1700784000,2062.51,2134.16,2059.7,2082.61,62.46731643309469,24/11/2023
1700870400,2082.74,2091.72,2067.11,2084.02,62.565699091886124,25/11/2023
1700956800,2084,2095.16,2037.8,2063.09,60.049454783778806,26/11/2023
1701043200,2063.13,2072,1985.72,2027.47,55.92707517,27/11/2023
1701129600,2027.46,2076,1995.29,2049.08,57.818989339017406,28/11/2023
1701216000,2048.94,2075.84,2019.63,2029.11,55.450125641182424,29/11/2023
1701302400,2029.14,2055.74,2020.96,2053.1,57.69257692235707,30/11/2023
1701388800,2053.08,2112.09,2045.99,2088.4,60.817889760052985,01/12/2023
1701475200,2088.43,2190.48,2086.97,2165.76,66.63485396662281,02/12/2023
1701561600,2165.85,2217.78,2150.3,2194.13,68.48277777654738,03/12/2023
1701648000,2194.12,2274.95,2192.41,2243.29,71.43508278182404,04/12/2023
1701734400,2243.25,2309.82,2187.97,2293.97,74.12592109409935,05/12/2023
1701820800,2293.96,2312.75,2219.61,2232.8,66.03968888,06/12/2023
1701907200,2233.08,2384,2222.58,2356.57,72.56186216,07/12/2023
1701993600,2356.4,2392.35,2338.25,2358.59,72.65416870276495,08/12/2023
1702080000,2359.01,2403.37,2329.35,2341.28,70.46645426660328,09/12/2023
1702166400,2341.48,2377.61,2322.53,2352.29,71.06328914345417,10/12/2023
1702252800,2352.71,2354.99,2127.36,2224.06,56.693276057766376,11/12/2023
1702339200,2224.15,2243.23,2164.82,2202.34,54.67645633,12/12/2023
1702425600,2202.39,2284.98,2144.52,2260.69,58.90587773051224,13/12/2023
1702512000,2260.69,2332.39,2229.9,2315.95,62.47703481496974,14/12/2023
1702598400,2315.81,2318.39,2199.76,2220.31,53.768060901458156,15/12/2023
1702684800,2220.44,2262,2209.68,2227.29,54.26908317,16/12/2023
1702771200,2227.19,2247.08,2189.89,2194.75,51.46877664057977,17/12/2023
1702857600,2194.45,2223.31,2115.22,2218.71,53.376485279399624,18/12/2023
1702944000,2218.58,2254.14,2134.43,2177.27,49.735062600721555,19/12/2023
1703030400,2177.32,2264.85,2156.96,2202,51.84631287594849,20/12/2023
1703116800,2201.93,2279.65,2182.83,2239.92,54.96958226461655,21/12/2023
1703203200,2239.92,2344.26,2230.66,2326.35,61.154101404152634,22/12/2023
1703289600,2326.49,2332.69,2266.79,2309.58,59.44805497928271,23/12/2023
1703376000,2309.51,2327.66,2244.79,2265.33,55.08152815585221,24/12/2023
1703462400,2265.45,2304.93,2253.96,2271.53,55.57390735563775,25/12/2023
1703548800,2271.42,2275.2,2148.1,2230.91,51.58434243081422,26/12/2023
1703635200,2230.93,2393.39,2212.12,2380.66,62.32285608482214,27/12/2023
1703721600,2380.54,2448.25,2336.7,2344.94,58.963391280566626,28/12/2023
1703808000,2345.08,2386.99,2255.78,2299.37,54.89774566461707,29/12/2023
1703894400,2299.17,2322.86,2267.63,2291.15,54.172140220209876,30/12/2023
1703980800,2291.51,2320.48,2259.1,2281.07,53.24278827815498,31/12/2023
1704067200,2281.03,2353.33,2264.86,2352.76,58.673044933677005,01/01/2024
1704153600,2352.8,2433.19,2342.19,2356.16,58.91673717344155,02/01/2024
1704240000,2356.27,2385.66,2100,2210.49,46.31556046248978,03/01/2024
1704326400,2210.49,2297.64,2203.1,2269.47,50.895049496364024,04/01/2024
1704412800,2269.48,2278.84,2207.6,2270.35,50.96226378,05/01/2024
1704499200,2270.29,2271.72,2217,2241.87,48.64173287586139,06/01/2024
1704585600,2241.81,2258.57,2206.66,2222.69,47.08673248893273,07/01/2024
1704672000,2222.86,2360.81,2167.68,2332.51,55.79966824770238,08/01/2024
1704758400,2332.52,2376.1,2228.42,2344.93,56.66868204037684,09/01/2024
1704844800,2344.97,2644.42,2340.77,2584.77,69.24393260796901,10/01/2024
1704931200,2584.85,2691.07,2567.08,2618.31,70.53186630576641,11/01/2024
1705017600,2618.37,2717.89,2455,2522.03,62.447673340102675,12/01/2024
1705104000,2522.02,2589.97,2496.41,2578.12,64.96688193975758,13/01/2024
1705190400,2578.13,2578.96,2467.97,2470.66,57.067993777211576,14/01/2024
1705276800,2470.65,2551.77,2468.6,2509.94,59.028917524664124,15/01/2024
1705363200,2509.85,2614.04,2498.25,2586.83,62.62737360845395,16/01/2024
1705449600,2586.46,2592.5,2505.19,2527.94,58.39693680074027,17/01/2024
1705536000,2528.02,2547.67,2423.43,2468.82,54.422487548244426,18/01/2024
1705622400,2468.82,2502.14,2412.4,2490.13,55.59561831269565,19/01/2024
1705708800,2489.98,2489.98,2452.02,2470.44,54.20726422,20/01/2024
1705795200,2470.51,2480.69,2451.26,2455.52,53.12467485699784,21/01/2024
1705881600,2455.09,2464.33,2301,2311.34,43.983240051671146,22/01/2024
1705968000,2311.52,2349.07,2165.01,2240.81,40.327518365981334,23/01/2024
1706054400,2241.1,2262.88,2195.32,2234.06,39.984989274663995,24/01/2024
1706140800,2234.34,2241.35,2169.47,2217.3,39.097026782529106,25/01/2024
1706227200,2217.29,2281.72,2194.88,2267.34,43.15594812073428,26/01/2024
1706313600,2267.47,2282.54,2250.9,2268.07,43.21540374241968,27/01/2024
1706400000,2268.12,2307.97,2239.3,2256.51,42.458069149207866,28/01/2024
1706486400,2256.47,2322.55,2233.15,2317.42,47.66254796026929,29/01/2024
1706572800,2317.63,2391.91,2296.86,2342.96,49.71625006726386,30/01/2024
1706659200,2342.96,2352.17,2262.47,2281.6,45.13400907632564,31/01/2024
1706745600,2281.55,2310.97,2239.04,2303.61,47.02029898054231,01/02/2024
1706832000,2303.66,2323.4,2280.43,2308.03,47.411305959537415,02/02/2024
1706918400,2308.06,2328.42,2292.29,2295.97,46.40495586,03/02/2024
1707004800,2295.97,2309.45,2266.14,2288.82,45.78447438446605,04/02/2024
1707091200,2288.82,2336.1,2268,2298.91,46.86421970369676,05/02/2024
1707177600,2298.93,2392.65,2295.79,2372.09,54.01708546155029,06/02/2024
1707264000,2372.09,2446.9,2352.34,2424.55,58.34592123813011,07/02/2024
1707350400,2424.71,2462.69,2410.77,2419.78,57.81298556769276,08/02/2024
1707436800,2419.78,2524.11,2418.79,2487.84,63.00531114129013,09/02/2024
1707523200,2487.87,2518.02,2473.32,2501.08,63.93523409114385,10/02/2024
1707609600,2501.08,2540.57,2494.42,2508.11,64.4462623,11/02/2024
1707696000,2508.49,2666.66,2472.17,2661.03,73.30673822,12/02/2024
1707782400,2661.13,2687.13,2590.41,2641.63,70.89296185658164,13/02/2024
1707868800,2641.84,2788.95,2619.36,2777.56,76.68559197526281,14/02/2024
1707955200,2777.37,2868.68,2761.9,2825.94,78.33797974237937,15/02/2024
1708041600,2825.88,2860.28,2745.48,2803.89,75.70446070853218,16/02/2024
1708128000,2804.09,2806.8,2719.73,2786.83,73.64172695539182,17/02/2024
1708214400,2787.12,2896.74,2765.55,2882.06,77.35145044801524,18/02/2024
1708300800,2881.91,2985,2857.33,2945.43,79.42649524,19/02/2024
1708387200,2944.94,3033.53,2873.82,3015.56,81.45181380070454,20/02/2024
1708473600,3015.53,3017.99,2868.32,2968.37,76.02817861078427,21/02/2024
1708560000,2968.37,3035.84,2906.13,2969.77,76.07906838701982,22/02/2024
1708646400,2969.75,2991.94,2905.71,2921.79,70.55128132490371,23/02/2024
1708732800,2921.76,3005.28,2906.2,2992.66,73.60226356799402,24/02/2024
1708819200,2992.41,3121.04,2983.45,3113.17,77.81185224959012,25/02/2024
1708905600,3113.37,3198.77,3036.62,3178.34,79.69738576100778,26/02/2024
1708992000,3178.28,3291.36,3167.8,3243.84,81.40751491,27/02/2024
1709078400,3244.35,3492.31,3185,3386.64,84.47734621233656,28/02/2024
1709164800,3386.64,3521.99,3302.1,3341.78,80.00817320093248,29/02/2024
1709251200,3341.78,3454.95,3340.15,3436,82.14476250645009,01/03/2024
1709337600,3436.37,3462,3398.14,3424.04,80.96193286144518,02/03/2024
1709424000,3423.77,3493.78,3363.59,3489.53,82.45197661411834,03/03/2024
1709510400,3489.95,3650,3430,3633.23,85.19085427963475,04/03/2024
1709596800,3632.92,3829.93,3205,3557.41,78.25106355176848,05/03/2024
1709683200,3557.42,3903.42,3502,3821.82,83.34610752708893,06/03/2024
1709769600,3822.1,3941.57,3736.5,3875.28,84.15437490449861,07/03/2024
1709856000,3875.42,4000,3826.37,3892.6,84.41822654377032,08/03/2024
1709942400,3892.62,3951.37,3880,3913.55,84.74902900971873,09/03/2024
1710028800,3913.84,3972.17,3800.01,3881.96,81.92468927,10/03/2024
1710115200,3882.48,4091.67,3730.72,4066.21,85.05341049,11/03/2024
1710201600,4066.95,4093.88,3828.83,3980.34,78.25493579967234,12/03/2024
1710288000,3980.31,4085.57,3934.52,4007.7,78.83541781,13/03/2024
1710374400,4007.79,4013.25,3714.53,3880.45,69.53772996362022,14/03/2024
1710460800,3880.45,3932.39,3566.38,3742.95,61.14600458779115,15/03/2024
1710547200,3743.29,3781.4,3466.55,3520.1,50.50748655179474,16/03/2024
1710633600,3520.24,3676.76,3410.78,3641.02,55.07491870409147,17/03/2024
1710720000,3641.51,3642.56,3454.3,3520.66,50.11713521380754,18/03/2024
1710806400,3520.52,3547.97,3147.81,3156.97,38.762375652699475,19/03/2024
1710892800,3156.94,3536.72,3057.5,3516.68,50.66742774378341,20/03/2024
1710979200,3517.02,3586.59,3410.45,3491.78,49.943617901938225,21/03/2024
1711065600,3491.78,3542.56,3250.33,3337.41,45.594910065046705,22/03/2024
1711152000,3337.38,3436.39,3271.47,3330.05,45.391974158228535,23/03/2024
1711238400,3330.28,3471.22,3300,3454.67,49.49122054848919,24/03/2024
1711324800,3454.88,3661.7,3418.61,3591.02,53.59569796140992,25/03/2024
1711411200,3590.61,3681.9,3544,3587.67,53.480707322548476,26/03/2024
1711497600,3587.5,3665.95,3458,3499.56,50.416818050067484,27/03/2024
1711584000,3499.62,3612.3,3462.44,3561.1,52.46517118928354,28/03/2024
1711670400,3561.12,3584.9,3473.42,3511.08,50.63418470532047,29/03/2024
1711756800,3511.21,3568.13,3488.08,3507.51,50.49872700862711,30/03/2024
1711843200,3507.31,3654.87,3505.76,3645.48,55.45813044282511,31/03/2024
1711929600,3645.55,3646.38,3413.86,3505.85,49.99866369498231,01/04/2024
1712016000,3505.95,3507.69,3211.41,3279.64,42.669991425669224,02/04/2024
1712102400,3279.71,3369.43,3202.8,3312.43,43.9524341,03/04/2024
1712188800,3312.42,3444.95,3251.91,3329.39,44.64220340222724,04/04/2024
1712275200,3329.41,3348.33,3210.99,3319.26,44.29158347486687,05/04/2024
1712361600,3319.1,3398.8,3308.7,3352.66,45.803012728773425,06/04/2024
1712448000,3352.87,3459.52,3345.36,3453.67,50.20319881182145,07/04/2024
1712534400,3453.69,3729.16,3406.93,3694.56,58.795011148244136,08/04/2024
1712620800,3694.26,3726.79,3450.6,3504.58,51.28036946170044,09/04/2024
1712707200,3504.24,3562.51,3411.59,3546,52.69981119288239,10/04/2024
1712793600,3546.07,3617.97,3473.6,3503.06,51.039621708247246,11/04/2024
1712880000,3503.06,3553.03,3100,3239.31,42.23792690590335,12/04/2024
1712966400,3238.98,3302.32,2850,3011.39,36.39679918732421,13/04/2024
1713052800,3012.01,3175.72,2911.23,3158.06,41.959302353528635,14/04/2024
1713139200,3158.2,3281.21,3025,3103.13,40.529692291599794,15/04/2024
1713225600,3103.4,3128.28,2990,3085.25,40.05133877185583,16/04/2024
1713312000,3085.41,3124.03,2914.01,2984.98,37.386455766549574,17/04/2024
1713398400,2984.9,3100.8,2952.53,3065.82,40.80607849680641,18/04/2024
1713484800,3065.8,3128.99,2865.71,3057.93,40.57317058791972,19/04/2024
1713571200,3057.9,3172.3,3019.11,3157.01,44.83154528842371,20/04/2024
1713657600,3156.62,3198.46,3117.46,3148.1,44.52257411096421,21/04/2024
1713744000,3148.06,3237.41,3129.68,3201.46,46.88352162801998,22/04/2024
1713830400,3201.67,3266.4,3153.41,3219.49,47.693530963256535,23/04/2024
1713916800,3219.42,3293.4,3102.62,3138.91,44.43234051982657,24/04/2024
1714003200,3139.27,3191.94,3071.79,3155.36,45.25530678595211,25/04/2024
1714089600,3155.27,3166.66,3101.01,3130,44.16926110354821,26/04/2024
1714176000,3130.04,3281.92,3067.27,3253.04,50.38984205824518,27/04/2024
1714262400,3253.04,3356.31,3239.72,3262.6,50.848083413744675,28/04/2024
1714348800,3262.99,3287.15,3114.56,3215.53,48.473960678839326,29/04/2024
1714435200,3215.89,3249.66,2916.34,3011.4,39.79603865205543,30/04/2024
1714521600,3011.24,3020.26,2814.12,2968.12,38.23320400262698,01/05/2024
1714608000,2968.18,3016.07,2890.28,2986.32,39.31250167845638,02/05/2024
1714694400,2986.12,3128.04,2958.55,3103.27,45.859227293333106,03/05/2024
1714780800,3104.11,3167.85,3093.87,3117.41,46.60916549951133,04/05/2024
1714867200,3117.52,3171.64,3073.7,3136.95,47.68753123308926,05/05/2024
1714953600,3136.77,3221.41,3045.59,3062.69,44.04648885559959,06/05/2024
1715040000,3062.69,3129.9,3000,3005.78,41.435461633711235,07/05/2024
1715126400,3006.09,3038.17,2937.09,2972.82,39.95809534531265,08/05/2024
1715212800,2972.81,3058.43,2949.52,3035.92,44.069511651307295,09/05/2024
1715299200,3035.92,3053.53,2878.38,2909.43,38.39392199710402,10/05/2024
1715385600,2909.38,2943.64,2885.8,2911.75,38.550240150507925,11/05/2024
1715472000,2911.77,2954.16,2900.59,2927.75,39.68685804467158,12/05/2024
1715558400,2927.72,2994.74,2864.35,2950.21,41.327461530863225,13/05/2024
1715644800,2950.09,2988,2858.76,2880.4,37.878582478955366,14/05/2024
1715731200,2880.39,3041.53,2862.36,3033.2,48.089894468450495,15/05/2024
1715817600,3033.23,3041.71,2923.73,2945.11,43.636622154992104,16/05/2024
1715904000,2944.86,3122.08,2932.68,3093.39,51.738199770022334,17/05/2024
1715990400,3093.2,3148,3085.07,3123.99,53.232174643572684,18/05/2024
1716076800,3123.76,3137.64,3053.74,3070.9,50.321654118655715,19/05/2024
1716163200,3070.83,3695,3048.58,3661.52,69.98383724836502,20/05/2024
1716249600,3661.51,3841.24,3625.58,3789.37,72.51936645,21/05/2024
1716336000,3789.41,3813.25,3653.11,3735.99,69.8657374,22/05/2024
1716422400,3736.02,3947,3521.24,3780.83,70.83128831054425,23/05/2024
1716508800,3780.42,3827.99,3627.53,3726.89,68.00831579131383,24/05/2024
1716595200,3726.87,3777.78,3707.41,3749.06,68.56289488165775,25/05/2024
1716681600,3749.23,3882.82,3731.03,3823.83,70.42497304392309,26/05/2024
1716768000,3823.55,3973.9,3821.01,3890.72,72.02157661,27/05/2024
1716854400,3890.72,3926.6,3769.47,3839.98,68.97952823130885,28/05/2024
1716940800,3840.18,3884.24,3740.75,3762.11,64.47839268912256,29/05/2024
1717027200,3762.07,3824.07,3700.4,3746.74,63.596284225577925,30/05/2024
1717113600,3746.64,3846,3720.52,3758.44,64.00002872444145,31/05/2024
1717200000,3758.44,3829.99,3748.31,3812.48,65.88218744349463,01/06/2024
1717286400,3812.49,3835,3750.59,3778.88,63.653818131067005,02/06/2024
1717372800,3778.88,3850.06,3757.32,3766.09,62.78329717798558,03/06/2024
1717459200,3766.12,3832.56,3730.56,3810.29,64.58577101340205,04/06/2024
1717545600,3810.24,3888.9,3777.25,3866.57,66.79123658,05/06/2024
1717632000,3866.42,3879.15,3758.19,3812.09,62.71938468478935,06/06/2024
1717718400,3812.04,3839.71,3575.23,3676.35,53.90212197406971,07/06/2024
1717804800,3676.31,3707.99,3658,3680.84,54.13182495570025,08/06/2024
1717891200,3680.89,3721.16,3666.2,3706.27,55.48476657163344,09/06/2024
1717977600,3706.4,3712.6,3643.02,3665.86,52.81863287343205,10/06/2024
1718064000,3665.86,3671.47,3381,3497.31,43.442077251765824,11/06/2024
1718150400,3497.27,3657.05,3461.52,3559.14,47.14860938942273,12/06/2024
1718236800,3559.14,3560.6,3425.87,3467.65,42.690370758564384,13/06/2024
1718323200,3467.9,3529.83,3360.62,3479.53,43.43827256758217,14/06/2024
1718409600,3479.53,3591.87,3470.96,3566.69,48.725233932914755,15/06/2024
1718496000,3566.82,3651.51,3538.74,3622.1,51.80915748164217,16/06/2024
1718582400,3622.53,3640,3463.38,3509.55,45.78538183255659,17/06/2024
1718668800,3509.81,3515.87,3351,3482.06,44.42669250374068,18/06/2024
1718755200,3482.07,3585.77,3464.44,3559.14,48.996954362967124,19/06/2024
1718841600,3559.24,3624.28,3483.5,3510.73,46.415210103827675,20/06/2024
1718928000,3510.73,3545.99,3444.7,3517.19,46.817919328525846,21/06/2024
1719014400,3517.18,3520.03,3473.78,3494.09,45.50107084285084,22/06/2024
1719100800,3494.09,3519.79,3405.07,3418.42,41.393782001617495,23/06/2024
1719187200,3418.42,3432.5,3233.75,3350.59,38.07586040008342,24/06/2024
1719273600,3350.6,3430.6,3334.79,3393.6,41.289373224771055,25/06/2024
1719360000,3393.59,3425.44,3323,3369.31,40.02607519455283,26/06/2024
1719446400,3369.76,3474.12,3359.23,3445.58,45.649278167881626,27/06/2024
1719532800,3445.57,3484.72,3360.01,3373.62,41.678668322264706,28/06/2024
1719619200,3373.75,3403.09,3366.21,3373.26,41.659146080193516,29/06/2024
1719705600,3373.34,3453.93,3347.21,3432.37,46.121599496249495,30/06/2024
1719792000,3432.37,3518.85,3420.5,3438.59,46.584600046655574,01/07/2024
1719878400,3438.59,3460.56,3396.76,3416.17,45.080805896165685,02/07/2024
1719964800,3416.17,3427.04,3248,3291.73,37.78920551642044,03/07/2024
1720051200,3291.88,3309.58,3050,3058.89,28.50032669145469,04/07/2024
1720137600,3059.08,3108.7,2809.41,2981.74,26.202091267861476,05/07/2024
1720224000,2981.74,3082.05,2955.67,3067.39,32.691303476662895,06/07/2024
1720310400,3067.38,3073.49,2921.13,2930.78,28.40157200143119,07/07/2024
1720396800,2930.78,3095.94,2822.64,3018.48,34.35668693425525,08/07/2024
1720483200,3018.47,3113.5,3003.55,3066.51,37.42624972606086,09/07/2024
1720569600,3066.35,3150.72,3023.8,3100.3,39.56725929727113,10/07/2024
1720656000,3100.35,3220.48,3055,3099.29,39.52372794176024,11/07/2024
1720742400,3099.35,3158.3,3045.8,3135.05,41.95853960091961,12/07/2024
1720828800,3134.84,3203.05,3114.15,3176.71,44.749312432692854,13/07/2024
1720915200,3176.61,3270.12,3164.66,3246.38,49.152498156848594,14/07/2024
1721001600,3246.38,3496.03,3233.86,3485.87,60.73621096431524,15/07/2024
1721088000,3485.35,3499.99,3348,3446.67,58.391386612297374,16/07/2024
1721174400,3446.67,3518.38,3376.92,3387.45,54.94056311399672,17/07/2024
1721260800,3387.1,3490,3367.65,3425.58,56.71434822475527,18/07/2024
1721347200,3425.58,3541.85,3375.99,3505.75,60.25682915046494,19/07/2024
1721433600,3505.83,3540.79,3482.03,3519.06,60.829979046935335,20/07/2024
1721520000,3518.99,3547.57,3413.01,3536.2,61.5980068,21/07/2024
1721606400,3536.21,3563.02,3423.94,3441.1,55.13805953179759,22/07/2024
1721692800,3441.09,3541.2,3390,3482.9,57.25973973653197,23/07/2024
1721779200,3482.89,3488.05,3299.16,3334.99,48.51607550711245,24/07/2024
1721865600,3335,3342.07,3086.13,3174.3,41.162165462631215,25/07/2024
1721952000,3174.3,3286.65,3169.59,3274.95,46.620005311973706,26/07/2024
1722038400,3274.84,3327.6,3190.57,3249.25,45.46042293460676,27/07/2024
1722124800,3249.24,3283.98,3198.23,3269.98,46.613898392845734,28/07/2024
1722211200,3270.15,3396.61,3256.68,3317.55,49.26555939695183,29/07/2024
1722297600,3317.42,3365.68,3232.55,3278.27,47.181617391614175,30/07/2024
1722384000,3278.42,3348,3213,3231.81,44.76940290059379,31/07/2024
1722470400,3231.81,3242.14,3077.17,3200.54,43.16964261871136,01/08/2024
1722556800,3200.53,3215.75,2964.01,2985.84,34.14730806,02/08/2024
1722643200,2985.88,3016.19,2857.35,2901.72,31.380071392002336,03/08/2024
1722729600,2901.98,2933.13,2626.17,2688.31,25.69175452782015,04/08/2024
1722816000,2688.38,2696.41,2116.02,2420.37,20.634346038774453,05/08/2024
1722902400,2420.79,2556.62,2415.69,2462.52,23.19567097715415,06/08/2024
1722988800,2462.26,2552.77,2308.94,2343.66,21.125258218105245,07/08/2024
1723075200,2342.82,2725.35,2321.07,2683.59,38.13302613386327,08/08/2024
1723161600,2683.33,2708.87,2553.08,2599.94,36.07174307527829,09/08/2024
1723248000,2600.1,2645.74,2577.61,2610.69,36.54644340631889,10/08/2024
1723334400,2610.38,2720,2539.86,2555.58,35.10721513237563,11/08/2024
1723420800,2555.09,2750,2509.58,2723,42.51367568007936,12/08/2024
1723507200,2723.23,2739,2611.59,2703.49,41.913330417638846,13/08/2024
1723593600,2703.49,2782.61,2633.76,2661.67,40.59019288142962,14/08/2024
1723680000,2661.98,2675.79,2516.07,2570.5,37.78943343472354,15/08/2024
1723766400,2570.22,2631.06,2551.29,2593.75,38.94640221870916,16/08/2024
1723852800,2593.75,2627.67,2588.17,2614.64,40.025654970903595,17/08/2024
1723939200,2614.64,2687.92,2594.34,2612.68,39.95429122320327,18/08/2024
1724025600,2612.33,2648.71,2563.98,2637.15,41.360001227595724,19/08/2024
1724112000,2637.63,2697.11,2555.26,2573.04,38.797334444829765,20/08/2024
1724198400,2572.69,2664.7,2536.49,2631.14,42.28727641421268,21/08/2024
1724284800,2631.18,2645.42,2584.59,2623.3,41.93974166681927,22/08/2024
1724371200,2623.26,2800.89,2621.38,2764.73,49.93341902268794,23/08/2024
1724457600,2764.89,2820.86,2732.75,2769,50.156543297434304,24/08/2024
1724544000,2768.95,2793.09,2734.52,2747.57,48.97685104990613,25/08/2024
1724630400,2747.06,2763.51,2667.25,2680.77,45.39285439905679,26/08/2024
1724716800,2680.75,2700.29,2393.38,2458.22,35.953303085261126,27/08/2024
1724803200,2457.84,2555.23,2418.63,2528.51,40.18418142433246,28/08/2024
1724889600,2528.76,2597,2503.09,2527.71,40.151671305655626,29/08/2024
1724976000,2527.76,2551.26,2430.25,2525.74,40.065711147243526,30/08/2024
1725062400,2525.7,2533.92,2492.03,2512.62,39.45981125,31/08/2024
1725148800,2512.49,2516.27,2399.2,2425.9,35.62492811573769,01/09/2024
1725235200,2425.78,2564.02,2423.56,2537.81,43.28494610544009,02/09/2024
1725321600,2537.99,2553.75,2410.52,2424.18,38.30143020713557,03/09/2024
1725408000,2424.16,2490.21,2307.12,2450.46,40.021367311336135,04/09/2024
1725494400,2450.26,2465.98,2347.19,2367.8,36.568358707393735,05/09/2024
1725580800,2367.5,2409.19,2150,2224.46,31.493908630516003,06/09/2024
1725667200,2224.55,2311.27,2221.01,2272.88,34.78596062286674,07/09/2024
1725753600,2273.03,2334.03,2240.82,2297.47,36.456014093452644,08/09/2024
1725840000,2297.35,2381.46,2273,2360.1,40.626534403062955,09/09/2024
1725926400,2359.71,2399.99,2320.91,2388.26,42.455291823616385,10/09/2024
1726012800,2388.71,2389.58,2276.66,2340.54,40.19586860216126,11/09/2024
1726099200,2340.24,2392.13,2314.76,2361.63,41.673255763687116,12/09/2024
1726185600,2361.75,2466.49,2336.57,2440.96,46.979114334282926,13/09/2024
1726272000,2440.99,2442.56,2378.8,2418.19,45.69424288179694,14/09/2024
1726358400,2418.3,2430.91,2285,2316.37,40.37638168379088,15/09/2024
1726444800,2316.01,2335.18,2251.99,2295.21,39.351430249609926,16/09/2024
1726531200,2295.35,2394,2263.05,2342.1,42.815626674279216,17/09/2024
1726617600,2342.09,2376.26,2277.05,2374.59,45.15331439589523,18/09/2024
1726704000,2374.78,2495.27,2372.73,2465.84,51.18860509847553,19/09/2024
1726790400,2465.79,2573.26,2437.49,2562.02,56.60847988457641,20/09/2024
1726876800,2562.1,2623.26,2528.75,2613.16,59.202437554042454,21/09/2024
1726963200,2612.77,2632.92,2525,2580.92,56.89335961183786,22/09/2024
1727049600,2580.93,2704.62,2539.64,2646.72,60.296958158475604,23/09/2024
1727136000,2646.93,2671.85,2591.67,2653.31,60.63221629241017,24/09/2024
1727222400,2653.53,2673.77,2553.93,2579.25,55.010321646084954,25/09/2024
1727308800,2579.84,2667.81,2558.84,2632.53,58.025609963120786,26/09/2024
1727395200,2632.63,2729.39,2615.45,2695.37,61.31849077077753,27/09/2024
1727481600,2695.37,2705.26,2650.16,2675.79,59.74574053127383,28/09/2024
1727568000,2675.88,2683.77,2634.38,2657.89,58.27420852188991,29/09/2024
1727654400,2657.9,2663.97,2573.89,2601.27,53.76343242774958,30/09/2024
1727740800,2601.33,2657.98,2413.11,2447.55,43.841328224586675,01/10/2024
1727827200,2447.54,2498.47,2351.92,2363.76,39.55607504143682,02/10/2024
1727913600,2363.51,2403.08,2309.17,2349.97,38.88247295945241,03/10/2024
1728000000,2349.73,2440.96,2338.96,2414.43,43.708029396708476,04/10/2024
1728086400,2414.43,2428.22,2389.68,2414.51,43.713969125557114,05/10/2024
1728172800,2414.89,2457.57,2406,2439.84,45.66875725304061,06/10/2024
1728259200,2439.36,2520.39,2402.32,2421.68,44.47616565603159,07/10/2024
1728345600,2421.68,2464.51,2399.24,2439.48,45.965634585658066,08/10/2024
1728432000,2439.47,2472.09,2349.63,2368.66,41.22698908525767,09/10/2024
1728518400,2368.35,2418.41,2327.83,2384.32,42.63526094433179,10/10/2024
1728604800,2384.42,2471.1,2379.84,2438.77,47.35837724211908,11/10/2024
1728691200,2439.15,2489.67,2433.43,2475.79,50.35142481862362,12/10/2024
1728777600,2475.79,2484.44,2435.88,2467.67,49.68414730397954,13/10/2024
1728864000,2467.95,2653.03,2442.42,2628.74,60.78567571783336,14/10/2024
1728950400,2628.75,2687.63,2536.47,2606.63,58.865685950127656,15/10/2024
1729036800,2606.73,2646.91,2588.05,2610.54,59.11164905072624,16/10/2024
1729123200,2610.56,2647.43,2574.29,2604.91,58.568590330632034,17/10/2024
1729209600,2604.9,2676.07,2594.79,2641.98,61.102517264842945,18/10/2024
1729296000,2642,2662.99,2630.82,2647.97,61.51213347519448,19/10/2024
1729382400,2647.97,2758.08,2635.16,2746.22,67.54856132,20/10/2024
1729468800,2745.91,2768.22,2653.94,2665.35,59.30379703,21/10/2024
1729555200,2665.25,2670.37,2603.37,2620.84,55.30283551022744,22/10/2024
1729641600,2620.84,2626.29,2448.36,2521.94,47.61583882511285,23/10/2024
1729728000,2521.91,2559.24,2504.7,2533.99,48.55412494515365,24/10/2024
1729814400,2534,2564.84,2379.35,2436.01,41.97116262714727,25/10/2024
1729900800,2435.81,2503.73,2425.54,2479.49,45.50226626224804,26/10/2024
1729987200,2479.49,2524.39,2460.47,2504.69,47.49638710370156,27/10/2024
1730073600,2504.72,2588,2468.81,2565.66,52.06636146884465,28/10/2024
1730160000,2565.66,2681.78,2559.3,2637.85,56.85488609011504,29/10/2024
1730246400,2638.11,2721.09,2598.87,2658.16,58.122422502772174,30/10/2024
1730332800,2658.15,2668.12,2500,2514.84,47.51437602094203,31/10/2024
1730419200,2514.74,2585.26,2464.83,2510.27,47.21844027389082,01/11/2024
1730505600,2510.27,2522.48,2469.7,2493.44,46.08018617667039,02/11/2024
1730592000,2493.5,2496.01,2409.53,2456.57,43.60052140095102,03/11/2024
1730678400,2456.15,2489.44,2355.43,2397,39.86768535173155,04/11/2024
1730764800,2396.62,2479.58,2379.3,2422.24,42.12846717170246,05/11/2024
1730851200,2422.24,2746.83,2420.14,2724.27,61.01621422944827,06/11/2024
1730937600,2724.27,2920.62,2701.52,2897.65,67.56126076104808,07/11/2024
1731024000,2897.65,2986.13,2888.99,2964.09,69.66317124018157,08/11/2024
1731110400,2964.09,3158.83,2956.8,3127.97,74.11798321,09/11/2024
1731196800,3127.96,3251.25,3069.19,3186.07,75.49202963330535,10/11/2024
1731283200,3186.03,3391.61,3108.1,3375.78,79.34748000267632,11/11/2024
1731369600,3375.79,3446.98,3210.57,3247.21,71.17541383240149,12/11/2024
1731456000,3247.54,3339,3120.8,3191.45,67.90883731731978,13/11/2024
1731542400,3191.34,3242.75,3028.32,3059.04,60.77577462239005,14/11/2024
1731628800,3058.89,3131.68,3012.94,3090.76,61.81065240182187,15/11/2024
1731715200,3090.76,3220,3072.9,3134.25,63.24257860343905,16/11/2024
1731801600,3134.48,3161.96,3036.64,3076.79,60.03943863161103,17/11/2024
1731888000,3076.79,3226.8,3050.83,3209.21,64.50162281727623,18/11/2024
1731974400,3209.42,3222.83,3070,3111.7,59.25454132710794,19/11/2024
1732060800,3111.63,3161.97,3031.38,3072.24,57.22577756874079,20/11/2024
1732147200,3072.33,3390.35,3034.15,3359.9,66.28745264123839,21/11/2024
1732233600,3360.11,3429.69,3260.78,3331.77,64.84084756578662,22/11/2024
1732320000,3332.16,3500,3316.55,3397.51,66.67139282157326,23/11/2024
1732406400,3397.51,3453.9,3286.25,3365.16,64.88123849274078,24/11/2024
1732492800,3365.17,3546.99,3304.11,3414.72,66.37096664540084,25/11/2024
1732579200,3414.64,3462.89,3252.6,3323.67,61.23195835131463,26/11/2024
1732665600,3323.67,3688.54,3300.76,3657.63,70.31189532,27/11/2024
1732752000,3657.2,3665.28,3530.02,3579.11,66.37559762,28/11/2024
1732838400,3579.48,3650,3536.44,3593.67,66.74734780252271,29/11/2024
1732924800,3593.38,3740.63,3569.63,3706.35,69.55286653446322,30/11/2024
1733011200,3706.35,3748.29,3661.12,3710.24,69.64807172280547,01/12/2024
1733097600,3710.08,3762.72,3556.03,3644.52,65.89898433565402,02/12/2024
1733184000,3644.51,3671.71,3502.29,3617.59,64.36992977,03/12/2024
1733270400,3617.82,3899.21,3616.92,3843.33,70.54051392433321,04/12/2024
1733356800,3843.84,3960,3681,3788.93,67.50641518738166,05/12/2024
1733443200,3789.07,4096,3781.2,4004.83,72.55228176835074,06/12/2024
1733529600,4005.37,4030.27,3973.19,4000.01,72.28241471453128,07/12/2024
1733616000,4000.02,4018.5,3926.45,4006.75,72.43680709,08/12/2024
1733702400,4007.38,4008.8,3501,3713.57,57.44697527156144,09/12/2024
1733788800,3713.56,3782,3516,3630.34,54.02880967769737,10/12/2024
1733875200,3630.37,3851.87,3564.36,3835.08,60.28846093494524,11/12/2024
1733961600,3835.08,3989.22,3799.19,3882.68,61.59767553252416,12/12/2024
1734048000,3882.62,3969.32,3854,3907.87,62.30590395372637,13/12/2024
1734134400,3907.7,3945.29,3824.44,3869.25,60.46476324634306,14/12/2024
1734220800,3869.5,3973.71,3831.09,3957.7,63.150478022955575,15/12/2024
1734307200,3957.7,4109,3881.93,3987.6,64.03979331143724,16/12/2024
1734393600,3987.59,4041.76,3848.76,3893.54,59.19961613,17/12/2024
1734480000,3893.44,3907.71,3615.79,3624.84,48.03139688,18/12/2024
1734566400,3624.92,3718.3,3322.19,3414.35,41.436649585979644,19/12/2024
1734652800,3414.35,3497.29,3095.65,3470.47,43.657798278361064,20/12/2024
1734739200,3470.47,3553.49,3291.31,3337.09,39.794708672494124,21/12/2024
1734825600,3337.05,3400.23,3217.84,3278.6,38.19848170123676,22/12/2024
1734912000,3278.69,3462.14,3213.85,3418.12,43.97167964,23/12/2024
1734998400,3418.12,3537.52,3353.08,3491.13,46.77371751870343,24/12/2024
1735084800,3491.13,3543.83,3437.42,3493.95,46.88421222426998,25/12/2024
1735171200,3494.36,3512.49,3301.06,3330.86,41.51639327067067,26/12/2024
1735257600,3331.17,3437.87,3301.27,3328.6,41.44557990330293,27/12/2024
1735344000,3328.34,3421.11,3317.12,3397.87,44.566545662200646,28/12/2024
1735430400,3397.86,3408.32,3320,3350.23,42.874021828769166,29/12/2024
1735516800,3350.24,3430,3293.1,3355.66,43.13908684326635,30/12/2024
1735603200,3355.44,3447,3310,3330.32,42.15604924727449,31/12/2024
1735689600,3330.52,3366.83,3308.2,3353.32,43.41641203246205,01/01/2025
1735776000,3353.32,3506.11,3347.19,3452.39,48.61051874220639,02/01/2025
1735862400,3452.39,3629.9,3420.62,3607.68,55.50522008148114,03/01/2025
1735948800,3607.68,3670.34,3571.29,3656.4,57.43472181763232,04/01/2025
1736035200,3656.4,3674.92,3593.46,3635.46,56.30457752553527,05/01/2025
1736121600,3635.48,3746,3609.58,3688.74,58.54000625645685,06/01/2025
1736208000,3688.73,3702.24,3356,3380.29,44.38360900883632,07/01/2025
1736294400,3380.32,3414.59,3206.95,3326.29,42.44828453406451,08/01/2025
1736380800,3326.51,3356.78,3157,3218.81,38.81996981966285,09/01/2025
1736467200,3219.2,3321.91,3194.4,3266.53,41.22220518014862,10/01/2025
1736553600,3266.37,3318.91,3217.61,3282.01,42.017553935777855,11/01/2025
1736640000,3282,3298.2,3223.07,3266.02,41.39446677724666,12/01/2025
1736726400,3266.09,3336.26,2913.75,3136.08,36.63950806122271,13/01/2025
1736812800,3136.65,3256.46,3124.2,3223.97,41.53172829926599,14/01/2025
1736899200,3224.35,3475.14,3185.25,3451.58,51.89141458375969,15/01/2025
1736985600,3451.57,3460.6,3262.69,3307.73,46.30701661,16/01/2025
1737072000,3307.83,3527,3307.09,3475.47,52.699349975642356,17/01/2025
1737158400,3475.54,3496.48,3224.29,3304.07,46.59499212878646,18/01/2025
1737244800,3304.09,3445,3125.45,3210.03,43.61023087466836,19/01/2025
1737331200,3211.85,3448,3139.61,3280.4,46.37826131,20/01/2025
1737417600,3280.43,3368,3200.98,3327.57,48.21332679604798,21/01/2025
1737504000,3327.56,3366.1,3220.01,3241.35,45.17040044739762,22/01/2025
1737590400,3241.35,3349.15,3181.94,3338.67,49.07715198086034,23/01/2025
1737676800,3339.26,3428.25,3275.41,3309.72,47.98191168108716,24/01/2025
1737763200,3309.83,3350.27,3269.06,3318.37,48.35278805509618,25/01/2025
1737849600,3318.38,3361.16,3227.68,3231.48,44.890467441381396,26/01/2025
1737936000,3231.31,3253.54,3008.04,3181.93,42.99956814845629,27/01/2025
1738022400,3182.06,3223.56,3037.75,3076.06,39.20015920872787,28/01/2025
1738108800,3076.05,3181.99,3053.94,3114.03,41.20662922350183,29/01/2025
1738195200,3114.03,3283.5,3090.89,3247.48,47.73498715688453,30/01/2025
1738281600,3247.32,3438.96,3213.36,3299.99,50.08368029364812,31/01/2025
1738368000,3300,3330.9,3101.28,3116.78,42.84859517,01/02/2025
1738454400,3116.44,3162.35,2750,2869.25,35.406520686966715,02/02/2025
1738540800,2869.69,2924.6,2150,2883.62,36.100376662154645,03/02/2025
1738627200,2883.1,2891.9,2633.67,2732.07,32.17498606626073,04/02/2025
1738713600,2732.07,2827.94,2699.6,2788.3,34.99913195,05/02/2025
1738800000,2788.56,2858.92,2656.53,2687.1,32.38549708446146,06/02/2025
1738886400,2687.18,2799.59,2563,2622.95,30.81460937998365,07/02/2025
1738972800,2623.02,2668.11,2588.13,2632.62,31.355136039037433,08/02/2025
1739059200,2633.12,2698.72,2522.16,2627.87,31.226081871394726,09/02/2025
1739145600,2627.82,2694.49,2560.35,2661.87,33.34099324957954,10/02/2025
1739232000,2661.84,2725.74,2560.49,2602.03,31.504703722300917,11/02/2025
1739318400,2602.08,2796.89,2548,2738.58,39.67014580095952,12/02/2025
1739404800,2738.84,2758.18,2613.25,2676.09,37.468780982693865,13/02/2025
1739491200,2676.29,2793.44,2664.64,2726.32,40.334847821523944,14/02/2025
1739577600,2726.36,2739.55,2664.22,2693.58,39.07760956182731,15/02/2025
1739664000,2693.58,2726.58,2652.55,2661.51,37.83361086083533,16/02/2025
1739750400,2661.51,2849.53,2638.43,2744.1,42.876932304476526,17/02/2025
1739836800,2744.11,2756.5,2604.48,2670.59,39.783321431037706,18/02/2025
1739923200,2670.57,2736.29,2654.68,2715.27,42.49894290278163,19/02/2025
1740009600,2715.3,2771.9,2707.15,2738.65,43.92404231819494,20/02/2025
1740096000,2738.64,2846.53,2614.08,2661.69,40.37668280680491,21/02/2025
1740182400,2661.68,2797.81,2652.08,2763.5,46.52890539507605,22/02/2025
1740268800,2763.53,2855.23,2745.5,2819.63,49.61565104326523,23/02/2025
1740355200,2819.77,2839.81,2471.74,2513.35,37.04798478769961,24/02/2025
1740441600,2513.33,2530.99,2319.86,2492.37,36.36841840252396,25/02/2025
1740528000,2492.54,2504.18,2251.01,2332.93,31.621362342194345,26/02/2025
1740614400,2332.98,2379.47,2227.04,2305.21,30.86700849283345,27/02/2025
1740700800,2305.41,2312.05,2073.34,2236.36,29.015522897035623,28/02/2025
1740787200,2236.74,2280.48,2142.04,2216.51,28.485025018674776,01/03/2025
1740873600,2216.82,2551.49,2172.59,2518.39,44.96483022511581,02/03/2025
1740960000,2518.4,2523.84,2094.27,2147.53,34.45922782354758,03/03/2025
1741046400,2147.64,2222.15,1991.21,2170.92,35.48305512721497,04/03/2025
1741132800,2171,2273.29,2154.64,2241.53,38.60119604090278,05/03/2025
1741219200,2241.63,2320,2176,2202.42,37.51954833,06/03/2025
1741305600,2202.03,2258.02,2102.21,2140.81,35.81691427857534,07/03/2025
1741392000,2140.81,2234.05,2104.67,2203.03,38.835653090602875,08/03/2025
1741478400,2203.03,2211.66,1988.3,2020.02,33.800047026319845,09/03/2025
1741564800,2020.02,2152.48,1809.49,1864.12,30.20683876226245,10/03/2025
1741651200,1864.52,1962.83,1754.13,1923.08,33.10328786779793,11/03/2025
1741737600,1923.02,1956.15,1829.49,1907.93,32.72744614503357,12/03/2025
1741824000,1907.88,1922.09,1820.86,1863.81,31.602171985404553,13/03/2025
1741910400,1863.8,1946,1860.46,1911.65,34.242347976382476,14/03/2025
1741996800,1911.55,1957.51,1903.69,1937.61,35.69294698001046,15/03/2025
1742083200,1937.4,1940.96,1860.49,1886.8,34.10705190842751,16/03/2025
1742169600,1886.79,1952.24,1879.8,1926.28,36.469104966774694,17/03/2025
1742256000,1926.2,1935.7,1871.64,1931.25,36.77635657019822,18/03/2025
1742342400,1931.24,2070.6,1927.63,2057.06,44.14091120139969,19/03/2025
1742428800,2056.93,2068.58,1951.12,1982.67,41.09289163103004,20/03/2025
1742515200,1982.45,1995.27,1936,1964.98,40.37884220114777,21/03/2025
1742601600,1965.04,2005.99,1963.76,1980.35,41.33271028399386,22/03/2025
1742688000,1980.43,2020.54,1976.6,2005.97,42.970570669360704,23/03/2025
1742774400,2006.14,2104.21,1977.42,2081.62,47.62060168034552,24/03/2025
1742860800,2081.61,2098.11,2037.39,2066.78,46.814213402665274,25/03/2025
1742947200,2066.75,2079.35,1981.4,2009.72,43.74676134,26/03/2025
1743033600,2009.65,2037.61,1986.83,2003.32,43.403238924479425,27/03/2025
1743120000,2003.18,2015.78,1860.86,1896.23,38.022917283228836,28/03/2025
1743206400,1896.21,1912.8,1797.51,1827.39,35.01786272111792,29/03/2025
1743292800,1827.43,1848.27,1767.1,1807.31,34.169554313389995,30/03/2025
1743379200,1807.51,1854.2,1776.43,1822.03,35.40491114267162,31/03/2025
1743465600,1822.05,1928.2,1817.71,1905.13,42.01980929260144,01/04/2025
1743552000,1905.13,1956.55,1781.21,1794.7,36.64881889004671,02/04/2025
1743638400,1794.77,1845.09,1750,1816.36,38.31430429034799,03/04/2025
1743724800,1816.33,1835.49,1758.5,1816.39,38.3167231,04/04/2025
1743811200,1816.34,1826.71,1764.1,1805.09,37.71680312918684,05/04/2025
1743897600,1805.16,1816.28,1535.06,1579.77,28.22669813010708,06/04/2025
1743984000,1579.8,1638.82,1411,1552.64,27.334856629911926,07/04/2025
1744070400,1552.37,1618.25,1444.37,1471.94,24.82249866119031,08/04/2025
1744156800,1472.11,1688.99,1383.26,1669.27,39.47206696,09/04/2025
1744243200,1669.15,1669.52,1471.63,1521.51,34.11176152695998,10/04/2025
1744329600,1521.08,1590.84,1504,1566.13,36.898503098906204,11/04/2025
1744416000,1565.95,1668.88,1544.36,1643.85,41.536807392267725,12/04/2025
1744502400,1643.82,1649.37,1562,1597.04,39.64657258312817,13/04/2025
1744588800,1597.04,1691,1595.06,1624.03,41.30513447525394,14/04/2025
1744675200,1623.61,1660.98,1583.15,1588.64,39.762148602417724,15/04/2025
1744761600,1588.48,1613.22,1538.02,1577.27,39.254789856051914,16/04/2025
1744848000,1577.3,1616.85,1562.35,1583.83,39.73260049764671,17/04/2025
1744934400,1583.86,1600.74,1573.7,1588.57,40.09923668,18/04/2025
1745020800,1588.61,1630.98,1585.02,1612.87,42.04572136,19/04/2025
1745107200,1612.97,1619.14,1565.64,1587.32,40.55355621174301,20/04/2025
1745193600,1587.42,1658.55,1563.06,1579.55,40.08762669268296,21/04/2025
1745280000,1579.54,1778.92,1538.75,1757,53.28736488072125,22/04/2025
1745366400,1757.09,1835.74,1746.09,1795.92,55.59800742143142,23/04/2025
1745452800,1795.81,1803.33,1723.01,1770.41,53.722257394356994,24/04/2025
1745539200,1770.42,1828.9,1740,1785.95,54.72434505601411,25/04/2025
1745625600,1785.8,1841.66,1779.84,1821.6,57.02344751438407,26/04/2025
1745712000,1821.77,1857.85,1782.9,1791.88,54.53711232010335,27/04/2025
1745798400,1791.89,1829,1744.9,1800.26,55.13117301642165,28/04/2025
1745884800,1800.31,1843.28,1780.6,1798.21,54.942037500145744,29/04/2025
1745971200,1798.2,1817.43,1732.44,1793.79,54.50783940322357,30/04/2025
1746057600,1793.92,1874.48,1792.67,1838.82,58.13755121588018,01/05/2025
1746144000,1838.78,1871.95,1813.43,1842.98,58.46723869542464,02/05/2025
1746230400,1842.98,1849.27,1810.38,1834.03,57.41950323190547,03/05/2025
1746316800,1834.11,1850.21,1803.01,1809,54.479198980954926,04/05/2025
1746403200,1808.82,1833.51,1781.7,1820.15,55.57064325694222,05/05/2025
1746489600,1820.2,1820.64,1751.45,1817.06,55.17581455080944,06/05/2025
1746576000,1817.06,1850.94,1787.01,1811.35,54.40654811959353,07/05/2025
1746662400,1811.36,2225.52,1808.61,2207.09,77.65691185433772,08/05/2025
1746748800,2206.84,2490.66,2184.39,2345.29,81.25238521875936,09/05/2025
1746835200,2345.42,2600.6,2317.73,2583.8,85.56861167711912,10/05/2025
1746921600,2583.09,2609,2436.47,2514.79,79.84099111846753,11/05/2025
1747008000,2514.79,2625,2407.41,2495.83,78.29046314900906,12/05/2025
1747094400,2495.61,2739.05,2415.65,2679.88,81.95411391977714,13/05/2025
1747180800,2679.82,2725,2547.75,2610.31,76.68605331434115,14/05/2025
1747267200,2610.47,2647.1,2475,2548.84,72.26588101791208,15/05/2025
1747353600,2549.16,2648.88,2530.31,2538.02,71.48481927589933,16/05/2025
1747440000,2537.9,2539.48,2446.89,2476.11,67.02124484846485,17/05/2025
1747526400,2476.11,2588.25,2323,2498.24,67.79533760088663,18/05/2025
1747612800,2498.63,2547.73,2349.73,2528.71,68.87850340365905,19/05/2025
1747699200,2529.28,2588.58,2444.4,2525.05,68.58012473309563,20/05/2025
1747785600,2525.05,2617.15,2452.79,2551.73,69.61349105441124,21/05/2025
1747872000,2552.12,2692.99,2545.4,2665.39,73.59734938,22/05/2025
1747958400,2665.59,2734.04,2500,2527.02,62.80244918822595,23/05/2025
1748044800,2526.83,2577.57,2515.72,2530.99,62.97026785922554,24/05/2025
1748131200,2531.34,2555.3,2463.37,2552.32,63.9123094,25/05/2025
1748217600,2552.44,2600.8,2526.98,2564.32,64.46009526046873,26/05/2025
1748304000,2564.71,2713.78,2510.54,2662.04,68.63531682761744,27/05/2025
1748390400,2662.18,2690.33,2609.9,2682.16,69.43159578080949,28/05/2025
1748476800,2682.44,2789.5,2618.88,2631.68,64.97458293634952,29/05/2025
1748563200,2631.41,2649.91,2507.8,2531.94,57.16620537258259,30/05/2025
1748649600,2531.92,2551.67,2476.84,2529.31,56.971782132149514,31/05/2025
1748736000,2529.31,2550,2470.5,2540.38,57.62505484314812,01/06/2025
1748822400,2540.4,2616.87,2476.13,2609.29,61.539542404856576,02/06/2025
1748908800,2609.29,2657.74,2575.75,2595.03,60.29819864490637,03/06/2025
1748995200,2595.03,2681,2584.05,2609.07,61.12955942325702,04/06/2025
1749081600,2609.19,2642.53,2392.16,2415.34,46.62224673014456,05/06/2025
1749168000,2415.31,2533.09,2384,2478.24,50.71215864415866,06/06/2025
1749254400,2478.38,2545,2457.88,2526.14,53.62620119768371,07/06/2025
1749340800,2525.94,2549.57,2492.84,2510.78,52.55321105020503,08/06/2025
1749427200,2510.77,2695.2,2479.09,2681.29,61.71177285821115,09/06/2025
1749513600,2681.25,2827.18,2657.11,2816.5,67.13007061393881,10/06/2025
1749600000,2816.69,2880,2743,2772.39,63.950597585398555,11/06/2025
1749686400,2772.39,2785.93,2615,2643.8,55.67244947,12/06/2025
1749772800,2643.81,2646.79,2439.17,2580.21,52.08204847474226,13/06/2025
1749859200,2580.25,2580.86,2490,2531.97,49.47532798909921,14/06/2025
1749945600,2531.98,2559.94,2492.42,2548.03,50.36598147333825,15/06/2025
1750032000,2547.95,2681.97,2515.23,2545.27,50.20219569,16/06/2025
1750118400,2545.41,2619.44,2454,2510.7,48.09263298338075,17/06/2025
1750204800,2510.64,2548.52,2466.38,2525.54,49.08178290288227,18/06/2025
1750291200,2525.49,2548.35,2485.37,2521.52,48.81043738338818,19/06/2025
1750377600,2521.79,2569.2,2367.58,2407.2,41.74293237330402,20/06/2025
1750464000,2407.2,2449.05,2217.06,2297.28,36.300367277295045,21/06/2025
1750550400,2297.26,2315.15,2113,2228.46,33.36703707603833,22/06/2025
1750636800,2228.46,2440,2189.11,2413,45.97406600978218,23/06/2025
1750723200,2412.81,2483.38,2377.79,2449.87,48.08737929402045,24/06/2025
1750809600,2449.74,2470.19,2391.15,2420.09,46.505046173884345,25/06/2025
1750896000,2420.09,2521.67,2395,2417.4,46.356660756094115,26/06/2025
1750982400,2417.21,2464.69,2381.26,2424.2,46.81860776828077,27/06/2025
1751068800,2424.24,2448.97,2407.03,2437.08,47.73665535053292,28/06/2025
1751155200,2437.08,2526.27,2413.36,2500.69,52.13155556746825,29/06/2025
1751241600,2500.7,2524.85,2433.97,2486.15,51.074304874134725,30/06/2025
1751328000,2486.16,2501.45,2386.96,2405.32,45.54454221742742,01/07/2025
1751414400,2405.41,2619.98,2372.62,2571.13,56.055286848587926,02/07/2025
1751500800,2571.13,2637.96,2557.21,2592.13,57.18250149046868,03/07/2025
1751587200,2592.14,2603.7,2475,2508.8,51.533679255459354,04/07/2025
1751673600,2508.79,2530.42,2488.4,2517.01,52.036407082485155,05/07/2025
1751760000,2517.02,2605.38,2504.27,2570.84,55.309609957857354,06/07/2025
1751846400,2570.81,2591.15,2512.76,2542.38,53.24088992009318,07/07/2025
1751932800,2542.39,2628.95,2523.58,2616.52,57.681417823284484,08/07/2025
1752019200,2616.35,2797.83,2590.47,2769.83,65.06871420761084,09/07/2025
1752105600,2769.83,3000,2756.22,2951.22,71.42457831646541,10/07/2025
1752192000,2951.87,3040.8,2913.58,2959.12,71.66638066790516,11/07/2025
1752278400,2959.22,2981.01,2905.29,2944.37,70.46741750471298,12/07/2025
1752364800,2944.48,3022,2937,2973.38,71.47808757,13/07/2025
1752451200,2973.48,3083.52,2964.2,3014.53,72.89506564293708,14/07/2025
1752537600,3014.41,3144.81,2933,3138.01,76.64464407802453,15/07/2025
1752624000,3138.79,3425.89,3101.25,3373.12,81.80560773383618,16/07/2025
1752710400,3373.2,3526.73,3311.01,3479.77,83.57831295437364,17/07/2025
1752796800,3479.78,3677.4,3461.68,3549.67,84.63496847,18/07/2025
1752883200,3549.66,3610.85,3508.66,3594.3,85.28596953650369,19/07/2025
1752969600,3594.31,3825.36,3581.22,3758.6,87.40209716564586,20/07/2025
1753056000,3758.66,3860.8,3703.76,3763.75,87.46296103118544,21/07/2025
1753142400,3763.75,3801.63,3617.47,3748.62,86.14617963586625,22/07/2025
1753228800,3748.62,3766.79,3528.43,3630.34,76.45547874663555,23/07/2025
1753315200,3630.41,3775,3507.78,3708.6,78.20265223418848,24/07/2025
1753401600,3708.88,3747.76,3574.39,3725.84,78.57974901363139,25/07/2025
1753488000,3725.84,3795,3699.02,3743.06,78.97108218537966,26/07/2025
1753574400,3743.05,3880.23,3731.71,3873.92,81.70624628663447,27/07/2025
1753660800,3873.92,3941.86,3753.15,3799.46,75.67483755,28/07/2025
1753747200,3799.44,3886.01,3715.14,3793.4,75.18837604208727,29/07/2025
1753833600,3793.5,3833.68,3676.67,3810.44,75.66213893528175,30/07/2025
1753920000,3810.45,3878.32,3680.01,3698.07,66.62724274940167,31/07/2025
1754006400,3697.85,3724.7,3429.44,3486.39,53.63444994911013,01/08/2025
1754092800,3486.29,3536.77,3368.03,3392.8,49.07756578,02/08/2025
1754179200,3392.81,3521.96,3354.56,3497.31,53.79815845872696,03/08/2025
1754265600,3497.31,3737.27,3491.5,3720.87,61.92849239878813,04/08/2025
1754352000,3720.86,3721.53,3546.05,3611.57,56.67717756000472,05/08/2025
1754438400,3611.79,3699.81,3563.44,3683.8,59.142809167116056,06/08/2025
1754524800,3683.78,3928.65,3647.87,3911.28,65.75338619798987,07/08/2025
1754611200,3910.92,4071.21,3880.19,4011,68.18360600869784,08/08/2025
1754697600,4010.72,4326.34,4007.14,4262.46,73.32423368011666,09/08/2025
1754784000,4262.45,4333.13,4161.16,4251.91,72.79283307,10/08/2025
1754870400,4251.89,4365.97,4165.86,4224.48,71.34507320195348,11/08/2025
1754956800,4224.45,4638,4219.92,4589.88,77.70603338500675,12/08/2025
1755043200,4589.71,4786.36,4562.87,4751.46,79.83746877,13/08/2025
1755129600,4751.54,4792,4446.15,4550.59,70.77813799371593,14/08/2025
1755216000,4550.83,4671.6,4370,4442.56,66.41339176911546,15/08/2025
1755302400,4442.55,4495.15,4376.02,4425.13,65.70930781,16/08/2025
1755388800,4425.49,4577.71,4397.65,4475.47,66.80390980046704,17/08/2025
1755475200,4475.47,4484.57,4227.01,4315.37,60.220004572232945,18/08/2025
1755561600,4315.95,4356.88,4066.2,4075.89,51.96929801576003,19/08/2025
1755648000,4075.13,4378.23,4062.24,4336.41,58.61248150893562,20/08/2025
1755734400,4336.42,4340.41,4203.81,4224.43,55.08568695790889,21/08/2025
1755820800,4224.17,4886.1,4204.86,4831.24,66.75834255,22/08/2025
1755907200,4830.18,4830.91,4660.55,4776.73,65.12109356,23/08/2025
1755993600,4776.73,4955.9,4710,4779.87,65.17407819632305,24/08/2025
1756080000,4779.52,4797.7,4335.66,4377.02,53.86790607,25/08/2025
1756166400,4377.02,4634.71,4311.68,4601.64,58.22000553135961,26/08/2025
1756252800,4601.63,4664.43,4481.39,4506.95,55.82891927944165,27/08/2025
1756339200,4506.95,4635,4428,4511.3,55.91848654601655,28/08/2025
1756425600,4511.3,4516.95,4268,4360.2,51.975967767268564,29/08/2025
1756512000,4360.21,4415.29,4257.17,4374.58,52.32049944944066,30/08/2025
1756598400,4374.48,4498.95,4373.06,4391.91,52.76034642184186,31/08/2025
1756684800,4391.9,4490,4209.01,4314.76,50.525722256539765,01/09/2025
1756771200,4314.87,4417.24,4256.27,4326.57,50.868768880625886,02/09/2025
1756857600,4326.52,4495.45,4283.09,4452.4,54.489561793589274,03/09/2025
1756944000,4452.39,4484.7,4265.3,4298.37,49.66455032823508,04/09/2025
1757030400,4298.09,4490,4253,4307.65,49.95209036334819,05/09/2025
1757116800,4307.65,4328.69,4237.13,4274.15,48.86686396,06/09/2025
1757203200,4274.24,4336.44,4270.13,4305.56,49.96448610825286,07/09/2025
1757289600,4305.01,4384.24,4278.78,4305.84,49.97479505005469,08/09/2025
1757376000,4305.85,4382.03,4276.33,4309.93,50.13640543547833,09/09/2025
1757462400,4309.94,4454.5,4283.77,4350,51.77997663951775,10/09/2025
1757548800,4350.38,4480.92,4339.12,4460.51,56.07966973945383,11/09/2025
1757635200,4460.52,4744.75,4452.17,4714.66,64.02458204942144,12/09/2025
1757721600,4714.66,4768.6,4607,4669,61.85956727134694,13/09/2025
1757808000,4669,4694.53,4579.44,4605.93,58.89693067620812,14/09/2025
1757894400,4605.93,4672,4464.68,4524.56,55.222312149821406,15/09/2025
1757980800,4524.68,4538.85,4425,4502.7,54.24319339,16/09/2025
1758067200,4502.7,4619.18,4416.02,4592.17,57.55991480841633,17/09/2025
1758153600,4592.17,4646.81,4555.02,4589.4,57.42113952910707,18/09/2025
1758240000,4589.4,4622.25,4437.45,4471,51.68507848639478,19/09/2025
1758326400,4470.99,4513.01,4456.79,4482.69,52.19286616324313,20/09/2025
1758412800,4482.43,4501.1,4445.26,4447.03,50.45097136536946,21/09/2025
1758499200,4447.34,4458,4058.85,4202.42,40.47278856796836,22/09/2025
1758585600,4202.3,4233,4117.78,4165.19,39.20194229264194,23/09/2025
1758672000,4165.18,4208.22,4076,4153.9,38.80402550435667,24/09/2025
1758758400,4153.9,4162.65,3825,3875.7,30.569764367385744,25/09/2025
1758844800,3875.74,4071.17,3869.14,4034.27,38.57120903124952,26/09/2025
1758931200,4034.2,4040.95,3974.5,4020.35,38.15550913851179,27/09/2025
1759017600,4020.34,4145.96,3967.22,4143.25,43.90390443640915,28/09/2025
1759104000,4143.36,4239.99,4084,4217.25,47.092693413680905,29/09/2025
1759190400,4217.16,4248.99,4093,4145.99,44.471074563769584,30/09/2025
1759276800,4145.98,4358.96,4123.35,4350.52,52.62330849832528,01/10/2025
1759363200,4350.52,4521.03,4335.01,4487.49,57.159250994773814,02/10/2025
1759449600,4487.3,4596.19,4430.08,4515.89,58.05595819394829,03/10/2025
1759536000,4515.89,4521.34,4442.6,4490.01,56.88742647945229,04/10/2025
1759622400,4489.86,4619.31,4469.69,4515.4,57.78514892,05/10/2025
1759708800,4515.4,4739.46,4489.11,4686.32,63.321953501184176,06/10/2025
1759795200,4686.33,4759.16,4432.47,4449.8,52.96877837,07/10/2025
1759881600,4449.81,4559.89,4411.13,4527.3,55.53422864764801,08/10/2025
1759968000,4526.93,4532.97,4266.83,4370.9,49.64846403730181,09/10/2025
1760054400,4370.72,4397.03,3510,3836.15,35.71194350215558,10/10/2025
1760140800,3836.89,3887.34,3648.28,3750.6,34.06452194644548,11/10/2025
1760227200,3750.8,4200.28,3698.71,4156.21,46.63428085256949,12/10/2025
1760313600,4156.38,4295.57,4045.49,4244.69,48.92179888323737,13/10/2025
1760400000,4244.69,4267.41,3892.16,4126.39,46.07786915597604,14/10/2025
1760486400,4126.26,4218.58,3930.31,3987.53,42.92366134829538,15/10/2025
1760572800,3987.28,4090,3826.72,3894.91,40.91197327406763,16/10/2025
1760659200,3895,3952.8,3673.64,3832.99,39.576568656843264,17/10/2025
1760745600,3832.86,3930.25,3820.14,3890.4,41.483699928303764,18/10/2025
1760832000,3890.4,4032.4,3829.23,3983.89,44.55284064401807,19/10/2025
1760918400,3984.11,4086,3908.36,3980.42,44.459632296754656,20/10/2025
1761004800,3980.43,4113.15,3838.88,3874.57,41.600562967567534,21/10/2025
1761091200,3874.8,3891.6,3711.49,3806.12,39.81736874,22/10/2025
1761177600,3806.25,3936.1,3796.77,3858.41,41.867347923481276,23/10/2025
1761264000,3858.41,4024.31,3847.36,3936.1,44.871917923743645,24/10/2025
1761350400,3936.1,3965.44,3911.88,3954.52,45.58996086348231,25/10/2025
1761436800,3954.5,4178.82,3919.34,4158.81,52.914887964407434,26/10/2025
1761523200,4159.05,4254.23,4094.72,4120.1,51.500094513155865,27/10/2025
1761609600,4120,4177.54,3931.8,3980.25,46.647565649800256,28/10/2025
1761696000,3980.2,4038.7,3838,3904.2,44.20816028559535,29/10/2025
1761782400,3904.17,3949.34,3676.04,3804.02,41.15503610218389,30/10/2025
1761868800,3804.24,3903.62,3795.51,3845.79,42.92496707415047,31/10/2025
1761955200,3846.44,3908.94,3829.2,3872.16,44.06871976,01/11/2025
1762041600,3872.07,3916.5,3838.27,3905.97,45.57465693737913,02/11/2025
1762128000,3906.01,3914.06,3552.4,3602.88,36.17225523137127,03/11/2025
1762214400,3602.88,3653.6,3055,3286.21,29.35744652005002,04/11/2025
1762300800,3286.41,3481.76,3165.58,3423.89,35.08381985469657,05/11/2025
1762387200,3423.9,3455.93,3243.6,3313.46,32.78804304599589,06/11/2025
1762473600,3313.47,3472.1,3191.02,3433.71,37.57811838406086,07/11/2025
1762560000,3433.92,3487.39,3354.41,3400.46,36.79720673003006,08/11/2025
1762646400,3400.47,3622.45,3356.85,3582.92,43.710074531978286,09/11/2025
1762732800,3582.92,3658.38,3505.14,3566.49,43.251324646819214,10/11/2025
1762819200,3566.41,3647.38,3403.41,3416.54,39.20695261,11/11/2025
1762905600,3416.54,3587.94,3371.59,3414.06,39.14176246074259,12/11/2025
1762992000,3414.06,3564.4,3150,3229.65,34.54248212,13/11/2025
1763078400,3229.68,3255,3067.74,3109.49,31.91128194138018,14/11/2025
1763164800,3109.89,3228.54,3108.21,3166.3,34.453424543275574,15/11/2025
1763251200,3166.3,3246.44,3001.13,3092.25,32.737661301455404,16/11/2025
1763337600,3092.24,3221.13,2955.01,3027.89,31.27964482207406,17/11/2025
1763424000,3027.89,3168.98,2943.75,3121.74,35.77169082861741,18/11/2025
1763510400,3121.5,3124.1,2868.5,3023.1,33.30734166040148,19/11/2025
1763596800,3023.11,3061.05,2786.9,2830.59,29.09464024302298,20/11/2025
1763683200,2830.31,2882.31,2620,2763.99,27.785331960456944,21/11/2025
1763769600,2763.99,2797.86,2702.71,2768.5,28.021552899987682,22/11/2025
1763856000,2768.4,2857.19,2766.72,2801.14,29.811005848607536,23/11/2025
1763942400,2801.14,2985.82,2762,2952.59,37.56697383539246,24/11/2025
1764028800,2952.58,2979,2854.98,2958.17,37.839514300623804,25/11/2025
1764115200,2958.17,3044.78,2887.88,3026.43,41.21988115890707,26/11/2025
1764201600,3026.34,3071.58,2983.79,3014.86,40.81472904240046,27/11/2025
1764288000,3014.9,3099,2993.63,3031.86,41.72113491,28/11/2025
1764374400,3031.86,3053.53,2963,2990.31,40.10451069331108,29/11/2025
1764460800,2990.3,3053.78,2976.98,2991.9,40.20000223693098,30/11/2025
1764547200,2991.68,3000.07,2716.82,2798.3,33.24906793205626,01/12/2025
1764633600,2798.25,3034.84,2781.87,2996.7,43.94569960177391,02/12/2025
1764720000,2996.6,3214.99,2986.28,3189.79,52.00644852218257,03/12/2025
1764806400,3189.8,3241.57,3067.09,3134.13,49.78403606568635,04/12/2025
1764892800,3134.09,3194.24,2985.36,3022.61,45.58115559442165,05/12/2025
1764979200,3022.51,3068.83,3012.66,3039.13,46.30432198272118,06/12/2025
1765065600,3039.12,3150.2,2910.08,3061,47.30271284880075,07/12/2025
1765152000,3060.71,3180,3040.27,3124.93,50.21668682995798,08/12/2025
1765238400,3124.93,3398,3090.92,3318.54,57.823098799842334,09/12/2025
1765324800,3318.24,3477.44,3288.78,3325.02,58.05410170986473,10/12/2025
1765411200,3325.26,3328.54,3145.53,3237.4,53.766015008288086,11/12/2025
1765497600,3237.7,3266.95,3045.3,3084.91,47.22790626030727,12/12/2025
1765584000,3084.91,3135.78,3079.05,3115,48.557240093165056,13/12/2025
1765670400,3115,3130.35,3025.14,3063.3,46.39476197029286,14/12/2025
1765756800,3063.44,3178,2893.38,2964.4,42.495921945333635,15/12/2025
1765843200,2964.51,2981.8,2878.01,2961.96,42.40124955590446,16/12/2025
1765929600,2961.99,3028.99,2790.01,2832.25,37.605115377515546,17/12/2025
1766016000,2832.25,2995.99,2773.42,2826.57,37.405585157227314,18/12/2025
1766102400,2826.57,3017.41,2806.9,2978.03,45.68195992263433,19/12/2025
1766188800,2977.95,2992.98,2964.43,2976.6,45.62062771616134,20/12/2025
1766275200,2976.7,3012.25,2943,3001.42,46.951891707415946,21/12/2025
1766361600,3001.37,3075.84,2962.08,3007.69,47.30285968274988,22/12/2025
1766448000,3007.62,3033.98,2900,2962.85,45.00943794256376,23/12/2025
1766534400,2962.71,2976.3,2886.35,2945.07,44.09647893632166,24/12/2025
1766620800,2944.96,2969.34,2889.03,2902.34,41.89701623211232,25/12/2025
1766707200,2902.34,2991.8,2892.35,2925.43,43.535946461130294,26/12/2025
1766793600,2925.58,2958.84,2915.39,2946.6,45.06592539712068,27/12/2025
1766880000,2946.34,2958.89,2923.24,2948.92,45.24103921093964,28/12/2025
1766966400,2948.91,3054.7,2907.07,2934.19,44.27599682911469,29/12/2025
1767052800,2934.18,3005.9,2915.01,2970.42,47.25613264,30/12/2025
1767139200,2970.42,3024.29,2958.07,2966.84,46.988717052541865,31/12/2025
1767225600,2966.68,3006.97,2966.2,3000.41,49.854314018425036,01/01/2026
1767312000,3000.41,3148.99,2988.41,3125.24,58.77772782200032,02/01/2026
1767398400,3124.62,3135.93,3075.2,3125.43,58.78974830827675,03/01/2026
1767484800,3125.53,3166.32,3117.71,3143.14,59.961714873830736,04/01/2026
1767571200,3143.15,3264.66,3132.79,3225.19,64.93685713770331,05/01/2026
1767657600,3225.19,3307.72,3181.62,3295.59,68.54809241231483,06/01/2026
1767744000,3295.58,3295.83,3121.68,3165.64,56.89887099762119,07/01/2026
1767830400,3165.67,3182,3050.2,3104.3,52.37435253536316,08/01/2026
1767916800,3104.29,3145.01,3053.69,3084.31,50.95239373515299,09/01/2026
1768003200,3084.3,3101.47,3074,3082.39,50.80970550804747,10/01/2026
1768089600,3082.4,3142.41,3080.29,3118.65,53.46038715201833,11/01/2026
1768176000,3118.82,3167.27,3062.02,3091.94,51.26878390241922,12/01/2026
1768262400,3091.94,3375,3087.93,3323.38,64.75244996,13/01/2026
1768348800,3323.37,3405.03,3278.45,3354.82,66.12372687092977,14/01/2026
1768435200,3354.82,3384.32,3270.58,3317.98,63.029434091137404,15/01/2026
1768521600,3317.98,3326.59,3250.83,3294.88,61.09874039181704,16/01/2026
1768608000,3294.87,3329.02,3282.3,3309.33,61.88524922834545,17/01/2026
1768694400,3309,3367.65,3276.92,3282.55,59.48490183184723,18/01/2026
1768780800,3282.5,3282.71,3162.86,3187.51,51.80525404365842,19/01/2026
1768867200,3187.17,3198.16,2912.52,2936.5,37.89146933553349,20/01/2026
1768953600,2936.5,3066.65,2863.4,2979.6,40.83008859244443,21/01/2026
1769040000,2979.59,3035.84,2902.91,2949.36,39.42077881368562,22/01/2026
1769126400,2949.36,3015,2888.01,2952.77,39.67364485241264,23/01/2026
1769212800,2952.76,2966.14,2939.8,2948.86,39.470201629983535,24/01/2026
1769299200,2948.85,2956.13,2783.26,2814.28,33.16609054977182,25/01/2026
1769385600,2814.19,2948.49,2809.43,2926.85,41.572298670434186,26/01/2026
1769472000,2926.89,3031.39,2895.61,3021.91,47.56948104225132,27/01/2026
1769558400,3021.9,3041.67,2979.21,3006.17,46.71447046601369,28/01/2026
1769644800,3006.17,3009.5,2750.36,2817.79,37.92794562925539,29/01/2026
1769731200,2817.78,2824.54,2632.39,2702.69,33.75083954107937,30/01/2026
1769817600,2702.68,2710.09,2238.74,2449.36,26.764224268577976,31/01/2026
1769904000,2449.44,2473.86,2218.57,2268.18,23.083800136249067,01/02/2026
1769990400,2268.24,2395.59,2156.25,2345.11,27.63417215840633,02/02/2026
1770076800,2344.8,2357.76,2108.24,2230.48,25.238235577394605,03/02/2026
1770163200,2230.48,2292.56,2072.57,2143.57,23.56968714149889,04/02/2026
1770249600,2143.2,2169.01,1910,1946.34,20.29118710990143,05/02/2026