time,high,low,close,RSI,date
1563840000,2.52,2.2489,2.3535,43.657632267621935,23/07/2019
1563926400,2.5131,2.27,2.3999,44.78303509620296,24/07/2019
1564012800,2.5149,2.3595,2.3615,43.99974790642373,25/07/2019
1564099200,2.43,2.3201,2.3989,45.00859963061277,26/07/2019
1564185600,2.46,2.1525,2.2453,41.68703531875579,27/07/2019
1564272000,2.2733,2.1,2.2156,41.056114400572866,28/07/2019
1564358400,2.2482,2.11,2.1251,39.113539180555264,29/07/2019
1564444800,2.1854,1.9694,2.0682,37.899366868338774,30/07/2019
1564531200,2.25,2.0589,2.2102,42.68136915676377,31/07/2019
1564617600,2.231,2.1054,2.161,41.48927372,01/08/2019
1564704000,2.49,2.1275,2.4271,49.67603278261542,02/08/2019
1564790400,2.7342,2.3569,2.4211,49.50782679842259,03/08/2019
1564876800,2.6044,2.3811,2.5099,52.093283910614986,04/08/2019
1564963200,2.6495,2.4562,2.4562,50.412179258684816,05/08/2019
1565049600,2.5181,2.31,2.4785,51.11765215307845,06/08/2019
1565136000,2.5,2.3502,2.3826,47.95782575935634,07/08/2019
1565222400,2.3998,2.2713,2.2755,44.63915736662578,08/08/2019
1565308800,2.2919,2.151,2.1669,41.502925775892756,09/08/2019
1565395200,2.4091,2.1306,2.3336,47.58985128589924,10/08/2019
1565481600,2.49,2.2901,2.415,50.30889378322844,11/08/2019
1565568000,2.479,2.335,2.39,49.46018897629269,12/08/2019
1565654400,2.4679,2.306,2.4229,50.6403056,13/08/2019
1565740800,2.6031,2.163,2.2842,45.786382480521624,14/08/2019
1565827200,2.4506,2.2565,2.4232,50.86887032031811,15/08/2019
1565913600,2.459,2.227,2.3,46.690763604741896,16/08/2019
1566000000,2.419,2.282,2.4036,50.381434900966795,17/08/2019
1566086400,2.5657,2.3729,2.5051,53.75912585781445,18/08/2019
1566172800,2.6,2.4508,2.4958,53.40043353392992,19/08/2019
1566259200,2.5401,2.3354,2.3624,48.41078897489834,20/08/2019
1566345600,2.371,2.15,2.2054,43.28468307,21/08/2019
1566432000,2.2896,2.135,2.2227,43.98849046144433,22/08/2019
1566518400,2.295,2.1723,2.2333,44.44340885615366,23/08/2019
1566604800,2.2545,2.1537,2.1681,42.174423022698925,24/08/2019
1566691200,2.1804,2.0255,2.078,39.19637176,25/08/2019
1566777600,2.1546,2.045,2.0739,39.06120422763415,26/08/2019
1566864000,2.1788,2.005,2.1128,41.13531423051148,27/08/2019
1566950400,2.1134,1.875,1.8957,34.14949812333785,28/08/2019
1567036800,1.8956,1.7253,1.7744,30.98344832192896,29/08/2019
1567123200,1.8913,1.7365,1.796,32.18906919,30/08/2019
1567209600,1.8535,1.74,1.7791,31.722154207572387,31/08/2019
1567296000,1.8,1.717,1.7686,31.417235107241495,01/09/2019
1567382400,1.89,1.7272,1.8287,35.253496025119034,02/09/2019
1567468800,1.9424,1.8147,1.849,36.54461971075812,03/09/2019
1567555200,1.87,1.7167,1.7784,34.00489682258096,04/09/2019
1567641600,1.8624,1.768,1.7921,34.94963866100075,05/09/2019
1567728000,1.86,1.6767,1.7226,32.41456515085535,06/09/2019
1567814400,1.806,1.7085,1.7672,35.640780643410096,07/09/2019
1567900800,1.9054,1.761,1.8275,39.823280236631746,08/09/2019
1567987200,1.8731,1.761,1.7872,38.04384588313756,09/09/2019
1568073600,1.8326,1.773,1.7998,38.96216628910626,10/09/2019
1568160000,1.8258,1.7136,1.7301,35.8009698,11/09/2019
1568246400,1.7458,1.6918,1.7073,34.80613504522941,12/09/2019
1568332800,1.7099,1.51,1.5759,29.686285297910956,13/09/2019
1568419200,1.6375,1.5239,1.5634,29.24556729016541,14/09/2019
1568505600,1.6458,1.56,1.6104,33.25772916305925,15/09/2019
1568592000,1.6355,1.545,1.5806,32.01801301105142,16/09/2019
1568678400,1.6765,1.5532,1.624,35.772975628862326,17/09/2019
1568764800,1.8462,1.624,1.801,48.31213861139654,18/09/2019
1568851200,1.9075,1.7079,1.8744,52.45730544811783,19/09/2019
1568937600,1.8772,1.751,1.8245,49.54813015618534,20/09/2019
1569024000,1.8888,1.7881,1.8855,52.980955323471086,21/09/2019
1569110400,1.8868,1.7711,1.8157,48.882344198320965,22/09/2019
1569196800,1.88,1.7799,1.8048,48.25455904660119,23/09/2019
1569283200,2.0657,1.4612,1.716,43.36803630863407,24/09/2019
1569369600,1.9286,1.6249,1.7443,45.27018179593107,25/09/2019
1569456000,1.7584,1.5276,1.6512,40.45609417,26/09/2019
1569542400,1.6786,1.5573,1.659,41.02197061552823,27/09/2019
1569628800,1.7017,1.6284,1.6742,42.17524270818295,28/09/2019
1569715200,1.7492,1.6441,1.7002,44.18572948817424,29/09/2019
1569801600,1.769,1.6404,1.7677,49.13064361669403,30/09/2019
1569888000,1.882,1.7522,1.8286,53.16250304844688,01/10/2019
1569974400,2.0233,1.8121,2.011,62.69852722770481,02/10/2019
1570060800,2.0338,1.88,1.9442,58.03812549725263,03/10/2019
1570147200,1.9949,1.888,1.9663,59.120729545077104,04/10/2019
1570233600,1.9775,1.9113,1.9624,58.83226836471138,05/10/2019
1570320000,2.2659,1.9531,2.1669,67.72487229713981,06/10/2019
1570406400,2.4899,2.0971,2.3963,74.40411161061864,07/10/2019
1570492800,2.65,2.268,2.5765,78.21751325753331,08/10/2019
1570579200,2.95,2.501,2.8011,81.84759331870194,09/10/2019
1570665600,2.8058,2.465,2.6279,71.89713371011521,10/10/2019
1570752000,2.7936,2.5619,2.7481,74.23790838965901,11/10/2019
1570838400,2.7572,2.5519,2.5975,66.73751235174511,12/10/2019
1570924800,2.6443,2.4351,2.486,61.76224820152916,13/10/2019
1571011200,2.6741,2.4527,2.5324,62.99846231756031,14/10/2019
1571097600,2.597,2.332,2.3974,57.203817364259045,15/10/2019
1571184000,2.4143,2.182,2.3717,56.14506950782803,16/10/2019
1571270400,2.49,2.274,2.4124,57.48701567591106,17/10/2019
1571356800,2.4999,2.3164,2.3546,54.916967141682434,18/10/2019
1571443200,2.391,2.2914,2.3521,54.80284457878818,19/10/2019
1571529600,2.451,2.278,2.4444,58.25225131821336,20/10/2019
1571616000,2.69,2.4347,2.6223,63.96127283114965,21/10/2019
1571702400,2.8178,2.5619,2.6074,63.18195133,22/10/2019
1571788800,2.684,2.3717,2.6055,63.076410976763555,23/10/2019
1571875200,2.7748,2.602,2.72,66.68773342572769,24/10/2019
1571961600,3.0063,2.6165,2.8374,69.93468229858291,25/10/2019
1572048000,2.9977,2.664,2.7348,64.05829279393825,26/10/2019
1572134400,2.762,2.6511,2.6646,60.32339939992754,27/10/2019
1572220800,2.8859,2.66,2.6611,60.13514426857941,28/10/2019
1572307200,2.769,2.6321,2.662,60.16956619725361,29/10/2019
1572393600,2.6768,2.5107,2.6093,57.06251301687778,30/10/2019
1572480000,2.7573,2.5365,2.7219,61.622475059628684,31/10/2019
1572566400,2.7952,2.6428,2.7091,60.83159599721349,01/11/2019
1572652800,2.7399,2.6828,2.6973,60.066249363587325,02/11/2019
1572739200,2.7104,2.6202,2.6605,57.63104208742435,03/11/2019
1572825600,2.73,2.6267,2.6746,58.328156574308885,04/11/2019
1572912000,2.6947,2.6322,2.6746,58.328156574308885,05/11/2019
1572998400,2.82,2.6479,2.7448,61.9436747,06/11/2019
1573084800,2.7549,2.6022,2.6757,56.72645535721555,07/11/2019
1573171200,2.7333,2.621,2.71,58.59085556808111,08/11/2019
1573257600,2.8497,2.7031,2.8009,63.125072498977524,09/11/2019
1573344000,2.837,2.7362,2.777,61.22676717057482,10/11/2019
1573430400,2.7777,2.6655,2.744,58.60612395490515,11/11/2019
1573516800,2.8733,2.7311,2.8152,62.35047695703714,12/11/2019
1573603200,3.0894,2.7851,3.02,70.59101203381435,13/11/2019
1573689600,3.16,2.9666,3.039,71.22035828357002,14/11/2019
1573776000,3.07,2.797,3.0389,71.2117207,15/11/2019
1573862400,3.0435,2.9115,2.9894,66.88735997848605,16/11/2019
1573948800,2.9894,2.8644,2.91,60.53709301101271,17/11/2019
1574035200,2.961,2.6977,2.7885,52.34714103657768,18/11/2019
1574121600,2.8069,2.58,2.7255,48.67031639845427,19/11/2019
1574208000,2.7957,2.63,2.6982,47.12561767987786,20/11/2019
1574294400,2.7153,2.471,2.5456,39.56631418506853,21/11/2019
1574380800,2.5952,2.1,2.3466,32.29185179112865,22/11/2019
1574467200,2.4621,2.2604,2.4266,37.28386992135881,23/11/2019
1574553600,2.4533,2.2,2.2216,30.980507201641856,24/11/2019
1574640000,2.3976,2.02,2.2523,32.81243935834745,25/11/2019
1574726400,2.3578,2.1459,2.2424,32.512748968996576,26/11/2019
1574812800,2.2882,2.1002,2.2242,31.935283590280036,27/11/2019
1574899200,2.3248,2.1711,2.2702,35.07406864577024,28/11/2019
1574985600,2.3763,2.2611,2.3403,39.641996854882734,29/11/2019
1575072000,2.3437,2.1943,2.2373,35.67082957713609,30/11/2019
1575158400,2.2385,2.1274,2.1638,33.12105592,01/12/2019
1575244800,2.166,2.0524,2.0911,30.777609335849505,02/12/2019
1575331200,2.1891,2.058,2.1222,32.962741899053825,03/12/2019
1575417600,2.17,2,2.029,29.915113214911656,04/12/2019
1575504000,2.074,1.9583,2.0068,29.22205265201835,05/12/2019
1575590400,2.1042,1.9685,2.0943,35.55903282232164,06/12/2019
1575676800,2.1114,2.0346,2.044,33.69157698802559,07/12/2019
1575763200,2.085,2.0012,2.0528,34.34124637717743,08/12/2019
1575849600,2.0985,2.0151,2.0984,37.74504963825938,09/12/2019
1575936000,2.2862,2.0611,2.2657,48.328730364638446,10/12/2019
1576022400,2.3042,2.147,2.1786,44.12305885060699,11/12/2019
1576108800,2.1951,2.0197,2.1056,40.90979317257927,12/12/2019
1576195200,2.121,2.0575,2.0709,39.43950071575812,13/12/2019
1576281600,2.0933,1.97,1.9946,36.346245541817524,14/12/2019
1576368000,2.1168,1.9606,2.0708,41.29792905928085,15/12/2019
1576454400,2.0873,1.967,1.9751,37.36647967086907,16/12/2019
1576540800,2.0025,1.7,1.7598,30.363366922572595,17/12/2019
1576627200,1.8995,1.5996,1.8703,36.89982430563459,18/12/2019
1576713600,1.8901,1.749,1.805,34.81980850489046,19/12/2019
1576800000,1.9238,1.7849,1.9182,41.02594412263694,20/12/2019
1576886400,1.9204,1.8544,1.8575,38.887758111616435,21/12/2019
1576972800,1.94,1.853,1.9181,42.130449549143655,22/12/2019
1577059200,1.9532,1.846,1.8629,40.04601687728143,23/12/2019
1577145600,1.8854,1.8154,1.8435,39.309909520269365,24/12/2019
1577232000,1.8462,1.76,1.7826,37.010047802096416,25/12/2019
1577318400,1.9604,1.7702,1.8539,41.33735977273788,26/12/2019
1577404800,1.9299,1.8435,1.8751,42.60002905241437,27/12/2019
1577491200,1.8994,1.8555,1.8746,42.57675246179866,28/12/2019
1577577600,1.92,1.8444,1.8976,44.09010688397765,29/12/2019
1577664000,1.898,1.8072,1.8243,40.43290707,30/12/2019
1577750400,1.8292,1.754,1.7673,37.80668355651469,31/12/2019
1577836800,1.8548,1.7606,1.8111,40.97907428625935,01/01/2020
1577923200,1.8164,1.7065,1.7366,37.47737412746081,02/01/2020
1578009600,1.8292,1.7013,1.804,42.282580306604906,03/01/2020
1578096000,1.8446,1.784,1.8242,43.67964449742088,04/01/2020
1578182400,1.8413,1.785,1.7957,42.13018237,05/01/2020
1578268800,1.9386,1.7925,1.9374,51.36736170855208,06/01/2020
1578355200,2.1398,1.8993,2.1033,59.51516998467684,07/01/2020
1578441600,2.3495,2.1006,2.1892,62.974160317832265,08/01/2020
1578528000,2.2344,2.0977,2.1886,62.93371361189363,09/01/2020
1578614400,2.2489,2.1455,2.2257,64.45397799,10/01/2020
1578700800,2.345,2.218,2.2734,66.36414636507239,11/01/2020
1578787200,2.3212,2.212,2.2383,63.65347909948574,12/01/2020
1578873600,2.2382,2.1561,2.1901,60.02756091038472,13/01/2020
1578960000,2.4701,2.1792,2.3751,67.64553443770929,14/01/2020
1579046400,2.5604,2.3332,2.3953,68.35470752825528,15/01/2020
1579132800,2.51,2.2932,2.4925,71.58248572217686,16/01/2020
1579219200,2.86,2.4589,2.7006,76.99306569,17/01/2020
1579305600,2.7946,2.58,2.7709,78.4834501,18/01/2020
1579392000,2.8475,2.5385,2.6212,68.33226962,19/01/2020
1579478400,2.7443,2.5425,2.688,70.18540329359591,20/01/2020
1579564800,2.744,2.57,2.6716,69.11605102681932,21/01/2020
1579651200,2.6978,2.6187,2.6426,67.16723737303928,22/01/2020
1579737600,2.647,2.4256,2.4698,56.87633568043362,23/01/2020
1579824000,2.533,2.3638,2.5024,58.17817524671875,24/01/2020
1579910400,2.51,2.421,2.4468,55.12179731861518,25/01/2020
1579996800,2.5764,2.4266,2.5764,60.35055978153342,26/01/2020
1580083200,2.6764,2.5656,2.6055,61.43700269132221,27/01/2020
1580169600,2.67,2.5868,2.6558,63.30852373604199,28/01/2020
1580256000,2.8348,2.6316,2.7773,67.42143096652126,29/01/2020
1580342400,2.9482,2.7167,2.9156,71.35720143211871,30/01/2020
1580428800,2.9153,2.7628,2.8259,65.80445313,31/01/2020
1580515200,2.88,2.7438,2.8378,66.18044398164275,01/02/2020
1580601600,2.8869,2.7314,2.8267,65.4574618,02/02/2020
1580688000,2.879,2.7451,2.771,61.80854997372645,03/02/2020
1580774400,2.8038,2.6751,2.7395,59.77903097,04/02/2020
1580860800,2.8845,2.7261,2.839,63.820207723144655,05/02/2020
1580947200,2.9436,2.79,2.89,65.72133417640026,06/02/2020
1581033600,3.3682,2.8882,3.3072,76.56828752693181,07/02/2020
1581120000,3.4865,3.131,3.4171,78.49844118677234,08/02/2020
1581206400,3.4984,3.233,3.4945,79.76278874,09/02/2020
1581292800,3.4972,3.2806,3.3862,73.27049954,10/02/2020
1581379200,3.9964,3.35,3.9931,82.07534444883927,11/02/2020
1581465600,4.2,3.8472,3.9953,82.09836489812469,12/02/2020
1581552000,4.1147,3.7123,3.8765,76.39285869530005,13/02/2020
1581638400,4.487,3.7873,4.426,82.46354112714539,14/02/2020
1581724800,4.621,4.065,4.3241,78.43546419171744,15/02/2020
1581811200,4.8671,4.0384,4.4566,79.81606461293919,16/02/2020
1581897600,4.5522,3.8449,4.3108,74.18765302321603,17/02/2020
1581984000,4.636,4.1416,4.5523,77.07175519976877,18/02/2020
1582070400,4.8355,4.193,4.3873,71.21688073,19/02/2020
1582156800,4.4865,4.0673,4.2644,67.12645356,20/02/2020
1582243200,4.5127,4.184,4.2778,67.34667053556298,21/02/2020
1582329600,4.35,4.0332,4.1066,61.663196196578426,22/02/2020
1582416000,4.3768,4.0693,4.2365,64.13630317,23/02/2020
1582502400,4.2871,3.7916,3.9148,54.721493680204404,24/02/2020
1582588800,3.96,3.4864,3.4905,45.28036015777595,25/02/2020
1582675200,3.8587,3.3113,3.5648,47.00462753126438,26/02/2020
1582761600,4.132,3.4197,3.9579,55.07113816541721,27/02/2020
1582848000,4.2395,3.75,4.1609,58.57753733,28/02/2020
1582934400,4.3535,4.0572,4.0579,56.18170340641641,29/02/2020
1583020800,4.2385,3.7607,3.859,51.777672417219776,01/03/2020
1583107200,4.3435,3.8173,4.2423,58.52498372564809,02/03/2020
1583193600,4.68,4.1249,4.5846,63.44415725322167,03/03/2020
1583280000,4.9762,4.5333,4.6406,64.19240689712367,04/03/2020
1583366400,4.899,4.6239,4.7151,65.21255945901959,05/03/2020
1583452800,4.78,4.5429,4.6814,64.31988407461057,06/03/2020
1583539200,4.6863,4.3143,4.3412,55.98794755515087,07/03/2020
1583625600,4.4646,3.85,4.0537,50.08344740890062,08/03/2020
1583712000,4.369,3.6012,4.1231,51.41541420869282,09/03/2020
1583798400,4.2119,3.9132,4.0839,50.59419186079229,10/03/2020
1583884800,4.11,3.5514,3.8169,45.28824616726749,11/03/2020
1583971200,3.8519,1.5002,1.9931,25.56550829978579,12/03/2020
1584057600,2.752,1.36,2.4333,33.134551316955054,13/03/2020
1584144000,2.5141,2.0607,2.1379,30.866274292409358,14/03/2020
1584230400,2.4,2.015,2.0884,30.489617017263953,15/03/2020
1584316800,2.0898,1.5571,1.7832,28.204324169606508,16/03/2020
1584403200,2.069,1.73,1.8641,29.708305956275183,17/03/2020
1584489600,1.9543,1.762,1.9483,31.320871289439367,18/03/2020
1584576000,2.37,1.8841,2.2398,36.73223761726338,19/03/2020
1584662400,2.6249,2.0143,2.26,37.10207937107991,20/03/2020
1584748800,2.375,2.105,2.2787,37.46651515777999,21/03/2020
1584835200,2.33,1.9334,1.9898,34.17231662607324,22/03/2020
1584921600,2.3,1.9352,2.2468,39.28634477224012,23/03/2020
1585008000,2.3709,2.195,2.3104,40.51788782794912,24/03/2020
1585094400,2.35,2.1804,2.257,39.78811876237734,25/03/2020
1585180800,2.3132,2.1884,2.3132,40.99266749874973,26/03/2020
1585267200,2.3599,2.1055,2.1373,38.40312550129409,27/03/2020
1585353600,2.1544,2.0372,2.1364,38.38976282151188,28/03/2020
1585440000,2.152,2.007,2.0083,36.44589422474785,29/03/2020
1585526400,2.2,2.0006,2.135,39.69821811150246,30/03/2020
1585612800,2.302,2.1102,2.2658,42.94433929,31/03/2020
1585699200,2.2999,2.14,2.2753,43.18356568585768,01/04/2020
1585785600,2.485,2.2566,2.2941,43.68676468582151,02/04/2020
1585872000,2.3837,2.2652,2.3013,43.891716660272195,03/04/2020
1585958400,2.3423,2.2545,2.3155,44.322109395455286,04/04/2020
1586044800,2.3219,2.2437,2.2635,43.02069660257308,05/04/2020
1586131200,2.5677,2.2621,2.5555,51.61262927919106,06/04/2020
1586217600,2.908,2.555,2.7303,55.89968098249628,07/04/2020
1586304000,3.2748,2.7124,3.1693,64.42450502875087,08/04/2020
1586390400,3.4741,3.1224,3.3099,66.64816755279405,09/04/2020
1586476800,3.3199,2.945,3.22,63.897969090284455,10/04/2020
1586563200,3.4364,3.0629,3.29,65.10538599489314,11/04/2020
1586649600,3.6412,3.167,3.4189,67.27576079162085,12/04/2020
1586736000,3.4602,3.2,3.3702,65.61524943456357,13/04/2020
1586822400,3.4437,3.21,3.252,61.63866975620441,14/04/2020
1586908800,3.3061,3.1085,3.1212,57.48676194111324,15/04/2020
1586995200,3.5555,2.9761,3.4851,64.62580505338167,16/04/2020
1587081600,3.525,3.3778,3.4523,63.58928846495341,17/04/2020
1587168000,3.83,3.447,3.7805,68.95483198383235,18/04/2020
1587254400,3.8102,3.5131,3.5902,63.14445060098796,19/04/2020
1587340800,3.792,3.372,3.4322,58.72028786897721,20/04/2020
1587427200,3.5719,3.3903,3.4577,59.21693004177874,21/04/2020
1587513600,3.6904,3.4327,3.6786,63.33248693271729,22/04/2020
1587600000,3.9101,3.5968,3.7533,64.63225434220357,23/04/2020
1587686400,3.8874,3.7364,3.7735,64.99361997066674,24/04/2020
1587772800,3.9062,3.742,3.7865,65.23976936911222,25/04/2020
1587859200,3.816,3.6432,3.721,62.842123393397245,26/04/2020
1587945600,3.7385,3.4621,3.6383,59.851271451502846,27/04/2020
1588032000,3.7354,3.5554,3.6413,59.925780593683164,28/04/2020
1588118400,3.9918,3.63,3.8879,65.58036318111724,29/04/2020
1588204800,3.9741,3.62,3.7025,58.856327902004566,30/04/2020
1588291200,3.9162,3.7003,3.7571,60.15210166752139,01/05/2020
1588377600,3.86,3.73,3.8182,61.60919251589762,02/05/2020
1588464000,3.86,3.6379,3.7092,57.56519255590565,03/05/2020
1588550400,3.8272,3.5033,3.7499,58.656446979597206,04/05/2020
1588636800,3.814,3.654,3.6833,56.113509312193905,05/05/2020
1588723200,3.7654,3.57,3.5872,52.571847846205856,06/05/2020
1588809600,3.85,3.5633,3.756,57.630415464209314,07/05/2020
1588896000,3.859,3.6874,3.801,58.88925804562113,08/05/2020
1588982400,4.2129,3.7601,4.015,64.3185767,09/05/2020
1589068800,4.0197,3.4602,3.7582,54.94170306,10/05/2020
1589155200,3.832,3.2865,3.5837,49.64525762200562,11/05/2020
1589241600,3.7932,3.54,3.6943,52.75404752633897,12/05/2020
1589328000,3.815,3.6366,3.7655,54.69325127608178,13/05/2020
1589414400,3.8583,3.6947,3.8096,55.900605590340014,14/05/2020
1589500800,3.8337,3.6144,3.6615,50.98666812180854,15/05/2020
1589587200,3.79,3.6168,3.7614,53.92864472116834,16/05/2020
1589673600,3.8524,3.7526,3.7815,54.52015085911773,17/05/2020
1589760000,3.95,3.7786,3.8895,57.66527230254306,18/05/2020
1589846400,3.9488,3.7734,3.947,59.27984140611962,19/05/2020
1589932800,4.1388,3.8955,4.0866,62.972093011487246,20/05/2020
1590019200,4.174,3.7292,3.8298,53.382970857256495,21/05/2020
1590105600,4.1447,3.7932,4.0611,59.38240420730391,22/05/2020
1590192000,4.1072,3.91,3.925,54.90482452014047,23/05/2020
1590278400,4.0262,3.7844,3.7917,50.859836720610176,24/05/2020
1590364800,3.9073,3.77,3.8614,52.81722723552406,25/05/2020
1590451200,3.8816,3.7689,3.844,52.257609363182254,26/05/2020
1590537600,3.9143,3.8065,3.8526,52.52534837163521,27/05/2020
1590624000,4.0601,3.827,4.0461,58.204738900798915,28/05/2020
1590710400,4.13,3.9488,3.98,55.751165413694075,29/05/2020
1590796800,4.18,3.943,4.1763,61.00795145,30/05/2020
1590883200,4.2838,4.041,4.131,59.258383363022055,31/05/2020
1590969600,4.48,4.1175,4.3785,65.14042598282819,01/06/2020
1591056000,4.6185,4.1075,4.3976,65.55373501350701,02/06/2020
1591142400,4.53,4.2898,4.4892,67.54134050787837,03/06/2020
1591228800,4.5081,4.2864,4.4243,64.69307951756218,04/06/2020
1591315200,4.486,4.3405,4.358,61.82476926611153,05/06/2020
1591401600,4.3979,4.3034,4.3512,61.52347613314955,06/06/2020
1591488000,4.41,4.2068,4.3465,61.301109973298054,07/06/2020
1591574400,4.4759,4.325,4.473,64.97084603588934,08/06/2020
1591660800,4.5062,4.3605,4.435,63.03705306368792,09/06/2020
1591747200,4.4404,4.3426,4.4225,62.37932971527791,10/06/2020
1591833600,4.4503,3.91,3.9565,43.96323361411194,11/06/2020
1591920000,4.1874,3.8573,4.0819,48.37968844757678,12/06/2020
1592006400,4.1346,4.0054,4.11,49.34314561503765,13/06/2020
1592092800,4.1134,3.9143,3.9371,43.91225687639511,14/06/2020
1592179200,3.9889,3.6551,3.9274,43.622180163888004,15/06/2020
1592265600,4.0918,3.8935,4.0502,48.280140232390075,16/06/2020
1592352000,4.2,3.957,4.1659,52.28053393456241,17/06/2020
1592438400,4.2491,4.0957,4.1415,51.37799959,18/06/2020
1592524800,4.1839,4.0521,4.098,49.72974582146971,19/06/2020
1592611200,4.2072,4.0654,4.1765,52.67998254997141,20/06/2020
1592697600,4.2058,4.1395,4.1812,52.85836957697708,21/06/2020
1592784000,4.4859,4.176,4.4841,62.63464776110832,22/06/2020
1592870400,4.9422,4.4254,4.8051,69.78572638,23/06/2020
1592956800,4.9411,4.4986,4.7075,65.67042391283792,24/06/2020
1593043200,4.8407,4.5033,4.8134,67.88348973943673,25/06/2020
1593129600,4.8587,4.6424,4.6813,62.473307074498834,26/06/2020
1593216000,4.6957,4.3,4.4058,52.988419212850516,27/06/2020
1593302400,4.62,4.3647,4.5668,57.08856844338573,28/06/2020
1593388800,4.65,4.4232,4.6187,58.34964000945931,29/06/2020
1593475200,4.6622,4.5337,4.5626,56.41955441587888,30/06/2020
1593561600,4.73,4.5217,4.7067,60.07290926988486,01/07/2020
1593648000,4.9181,4.6025,4.7996,62.26892662555732,02/07/2020
1593734400,4.8964,4.7031,4.7309,59.655880545841775,03/07/2020
1593820800,4.8539,4.7186,4.82,61.88958163280684,04/07/2020
1593907200,4.8325,4.6118,4.7439,58.890543334520714,05/07/2020
1593993600,5.5,4.7362,5.3617,71.12400476240404,06/07/2020
1594080000,5.889,5.33,5.7248,75.70081012038565,07/07/2020
1594166400,6.5782,5.592,6.4987,82.18279856831393,08/07/2020
1594252800,6.5006,5.7029,6.082,71.17353362459536,09/07/2020
1594339200,6.2009,5.7096,6.1488,71.82512751236007,10/07/2020
1594425600,6.27,5.961,6.0994,70.55499645,11/07/2020
1594512000,7.3898,6.0975,7.3345,80.05266292058735,12/07/2020
1594598400,8.48,6.8525,7.163,76.36908730198184,13/07/2020
1594684800,8.3446,6.965,8.1321,81.53858126119346,14/07/2020
1594771200,8.908,7.8309,8.6494,83.60085921417998,15/07/2020
1594857600,8.8822,7.9427,8.354,78.22693964410435,16/07/2020
1594944000,8.6444,8.2,8.2605,76.54964482885141,17/07/2020
1595030400,8.2648,7.657,7.9734,71.48145674,18/07/2020
1595116800,8.21,7.7782,8.0784,72.20622289600021,19/07/2020
1595203200,8.1388,7.121,7.2301,59.13145512369253,20/07/2020
1595289600,7.6788,6.9232,7.3101,59.86946055,21/07/2020
1595376000,7.6365,7.0832,7.4689,61.361022193039275,22/07/2020
1595462400,8.099,7.4029,7.8983,65.13462960655919,23/07/2020
1595548800,7.9304,7.384,7.4284,58.41169364,24/07/2020
1595635200,7.8009,7.3744,7.672,60.67760792976237,25/07/2020
1595721600,7.945,7.1885,7.5022,58.29343909351557,26/07/2020
1595808000,7.5045,6.5101,7.1,52.98295851956778,27/07/2020
1595894400,7.4243,6.9106,7.2333,54.46358578357572,28/07/2020
1595980800,7.4871,6.9867,7.0876,52.516866480974336,29/07/2020
1596067200,7.5757,7.0253,7.4093,56.23638310514506,30/07/2020
1596153600,7.8649,7.4085,7.8033,60.33454762250353,31/07/2020
1596240000,8.472,7.6373,8.3248,65.00562628485676,01/08/2020
1596326400,8.7972,6.87,8.2814,64.32671002583501,02/08/2020
1596412800,9.2707,8.1408,9.2502,71.48576992616574,03/08/2020
1596499200,9.9645,9.0807,9.8687,74.94302714,04/08/2020
1596585600,9.8686,9.3207,9.5253,69.87719521100918,05/08/2020
1596672000,10.2917,9.4515,10.2343,73.81301868714867,06/08/2020
1596758400,10.2615,9.05,10.1286,72.29642083264359,07/08/2020
1596844800,13.8799,9.9287,12.7093,82.01343621933222,08/08/2020
1596931200,14.4586,12,13.8104,84.50989943107268,09/08/2020
1597017600,14.0551,12.52,13.4722,80.80034532899492,10/08/2020
1597104000,13.5403,12.0905,12.9971,75.76880809811858,11/08/2020
1597190400,16.8,12.5936,16.4635,83.72969553,12/08/2020
1597276800,18.3488,15.9175,17.1883,84.85045036012323,13/08/2020
1597363200,17.5998,16.3,16.9574,82.89153551913464,14/08/2020
1597449600,19.8303,16.5554,19.2285,86.25323521094987,15/08/2020
1597536000,20.1111,18.5144,18.8061,82.98712426741407,16/08/2020
1597622400,19.7111,15.5,16.8196,69.63288195043941,17/08/2020
1597708800,17.6738,14.69,16.1927,66.02217100901376,18/08/2020
1597795200,17.2554,14.8653,16.1863,65.98455376073699,19/08/2020
1597881600,16.7862,15.7232,16.0483,65.12293531945053,20/08/2020
1597968000,16.1421,12.89,13.8325,53.12722457173756,21/08/2020
1598054400,16.33,13.66,15.8078,60.17062939316112,22/08/2020
1598140800,16.0042,14.6536,15.1428,57.06190981320308,23/08/2020
1598227200,15.8797,14.7,15.1419,57.057613300075424,24/08/2020
1598313600,15.3743,13.4578,14.1164,52.23167635423884,25/08/2020
1598400000,15.6664,14.0537,15.2,56.42557316146085,26/08/2020
1598486400,15.5215,13.9679,14.5234,53.280069447665255,27/08/2020
1598572800,15.4989,14.236,15.1207,55.63151037319935,28/08/2020
1598659200,17.0305,14.9565,16.3612,60.12070368946716,29/08/2020
1598745600,17.7777,16.3547,16.4788,60.52843424000841,30/08/2020
1598832000,16.9495,15.4451,15.5772,55.816695979851076,31/08/2020
1598918400,16.5053,15.0629,16.0333,57.61421224610096,01/09/2020
1599004800,16.3587,14,14.7982,51.50367253507952,02/09/2020
1599091200,14.9989,10.8261,11.8895,40.586443294693936,03/09/2020
1599177600,12.904,11,12.3708,42.748958824719956,04/09/2020
1599264000,12.7655,9.1,10.6017,37.365453518247406,05/09/2020
1599350400,13.24,9.7155,12.8044,46.41399598064727,06/09/2020
1599436800,13.1747,11.17,12.47,45.34304167361056,07/09/2020
1599523200,12.7362,11.0284,11.746,43.02814513,08/09/2020
1599609600,12.6566,11.4356,12.3444,45.50453491,09/09/2020
1599696000,13.28,12.18,12.4957,46.14197748975068,10/09/2020
1599782400,12.696,12.019,12.4406,45.93126683913758,11/09/2020
1599868800,12.747,12.0934,12.7187,47.24081782947326,12/09/2020
1599955200,13.23,11.7658,12.067,44.519626096296086,13/09/2020
1600041600,12.3863,11.6349,12.1374,44.888935323033586,14/09/2020
1600128000,12.24,10.75,10.9314,39.979339651994934,15/09/2020
1600214400,11.3002,10.4771,10.7367,39.23329548580693,16/09/2020
1600300800,11.6759,10.472,11.0139,40.92356197715227,17/09/2020
1600387200,11.1315,9.7863,10.094,37.223269208292784,18/09/2020
1600473600,10.4969,9.8756,10.1209,37.40151644935205,19/09/2020
1600560000,10.6199,9.5,9.7357,35.83252625029259,20/09/2020
1600646400,9.9235,8.5012,8.7114,31.98957348,21/09/2020
1600732800,9.08,8.54,8.7401,32.20895465574229,22/09/2020
1600819200,8.8016,7.2869,7.6364,28.41320228932949,23/09/2020
1600905600,10.53,7.4761,9.87,43.04217099006154,24/09/2020
1600992000,11.199,9.3771,10.7279,47.48142182842255,25/09/2020
1601078400,11.1,9.9757,10.3169,45.64594747139307,26/09/2020
1601164800,10.991,9.9122,10.7939,48.15105168988977,27/09/2020
1601251200,11.07,10.15,10.283,45.720488387564515,28/09/2020
1601337600,10.3882,9.4502,10.135,45.01166709740284,29/09/2020
1601424000,10.2314,9.5768,9.8694,43.70224203440527,30/09/2020
1601510400,10.4119,9.2457,9.6394,42.54794238892592,01/10/2020
1601596800,9.8449,8.7975,9.2167,40.43419658831675,02/10/2020
1601683200,9.5555,9.104,9.269,40.82590235359986,03/10/2020
1601769600,9.466,9.1141,9.3922,41.79686613757904,04/10/2020
1601856000,9.72,9.2629,9.6176,43.61961693509578,05/10/2020
1601942400,9.658,8.563,8.7689,38.70456518935667,06/10/2020
1602028800,9.01,8.3817,8.9799,40.499624850891195,07/10/2020
1602115200,9.6909,8.4016,9.5594,45.24258387259004,08/10/2020
1602201600,10.5254,9.3701,10.3959,51.279790052906606,09/10/2020
1602288000,10.92,10.37,10.5198,52.12180704634778,10/10/2020
1602374400,11.0258,10.15,10.8515,54.39423587681527,11/10/2020
1602460800,11.8028,10.6807,11.4259,58.10268539031059,12/10/2020
1602547200,11.5833,10.5221,11.0016,54.57255913483754,13/10/2020
1602633600,11.3536,10.6201,10.8896,53.64602535413053,14/10/2020
1602720000,10.9317,10.455,10.7483,52.436460581687776,15/10/2020
1602806400,10.8935,10.2694,10.5877,51.02817833,16/10/2020
1602892800,10.7149,10.4082,10.6267,51.36973808490549,17/10/2020
1602979200,11,10.6,10.9409,54.144574711635904,18/10/2020
1603065600,11.2226,10.651,10.9147,53.86855131237294,19/10/2020
1603152000,10.9349,9.7665,9.8589,44.109858129613656,20/10/2020
1603238400,11.1372,9.7864,10.7863,52.286384011503266,21/10/2020
1603324800,12.4173,10.7142,11.9539,60.184104658177546,22/10/2020
1603411200,12.264,11.5784,12.1586,61.39069504370251,23/10/2020
1603497600,12.95,11.9839,12.7001,64.45899868294543,24/10/2020
1603584000,12.8574,11.908,12.1481,59.28664157948314,25/10/2020
1603670400,12.4472,11.2594,11.7096,55.47823927642283,26/10/2020
1603756800,12.4774,11.49,11.9224,56.92435957427295,27/10/2020
1603843200,12.16,11.15,11.4403,52.74451988575021,28/10/2020
1603929600,11.81,11.0816,11.2772,51.37024188111673,29/10/2020
1604016000,11.4811,10.72,11.09,49.76744258505487,30/10/2020
1604102400,11.3981,10.9053,11.2277,50.97905030623836,31/10/2020
1604188800,11.5885,11.0181,11.5722,53.97031416059928,01/11/2020
1604275200,11.685,10.7049,10.7814,46.89618995996792,02/11/2020
1604361600,10.7814,9.9454,10.3911,43.84181183,03/11/2020
1604448000,10.675,9.75,10.4713,44.639703891326306,04/11/2020
1604534400,11.2749,10.0764,10.9794,49.53193764587361,05/11/2020
1604620800,12.2813,10.9286,12.1687,58.72608341206458,06/11/2020
1604707200,13.5956,11.3123,11.7638,55.049144859836304,07/11/2020
1604793600,13.1,11.477,12.71,61.16793637019563,08/11/2020
1604880000,13.0026,12.04,12.5107,59.33581742591768,09/11/2020
1604966400,13.278,12.3156,13.0017,62.32940005543822,10/11/2020
1605052800,13.4293,12.75,12.753,59.92308576879904,11/11/2020
1605139200,13.0956,12.27,12.4038,56.61789698784053,12/11/2020
1605225600,13,12.3079,12.8687,59.797176085147306,13/11/2020
1605312000,12.9335,12.3,12.5574,56.79568109,14/11/2020
1605398400,12.6484,11.8156,12.1192,52.77961284420266,15/11/2020
1605484800,12.8132,11.9971,12.6223,56.57609429947509,16/11/2020
1605571200,13.4228,12.5414,13.3944,61.66941585874548,17/11/2020
1605657600,14.2669,12.585,13.5598,62.67929338319646,18/11/2020
1605744000,14,13.0111,13.6187,63.052605051849724,19/11/2020
1605830400,14.477,13.4618,14.0933,66.00349555195203,20/11/2020
1605916800,15.5,13.6876,15.4511,72.71706038041998,21/11/2020
1606003200,15.7179,13.8402,14.5098,63.373665813431636,22/11/2020
1606089600,15.425,14.252,15.2746,67.07530926,23/11/2020
1606176000,16.39,14.943,15.6703,68.83053634891246,24/11/2020
1606262400,15.86,13.79,14.2016,56.739837024777316,25/11/2020
1606348800,14.4743,11.2939,12.603,47.051760838995285,26/11/2020
1606435200,12.953,11.9454,12.4989,46.495021995308306,27/11/2020
1606521600,13.43,12.3489,13.0853,50.07839561407082,28/11/2020
1606608000,13.4765,12.8408,13.38,51.824596175547136,29/11/2020
1606694400,14.437,13.3855,14.2677,56.73394259883783,30/11/2020
1606780800,14.8328,13.0456,13.3461,50.93108188663348,01/12/2020
1606867200,14.1482,13.05,13.9799,54.386399603309485,02/12/2020
1606953600,14.22,13.6446,13.9749,54.35388229963974,03/12/2020
1607040000,14.0332,12.5101,12.68,46.58557207898092,04/12/2020
1607126400,13.3478,12.5265,13.1748,49.55254379515108,05/12/2020
1607212800,13.5282,12.7671,13.5057,51.49303073885522,06/12/2020
1607299200,13.5536,12.8671,13.0704,48.83198456,07/12/2020
1607385600,13.1929,12,12.1356,43.61891483412752,08/12/2020
1607472000,12.829,11.5726,12.6212,46.79633996842642,09/12/2020
1607558400,12.673,11.8549,11.9172,43.01183938945199,10/12/2020
1607644800,11.9899,11.43,11.6335,41.55344467988578,11/12/2020
1607731200,12.3529,11.601,12.2259,45.694147816833855,12/12/2020
1607817600,13.2697,12.021,12.9392,50.263284354629654,13/12/2020
1607904000,12.98,12.3238,12.8502,49.70138509365358,14/12/2020
1607990400,13.022,12.4659,12.6818,48.59442787970457,15/12/2020
1608076800,13.5,12.3119,13.4852,53.87273298559031,16/12/2020
1608163200,14.5038,13.0575,13.444,53.56896109139555,17/12/2020
1608249600,14.0235,13.1725,13.5001,53.94972966220213,18/12/2020
1608336000,13.9697,13.2981,13.4747,53.73486529638173,19/12/2020
1608422400,13.8,12.6752,13.0604,50.22144408016506,20/12/2020
1608508800,13.27,12.1354,12.3049,44.50661975160814,21/12/2020
1608595200,12.84,11.8117,12.7842,48.50972102,22/12/2020
1608681600,12.8634,8.05,10.9736,37.503720653827315,23/12/2020
1608768000,11.6877,9.8564,11.5724,42.17623925463345,24/12/2020
1608854400,11.9234,11.0601,11.5543,42.07384148220777,25/12/2020
1608940800,11.8151,10.6238,10.9809,38.85545323824898,26/12/2020
1609027200,13.2448,10.4763,12.1541,47.67479642404904,27/12/2020
1609113600,12.9781,11.971,12.6081,50.64172420228127,28/12/2020
1609200000,13.0351,10.8161,11.7786,45.558800927659476,29/12/2020
1609286400,11.99,11.0671,11.2435,42.58913795437758,30/12/2020
1609372800,11.753,10.9039,11.2364,42.54950673000696,31/12/2020
1609459200,12.46,11.0638,11.8477,47.112718408700324,01/01/2021
1609545600,12.4188,11.4303,12.2215,49.74150837422818,02/01/2021
1609632000,13.9999,11.8355,13.6814,58.43180011160485,03/01/2021
1609718400,15.644,12.3713,13.5935,57.783938133565215,04/01/2021
1609804800,14.89,13.0928,14.5162,62.48594795865709,05/01/2021
1609891200,17.2997,14.1427,17.2322,72.27484441945032,06/01/2021
1609977600,17.41,15.0657,15.9628,63.88434833361228,07/01/2021
1610064000,16.1917,14.12,15.2381,59.62838414441215,08/01/2021
1610150400,17.8888,15.0029,17.5501,67.14777325970964,09/01/2021
1610236800,18.4386,15.4418,16.206,60.13539940679799,10/01/2021
1610323200,16.2596,12.5,14.6393,53.16584357745851,11/01/2021
1610409600,15.476,13.6701,13.9655,50.45734185671401,12/01/2021
1610496000,16.2356,13.3701,15.9356,57.30599608044714,13/01/2021
1610582400,17.99,15.33,17.9804,63.01999495582749,14/01/2021
1610668800,21.4533,17.5355,20.7375,69.03725854547658,15/01/2021
1610755200,22.96,19.628,20.1054,66.37084579201492,16/01/2021
1610841600,23.767,19.3729,23.2819,72.18482406598991,17/01/2021
1610928000,23.6862,21.06,22.0336,67.26339702794748,18/01/2021
1611014400,22.8564,20.3774,20.5557,61.88399214421841,19/01/2021
1611100800,21.9788,19.0645,21.8482,64.55388746381792,20/01/2021
1611187200,22.0307,18.0611,18.4119,53.77006785309198,21/01/2021
1611273600,22.4997,17.1269,21.5519,60.29684123147118,22/01/2021
1611360000,25.5,21.14,24.8046,65.69914787327895,23/01/2021
1611446400,24.953,23.1612,24.7935,65.66631110233149,24/01/2021
1611532800,25.7824,22.6,23.3418,61.34776060328929,25/01/2021
1611619200,23.9761,21.65,23.0981,60.62694463,26/01/2021
1611705600,23.2295,20.2767,20.9586,54.565385340940004,27/01/2021
1611792000,24.4716,20.501,23.0145,58.82550089,28/01/2021
1611878400,24.24,22.045,22.748,58.06546803131704,29/01/2021
1611964800,23.98,22.1534,23.6399,59.931312700874386,30/01/2021
1612051200,24.678,22.0603,22.5613,56.64867911115229,31/01/2021
1612137600,23.2,21.6526,22.8757,57.381459763027344,01/02/2021
1612224000,24.1693,22.7354,23.6582,59.228656586228325,02/02/2021
1612310400,25.5674,23.5318,25.087,62.430647475641976,03/02/2021
1612396800,26.15,22.6174,24.492,60.30661935869303,04/02/2021
1612483200,27,24.4081,26.3034,64.28985597185583,05/02/2021
1612569600,26.8,24.2081,25.0231,59.72764394112347,06/02/2021
1612656000,25.2836,22.81,24.7254,58.68482101720172,07/02/2021
1612742400,25.98,23.9587,25.4115,60.40081098952445,08/02/2021
1612828800,28,25,27.6034,65.35191793362048,09/02/2021
1612915200,28.6412,25.1227,26.8121,62.322454750469774,10/02/2021
1613001600,28.5705,26.2172,27.8475,64.63271418082817,11/02/2021
1613088000,31.4485,26.6746,30.6265,69.95726199715011,12/02/2021
1613174400,34.7573,29.07,34.1941,75.13304341765917,13/02/2021
1613260800,35.6945,32.3088,33.1565,71.28640284055594,14/02/2021
1613347200,34.9252,27.5,32.5899,69.20284357592337,15/02/2021
1613433600,33.4269,30.784,31.9632,66.87460129789073,16/02/2021
1613520000,32.6705,30,32.2324,67.38224423913192,17/02/2021
1613606400,33.5961,31.7785,32.4801,67.87015622370664,18/02/2021
1613692800,35.5072,31.3799,34.6846,71.89898001557566,19/02/2021
1613779200,36.9307,32,33.9387,68.75742651648352,20/02/2021
1613865600,35.2918,33.2712,34.0915,69.05571032,21/02/2021
1613952000,34.2185,25.2312,31.4542,58.647964315596596,22/02/2021
1614038400,31.6822,20.8088,25.9249,43.75758564656094,23/02/2021
1614124800,29.337,24.505,28.0851,49.18568024024876,24/02/2021
1614211200,28.6802,24.2509,24.7144,42.32195356670631,25/02/2021
1614297600,26.9906,23.6574,25.1862,43.51021965645631,26/02/2021
1614384000,27.4472,24.8545,26.1896,46.05558704764421,27/02/2021
1614470400,26.7624,22.8578,24.7016,42.96388487,28/02/2021
1614556800,27.7326,24.5758,27.7116,50.240648806349796,01/03/2021
1614643200,30.5251,27.1757,28.4769,51.920228612818306,02/03/2021
1614729600,31.43,28.1272,29.85,54.86400039293324,03/03/2021
1614816000,30.5731,27.1891,27.6943,49.71739418252644,04/03/2021
1614902400,28.2338,25.6483,27.8343,50.04513884105614,05/03/2021
1614988800,28.3985,26.2889,28.1479,50.81844733988482,06/03/2021
1615075200,29.1258,27.3859,28.5932,51.95575438638137,07/03/2021
1615161600,31.8469,28.2652,31.8469,59.352185116129476,08/03/2021
1615248000,32,30.3639,31.4914,58.29617601,09/03/2021
1615334400,31.7934,29.2545,29.9036,53.70049265207492,10/03/2021
1615420800,30.5285,28.5516,30.1166,54.22185149367758,11/03/2021
1615507200,30.411,27.3717,28.3553,49.28020893489808,12/03/2021
1615593600,30.57,26.9326,29.7384,52.90960410264641,13/03/2021
1615680000,30.2,28.5108,28.5469,49.615770259416145,14/03/2021
1615766400,29.4217,26.8,27.5091,46.87833619115879,15/03/2021
1615852800,28.1883,26.3975,27.9099,48.069965753556055,16/03/2021
1615939200,31.2,27.3027,31.0579,56.35181760583704,17/03/2021
1616025600,31.3588,29,29.3949,51.66431291392868,18/03/2021
1616112000,30.551,28.6802,29.777,52.63912955488559,19/03/2021
1616198400,31.4325,29.5701,29.6465,52.251539800345036,20/03/2021
1616284800,30.08,28.5817,29.2097,50.900577892120765,21/03/2021
1616371200,29.4444,27.1362,27.2431,45.23044822491043,22/03/2021
1616457600,27.9351,26.6283,26.7813,43.991199006090476,23/03/2021
1616544000,27.8814,23.61,24.8684,39.20007234037505,24/03/2021
1616630400,26.6401,24.3665,25.535,41.58752721032749,25/03/2021
1616716800,27.4,25.3591,27.3927,47.74566482928758,26/03/2021
1616803200,27.4982,26.003,26.8766,46.28572867109883,27/03/2021
1616889600,27.6624,26.0889,26.6588,45.65133030293907,28/03/2021
1616976000,28.6203,26.3886,28.0357,50.28994601477332,29/03/2021
1617062400,28.5735,27.446,27.8301,49.60907321644554,30/03/2021
1617148800,29.4401,26.18,29.4167,54.70543162771383,31/03/2021
1617235200,31.125,29.3143,30.0684,56.64502850620234,01/04/2021
1617321600,32.5555,29.361,32.4864,62.97938173091628,02/04/2021
1617408000,33.1707,29.1256,29.293,52.143892434759266,03/04/2021
1617494400,31.4643,28.6801,30.7471,55.86726594,04/04/2021
1617580800,32.6399,29.6179,32.3791,59.66074483053139,05/04/2021
1617667200,34.9,31.3074,34.725,64.39798536439173,06/04/2021
1617753600,35.12,30.2286,31.109,53.89222914152188,07/04/2021
1617840000,32.8999,30.9466,32.7884,57.37059100049166,08/04/2021
1617926400,33.2876,31.2348,31.5893,54.22511036,09/04/2021
1618012800,33,31,31.8944,54.90262771,10/04/2021
1618099200,34.4397,31.7283,33.8811,59.14326861785495,11/04/2021
1618185600,34.1468,31.8601,33.108,56.900997086981306,12/04/2021
1618272000,35.8645,32.3842,35.5217,61.77377474733906,13/04/2021
1618358400,41.9901,35,41.3641,70.47517870027308,14/04/2021
1618444800,44.33,39.6638,42.5601,71.88600966438824,15/04/2021
1618531200,43.2902,38.5273,41.9861,70.15339574586218,16/04/2021
1618617600,44.1116,39.8304,39.9137,64.14236732874284,17/04/2021
1618704000,40.3436,28.8,39.0799,61.84628889865039,18/04/2021
1618790400,41.99,34.8144,35.7359,53.564769294986434,19/04/2021
1618876800,39.3901,33.1933,38.9954,59.28738737229288,20/04/2021
1618963200,39.4872,35.8933,36.2274,53.28216863094905,21/04/2021
1619049600,40.82,33.7859,35.1306,51.074583833541745,22/04/2021
1619136000,35.9643,30.02,35.2121,51.23626050325077,23/04/2021
1619222400,35.3033,31,31.2443,43.67012509,24/04/2021
1619308800,33.432,29.801,31.692,44.66308930652049,25/04/2021
1619395200,35.275,31.363,35.13,51.703725519483925,26/04/2021
1619481600,37.665,34.483,36.788,54.69726347347881,27/04/2021
1619568000,37.808,34.901,36.233,53.50180979943107,28/04/2021
1619654400,37.45,35,36.467,53.95871087966694,29/04/2021
1619740800,38.79,35.827,38.1,57.12496408700859,30/04/2021
1619827200,41.27,37.428,41.257,62.49481859,01/05/2021
1619913600,41.46,38.69,39.461,58.04122078776672,02/05/2021
1620000000,42.728,39.166,42.052,62.2236859,03/05/2021
1620086400,48.54,38.634,45.527,66.97797191500007,04/05/2021
1620172800,51.2,44.865,49.575,71.48069322105334,05/05/2021
1620259200,49.9,45.343,47.154,65.70983175215645,06/05/2021
1620345600,51.969,45.666,49.129,67.98084053785064,07/05/2021
1620432000,50.265,46.5,48.597,66.69939454977538,08/05/2021
1620518400,52.426,45.83,52.269,70.79192925648871,09/05/2021
1620604800,53,40.7,46.334,58.31699861277014,10/05/2021
1620691200,49,44.576,48.826,61.393301241762295,11/05/2021
1620777600,49.836,40.914,41.622,49.92286523578801,12/05/2021
1620864000,44.958,39.227,43.287,52.148136754286426,13/05/2021
1620950400,47.875,42.935,46.567,56.27063949285367,14/05/2021
1621036800,47.8,40.975,41.492,49.20689548416475,15/05/2021
1621123200,44.901,37.944,40.67,48.15252647050622,16/05/2021
1621209600,40.674,35.068,37.177,43.85248784495291,17/05/2021
1621296000,44.69,36.655,42.566,51.106796831197705,18/05/2021
1621382400,43.5,21,26.227,35.943641634095556,19/05/2021
1621468800,33.05,22.35,30.606,40.996346997958035,20/05/2021
1621555200,31.945,22.019,25.546,37.33194891811633,21/05/2021
1621641600,26.2,22.225,23.296,35.799618002828254,22/05/2021
1621728000,24.368,15,19.844,33.52595541,23/05/2021
1621814400,26.431,19.677,26.412,41.180447526230154,24/05/2021
1621900800,27.644,23.673,27.503,42.36760206046195,25/05/2021
1621987200,34.285,26.847,34.018,48.98864969399276,26/05/2021
1622073600,35.334,30.033,31.732,46.95045207379165,27/05/2021
1622160000,32.185,26.821,27.878,43.652953462178345,28/05/2021
1622246400,29.734,24.12,25.365,41.601240574619865,29/05/2021
1622332800,29.168,23.7,26.818,43.26173274334088,30/05/2021
1622419200,32.159,25.555,32.098,48.94295615,31/05/2021
1622505600,32.65,29.035,30.719,47.60232594754382,01/06/2021
1622592000,32.218,29.669,30.67,47.552482451763716,02/06/2021
1622678400,32.856,30,32.198,49.33407447,03/06/2021
1622764800,32.267,27.172,28.826,45.64886482900568,04/06/2021
1622851200,30.186,26.044,27.129,43.87267928654186,05/06/2021
1622937600,28.19,26.818,27.532,44.42569853579818,06/06/2021
1623024000,28.693,24.234,24.584,41.225759401231095,07/06/2021
1623110400,25.098,21.334,24.076,40.68197048742379,08/06/2021
1623196800,25.626,22.441,25.585,43.08361754728929,09/06/2021
1623283200,25.78,22.721,23.114,40.21249531897869,10/06/2021
1623369600,23.374,21,21.478,38.38845116445949,11/06/2021
1623456000,22.287,20,21.67,38.73965268790765,12/06/2021
1623542400,23.886,20.396,23.312,41.795338113495696,13/06/2021
1623628800,25.28,22.837,24.973,44.79510783372864,14/06/2021
1623715200,26.458,24.376,24.482,44.07202230744765,15/06/2021
1623801600,24.64,22.918,23.044,41.93692467499182,16/06/2021
1623888000,24.445,22.81,23.396,42.66909482541876,17/06/2021
1623974400,23.425,20.526,21.233,39.38272602981383,18/06/2021
1624060800,21.95,20,20.246,37.94650918860868,19/06/2021
1624147200,22.071,19.077,21.646,41.220915899491395,20/06/2021
1624233600,21.881,16.981,17.365,35.11847085661516,21/06/2021
1624320000,18.797,15,16.85,34.45759798599741,22/06/2021
1624406400,19.199,16.149,18.395,38.214051206657196,23/06/2021
1624492800,19.525,17.352,19.06,39.81300580059084,24/06/2021
1624579200,19.5,16.813,16.87,36.46610428,25/06/2021
1624665600,17.495,15.92,16.952,36.68074306570693,26/06/2021
1624752000,18.412,16.591,18.406,40.518021842958625,27/06/2021
1624838400,19.434,17.902,18.83,41.628912866227225,28/06/2021
1624924800,20.546,18.752,19.535,43.51779829083397,29/06/2021
1625011200,19.776,18.149,19.516,43.47696482729998,30/06/2021
1625097600,19.533,17.603,18.186,40.60479973133937,01/07/2021
1625184000,18.523,17.256,18.274,40.88307699103464,02/07/2021
1625270400,18.894,17.864,18.543,41.78101282653032,03/07/2021
1625356800,19.925,18.002,19.242,44.15473254297722,04/07/2021
1625443200,19.242,17.767,18.362,41.84178807127087,05/07/2021
1625529600,20.271,18.317,20.073,47.590254740822004,06/07/2021
1625616000,21.274,19.62,19.788,46.76115695824764,07/07/2021
1625702400,19.873,18.138,18.353,42.725055421486346,08/07/2021
1625788800,18.877,17.617,18.656,43.827547883890254,09/07/2021
1625875200,18.988,17.734,18.204,42.512891997133195,10/07/2021
1625961600,18.581,17.861,18.383,43.23902148030546,11/07/2021
1626048000,18.609,17,17.518,40.57205028793759,12/07/2021
1626134400,17.766,16.663,16.87,38.64885797307391,13/07/2021
1626220800,17.419,16.014,16.936,38.96619432397965,14/07/2021
1626307200,17.238,15.517,15.764,35.458763468515855,15/07/2021
1626393600,16.33,15.125,15.234,33.969658711225094,16/07/2021
1626480000,15.678,15.02,15.352,34.627899702245344,17/07/2021
1626566400,16.078,15.155,15.47,35.32225370540564,18/07/2021
1626652800,15.641,14.404,14.528,32.36668970243234,19/07/2021
1626739200,14.783,13.384,13.742,30.103285165089858,20/07/2021
1626825600,15.797,13.46,15.297,39.166808007193964,21/07/2021
1626912000,16.176,14.961,16.071,43.12040174620512,22/07/2021
1626998400,16.572,15.23,16.502,45.25405756540332,23/07/2021
1627084800,17.132,16.307,16.683,46.16732876636177,24/07/2021
1627171200,17.062,16.156,16.746,46.50185731711779,25/07/2021
1627257600,19.958,16.662,18.028,52.91410445706589,26/07/2021
1627344000,19.58,17.602,19.489,58.95230092454181,27/07/2021
1627430400,19.987,18.611,19.109,56.908168270322584,28/07/2021
1627516800,19.472,18.608,19.37,57.98574106272604,29/07/2021
1627603200,22.666,18.823,22.269,67.65942323095643,30/07/2021
1627689600,23.375,21.266,22.713,68.84266856,31/07/2021
1627776000,23.94,21.789,22.062,65.08277294245147,01/08/2021
1627862400,23.975,21.401,23.472,69.02830738961356,02/08/2021
1627948800,24.431,22.039,23.942,70.23563769849453,03/08/2021
1628035200,25,22.869,24.193,70.8883011,04/08/2021
1628121600,24.335,22.468,24.057,69.99273934390865,05/08/2021
1628208000,24.391,22.996,23.89,68.84262599,06/08/2021
1628294400,25.157,23.626,24.694,71.28867498188723,07/08/2021
1628380800,24.946,22.565,23.029,60.66686081198979,08/08/2021
1628467200,24.691,22.072,24.197,64.64633660591142,09/08/2021
1628553600,25.518,23.736,24.537,65.73316750637821,10/08/2021
1628640000,27.313,24.459,25.906,69.76372447256195,11/08/2021
1628726400,26.902,24.085,24.944,64.06149755105238,12/08/2021
1628812800,27.771,24.715,27.748,71.39947622488519,13/08/2021
1628899200,27.955,26.371,27.144,68.17055882092355,14/08/2021
1628985600,27.983,25.901,27.901,70.00162191255907,15/08/2021
1629072000,30.51,27.638,27.944,70.10681899281258,16/08/2021
1629158400,30.299,25.881,26.146,60.545958414994416,17/08/2021
1629244800,26.922,24.847,25.341,56.810400690243625,18/08/2021
1629331200,27.132,24.479,27.096,62.27507850581285,19/08/2021
1629417600,29.048,26.647,28.678,66.40188699600859,20/08/2021
1629504000,29.156,27.648,27.844,62.51910524802995,21/08/2021
1629590400,28.663,26.785,27.982,62.90562204332569,22/08/2021
1629676800,29.3,27.78,28.552,64.53255184795515,23/08/2021
1629763200,28.923,25.712,25.728,52.29498024385583,24/08/2021
1629849600,26.879,25.279,26.612,55.16140569875856,25/08/2021
1629936000,26.94,23.88,24.39,47.444565323229455,26/08/2021
1630022400,26.14,24,26.04,52.73255821740268,27/08/2021
1630108800,26.2,25.36,25.73,51.68044634986441,28/08/2021
1630195200,26.57,25.14,25.76,51.780711065074044,29/08/2021
1630281600,26.49,24.3,25.04,49.144984589490434,30/08/2021
1630368000,27.537,24.69,26.7,54.85109097627496,31/08/2021
1630454400,29.81,26.09,29.72,62.987580789070726,01/09/2021
1630540800,30.88,28.75,29.95,63.52668244862957,02/09/2021
1630627200,31.75,29.05,30.75,65.41369256408655,03/09/2021
1630713600,31.17,29.39,29.88,61.676604226411385,04/09/2021
1630800000,33.61,29.54,33.55,69.57338140669924,05/09/2021
1630886400,36.33,32.44,34.81,71.7273602,06/09/2021
1630972800,35.34,23.79,28.26,51.368950010807666,07/09/2021
1631059200,29.19,25.18,27.16,48.86078820604612,08/09/2021
1631145600,30.18,26.46,28.01,50.857533791002844,09/09/2021
1631232000,29.56,25.62,26.39,47.08420445603371,10/09/2021
1631318400,27.71,26.25,26.99,48.60513732243884,11/09/2021
1631404800,29.77,26.36,29.42,54.330355630737465,12/09/2021
1631491200,29.95,25.17,26.96,48.44666602218822,13/09/2021
1631577600,30.85,26.73,30.8,56.38646172724033,14/09/2021
1631664000,31.46,29.57,30.67,56.071619855697456,15/09/2021
1631750400,32.11,29.04,29.8,53.90248279100696,16/09/2021
1631836800,30.12,27.38,27.72,49.01994638404653,17/09/2021
1631923200,29.46,27.39,28.39,50.57303700905605,18/09/2021
1632009600,28.8,26.93,27.36,48.144789734403886,19/09/2021
1632096000,27.43,23,23.57,40.44877459945489,20/09/2021
1632182400,24.39,20.82,21.42,36.85012533194817,21/09/2021
1632268800,24.5,21.03,24.45,44.362703792135115,22/09/2021
1632355200,25.48,23.39,25.41,46.532983772440055,23/09/2021
1632441600,25.5,21.35,23.26,42.531573285505274,24/09/2021
1632528000,24.7,22.03,24.51,45.46761956697943,25/09/2021
1632614400,25.38,22.36,24.6,45.68279277819802,26/09/2021
1632700800,25.47,22.96,23.01,42.49280892932399,27/09/2021
1632787200,23.75,22,22.1,40.739414693649536,28/09/2021
1632873600,23.93,22.01,22.85,42.83310895499813,29/09/2021
1632960000,24.4,22.72,24,45.98439503358583,30/09/2021
1633046400,26.7,23.59,26.31,51.739270876411915,01/10/2021
1633132800,27.81,25.82,26.89,53.09064885268554,02/10/2021
1633219200,28.16,26.5,27.57,54.69248754183664,03/10/2021
1633305600,27.67,25.59,26.6,51.966461478642856,04/10/2021
1633392000,27.49,26.19,27.23,53.58460801603807,05/10/2021
1633478400,28.19,25.2,26.8,52.28980739632009,06/10/2021
1633564800,27.71,25.9,26.83,52.376269090013416,07/10/2021
1633651200,27.46,26.12,26.39,50.91877559226336,08/10/2021
1633737600,27.89,26.05,27.45,54.22362260385644,09/10/2021
1633824000,27.49,25.44,25.56,48.01552829994998,10/10/2021
1633910400,26.76,24.63,25.22,46.97362914077758,11/10/2021
1633996800,25.27,23.53,24.65,45.20274791,12/10/2021
1634083200,25.67,24.16,25.66,48.88026828436244,13/10/2021
1634169600,27.88,25.38,26.72,52.484408061908596,14/10/2021
1634256000,27.38,26.01,27.01,53.45134251663488,15/10/2021
1634342400,28.7,26.92,27.23,54.212573562181916,16/10/2021
1634428800,27.63,25.58,26.54,51.37484439040731,17/10/2021
1634515200,26.74,25.26,25.71,48.11241048894978,18/10/2021
1634601600,26.29,25.36,25.91,48.95359820722473,19/10/2021
1634688000,27.66,25.85,27.49,55.140780543822046,20/10/2021
1634774400,29.34,27.19,28.26,57.823740336559126,21/10/2021
1634860800,30.04,28.02,28.67,59.22224394113089,22/10/2021
1634947200,31.46,28.3,31.36,66.96250696695617,23/10/2021
1635033600,31.53,28.72,29.7,59.46166596452976,24/10/2021
1635120000,32.9,29.53,32.38,66.06976460427865,25/10/2021
1635206400,33.82,31.31,32.52,66.37809114593341,26/10/2021
1635292800,33.91,27.91,28.88,52.91460250075216,27/10/2021
1635379200,30.85,28.61,30.19,56.346296380730834,28/10/2021
1635465600,31.96,29.94,30.96,58.27142591416587,29/10/2021
1635552000,31.12,29.16,29.79,54.34937493240898,30/10/2021
1635638400,30.68,28.65,30,54.935659849890385,31/10/2021
1635724800,31.87,29.14,31.66,59.37693940607314,01/11/2021
1635811200,32.48,31,32.26,60.87775292007989,02/11/2021
1635897600,32.78,30.54,31.96,59.69031034664015,03/11/2021
1635984000,32.11,30.2,31,55.93073177843413,04/11/2021
1636070400,33.71,30.66,32.86,61.04959682766544,05/11/2021
1636156800,33.2,30.72,32.05,57.89574527,06/11/2021
1636243200,32.59,31.71,32.34,58.718019419664486,07/11/2021
1636329600,34.82,32.18,34.46,64.21928061491599,08/11/2021
1636416000,35.62,33.38,33.82,61.552565070072895,09/11/2021
1636502400,38.31,31.9,34.21,62.57249754525103,10/11/2021
1636588800,36.95,33.34,34.69,63.8437979,11/11/2021
1636675200,35.46,32.67,34.26,61.81805394516719,12/11/2021
1636761600,34.58,33.19,34,60.56667414688465,13/11/2021
1636848000,34.43,32.53,33.75,59.323163643336855,14/11/2021
1636934400,34.5,31.98,32.04,51.52995536606742,15/11/2021
1637020800,32.06,28,29.16,41.61440675098648,16/11/2021
1637107200,29.74,28.03,29.18,41.698306438560756,17/11/2021
1637193600,29.72,25.82,26.55,34.647524370251574,18/11/2021
1637280000,28.85,26.08,28.27,41.602140813681665,19/11/2021
1637366400,28.72,27.26,28.36,41.95024582075018,20/11/2021
1637452800,29.26,27.69,28.98,44.40865619176582,21/11/2021
1637539200,29.09,26.31,26.77,38.198708505259134,22/11/2021
1637625600,27.57,26.17,26.94,38.90642155695402,23/11/2021
1637712000,27.15,25.15,25.58,35.412662838260346,24/11/2021
1637798400,27.61,25.37,26.41,39.01213577848671,25/11/2021
1637884800,26.59,22.9,23.96,33.140911647284696,26/11/2021
1637971200,24.99,23.78,24.1,33.75443678847276,27/11/2021
1638057600,25.01,22.63,24.76,36.703293108514025,28/11/2021
1638144000,25.61,24.54,24.99,37.74333598833023,29/11/2021
1638230400,26.52,24.11,25.31,39.239227984078774,30/11/2021
1638316800,26.9,24.96,25.32,39.288321183950046,01/12/2021
1638403200,25.33,24.16,24.55,36.82130157513244,02/12/2021
1638489600,25.85,22.44,23.31,33.205273189959854,03/12/2021
1638576000,23.36,15.32,20.64,27.046224896363057,04/12/2021
1638662400,20.93,18.46,19.48,24.886484667565284,05/12/2021
1638748800,20.01,17.21,19.8,26.627117285325838,06/12/2021
1638835200,21.18,19.7,21.09,33.333959751047985,07/12/2021
1638921600,23.2,20.75,22.91,41.46365861831478,08/12/2021
1639008000,23.05,20.25,20.25,34.78670930968356,09/12/2021
1639094400,20.88,18.46,18.56,31.334314834205173,10/12/2021
1639180800,20.22,18.16,19.97,36.95601659981561,11/12/2021
1639267200,20.8,19.2,20.41,38.64413299945694,12/12/2021
1639353600,20.56,17.3,17.78,32.96257293780407,13/12/2021
1639440000,18.61,17.44,18.44,35.524414113442205,14/12/2021
1639526400,20,17.26,19.69,40.18654552,15/12/2021
1639612800,20.34,18.69,18.76,37.98580823,16/12/2021
1639699200,19.23,17.74,18.25,36.795779494800904,17/12/2021
1639785600,20,17.81,19.54,41.76538063889216,18/12/2021
1639872000,20.38,18.8,18.86,39.98082107119628,19/12/2021
1639958400,19.2,18.04,18.78,39.765549169465174,20/12/2021
1640044800,19.67,18.37,19.42,42.43586301150812,21/12/2021
1640131200,20.83,19.2,19.93,44.54559967684125,22/12/2021
1640217600,22.22,19.57,22.17,52.73863840291242,23/12/2021
1640304000,22.66,21.2,21.48,50.27462216480637,24/12/2021
1640390400,22.39,21.29,22.1,52.425502004581006,25/12/2021
1640476800,23.58,21.12,22.98,55.3759165,26/12/2021
1640563200,24.49,22.75,23.02,55.510975552084496,27/12/2021
1640649600,23.02,20.32,20.37,45.65287781931471,28/12/2021
1640736000,20.97,19.53,19.74,43.66746159911179,29/12/2021
1640822400,20.44,19.17,19.93,44.45206299320424,30/12/2021
1640908800,20.63,19.04,19.51,43.025483787929794,31/12/2021
1640995200,20.79,19.5,20.76,48.33933473778294,01/01/2022
1641081600,22.2,20.57,21.87,52.56973913,02/01/2022
1641168000,23.75,21.25,23.72,58.64766453892063,03/01/2022
1641254400,24.49,22.71,23.42,57.36393655401011,04/01/2022
1641340800,27.48,22.29,25.24,62.698333591054734,05/01/2022
1641427200,25.98,23.34,25.38,63.08098182308641,06/01/2022
1641513600,27.33,22.65,25.98,64.74991719,07/01/2022
1641600000,27.33,23.51,25.32,61.45874625070813,08/01/2022
1641686400,28.68,25.08,27.54,67.45161059728474,09/01/2022
1641772800,28.51,25.07,27.98,68.49715567441551,10/01/2022
1641859200,28.71,25.84,26.59,61.748931343631185,11/01/2022
1641945600,27.25,25.61,26.75,62.21043876450221,12/01/2022
1642032000,26.76,24.43,24.86,53.93266584751064,13/01/2022
1642118400,25.89,23.91,25.72,56.75255495411375,14/01/2022
1642204800,26.22,25.11,25.17,54.45672666339029,15/01/2022
1642291200,26.34,24.65,25.5,55.61686009603076,16/01/2022
1642377600,25.62,23.27,23.79,48.694831038112675,17/01/2022
1642464000,24.34,22.04,22.96,45.72040171219076,18/01/2022
1642550400,23.15,21.22,21.55,41.12472470133501,19/01/2022
1642636800,22.98,20.04,20.17,37.18511460091844,20/01/2022
1642723200,20.51,17.1,17.42,30.844077248193983,21/01/2022
1642809600,17.82,14.24,15.85,27.91713791316141,22/01/2022
1642896000,16.88,15.15,16.64,31.442540949383257,23/01/2022
1642982400,16.65,13.48,15.58,29.36714066099448,24/01/2022
1643068800,16.03,14.59,15.49,29.190961730735438,25/01/2022
1643155200,16.8,14.68,15.23,28.65612008604161,26/01/2022
1643241600,15.71,14.29,15.22,28.634389268161428,27/01/2022
1643328000,16.28,14.74,16.15,33.67198503884089,28/01/2022
1643414400,16.75,15.96,16.23,34.10290076937794,29/01/2022
1643500800,18.1,16.01,17.77,41.924629573168055,30/01/2022
1643587200,17.88,16.45,17.15,39.87267617143811,31/01/2022
1643673600,17.91,16.8,16.98,39.30462967703942,01/02/2022
1643760000,17.38,15.56,15.78,35.46391389253037,02/02/2022
1643846400,16.33,15.26,16.3,38.278482489106246,03/02/2022
1643932800,17.55,16,17.5,44.31404148819668,04/02/2022
1644019200,18.32,17.42,17.76,45.55628137682461,05/02/2022
1644105600,18.17,17.17,18.07,47.072338299430555,06/02/2022
1644192000,19.4,17.65,18.88,50.91822097496676,07/02/2022
1644278400,19.54,17.72,18.38,48.571999660907245,08/02/2022
1644364800,18.75,17.75,18.67,50.010748754502835,09/02/2022
1644451200,18.75,17.35,17.5,44.59071035823871,10/02/2022
1644537600,17.81,15.89,16.21,39.50678436,11/02/2022
1644624000,16.38,15.56,15.95,38.55271892617105,12/02/2022
1644710400,16.33,15.52,15.6,37.248662037221514,13/02/2022
1644796800,16.12,15.2,15.9,39.14864485605689,14/02/2022
1644883200,17.45,15.81,17.34,47.38380489663764,15/02/2022
1644969600,17.41,16.49,17.12,46.35172675770214,16/02/2022
1645056000,17.45,15.45,15.59,39.850827641676034,17/02/2022
1645142400,16.06,15.03,15.19,38.336991795852214,18/02/2022
1645228800,15.68,14.84,15.51,40.29112863286318,19/02/2022
1645315200,15.53,14.39,14.6,36.726712381527804,20/02/2022
1645401600,15.31,13.38,13.51,32.96487354899956,21/02/2022
1645488000,14.2,13.02,13.99,36.07029299485806,22/02/2022
1645574400,14.66,13.3,13.35,33.82060336,23/02/2022
1645660800,13.95,11.4,13.27,33.53901292275346,24/02/2022
1645747200,14.49,13.08,14.36,40.77448094282341,25/02/2022
1645833600,15.05,14.09,14.72,42.98233300804535,26/02/2022
1645920000,14.86,13.47,13.64,38.36204751474931,27/02/2022
1646006400,15.15,13.31,15.13,46.85044413030957,28/02/2022
1646092800,15.73,14.72,15.35,47.98935771,01/03/2022
1646179200,15.87,14.91,15.28,47.63955844,02/03/2022
1646265600,15.38,14.46,14.89,45.643363914931115,03/03/2022
1646352000,14.98,13.54,13.73,40.24211714874777,04/03/2022
1646438400,14.27,13.41,14.03,42.14879249884109,05/03/2022
1646524800,14.12,13.25,13.32,38.97897849096342,06/03/2022
1646611200,13.67,12.42,12.68,36.32691754705303,07/03/2022
1646697600,13.56,12.58,13.08,39.115137781667336,08/03/2022
1646784000,14.46,13.05,14.01,45.13109992397198,09/03/2022
1646870400,14.11,12.96,13.17,41.173810209664126,10/03/2022
1646956800,13.65,12.8,13.05,40.62577279763656,11/03/2022
1647043200,13.46,13.02,13.15,41.326636504041964,12/03/2022
1647129600,13.43,12.59,12.7,39.09047217951345,13/03/2022
1647216000,13.44,12.6,13.41,44.218975693850865,14/03/2022
1647302400,13.8,12.87,13.69,46.144803296562834,15/03/2022
1647388800,14.78,13.66,14.66,52.29003680510136,16/03/2022
1647475200,14.93,14.23,14.4,50.62262923689329,17/03/2022
1647561600,15.27,14.12,15.01,54.304255887284945,18/03/2022
1647648000,15.4,14.83,15.01,54.304255887284945,19/03/2022
1647734400,15.13,14.42,14.54,50.912141134816636,20/03/2022
1647820800,15.28,14.3,15,53.94438359569709,21/03/2022
1647907200,15.86,14.98,15.43,56.640679841966765,22/03/2022
1647993600,15.98,15.13,15.83,59.04278306,23/03/2022
1648080000,16.44,15.6,16.17,61.01956815134259,24/03/2022
1648166400,16.46,15.47,15.59,56.04979246709767,25/03/2022
1648252800,15.96,15.49,15.83,57.58905787226251,26/03/2022
1648339200,16.91,15.63,16.87,63.54695701739194,27/03/2022
1648425600,17.37,16.34,16.5,60.30135428,28/03/2022
1648512000,17.52,16.47,16.98,62.94538845057846,29/03/2022
1648598400,17.58,16.53,17.22,64.22826841707231,30/03/2022
1648684800,18.05,16.64,16.91,61.27720954,31/03/2022
1648771200,17.37,16.16,17.34,63.76423665596793,01/04/2022
1648857600,17.87,17.1,17.4,64.11061234330543,02/04/2022
1648944000,18.32,17.15,18.08,67.86029270991739,03/04/2022
1649030400,18.08,16.82,17.5,61.91806437460742,04/04/2022
1649116800,17.66,16.66,16.74,55.108456045692336,05/04/2022
1649203200,16.79,15.27,15.41,45.647329182375564,06/04/2022
1649289600,15.88,15.1,15.75,48.1003488,07/04/2022
1649376000,15.91,15.01,15.13,44.18432094539289,08/04/2022
1649462400,15.47,15.12,15.43,46.45587773366812,09/04/2022
1649548800,15.93,15.17,15.24,45.201193846200105,10/04/2022
1649635200,15.28,13.51,13.76,36.85195349904607,11/04/2022
1649721600,14.33,13.63,13.98,38.66557641490299,12/04/2022
1649808000,14.22,13.68,14.19,40.42445710279116,13/04/2022
1649894400,14.33,13.33,13.65,37.45041015970204,14/04/2022
1649980800,14.19,13.63,14.11,41.405098017872575,15/04/2022
1650067200,14.28,13.83,14.14,41.66414077249899,16/04/2022
1650153600,14.62,13.65,13.73,39.11880829477982,17/04/2022
1650240000,14.06,13.14,14.06,42.180565144071146,18/04/2022
1650326400,14.42,13.83,14.24,43.839620346923084,19/04/2022
1650412800,14.5,13.7,14.02,42.24415108808092,20/04/2022
1650499200,14.37,13.34,13.57,39.10890370112917,21/04/2022
1650585600,13.88,13.47,13.58,39.21686311207361,22/04/2022
1650672000,13.68,13.18,13.31,37.29422836730179,23/04/2022
1650758400,13.63,13.21,13.26,36.93312551439507,24/04/2022
1650844800,13.51,12.53,13.44,39.21490452599356,25/04/2022
1650931200,13.51,12.14,12.37,31.840208396597603,26/04/2022
1651017600,12.8,12.3,12.74,36.30115625488982,27/04/2022
1651104000,12.99,12.4,12.66,35.75624751420166,28/04/2022
1651190400,12.73,11.83,11.97,31.380900483654983,29/04/2022
1651276800,12.25,10.65,10.95,26.264490726994907,30/04/2022
1651363200,11.5,10.81,11.31,30.567289617178048,01/05/2022
1651449600,11.45,10.77,11.17,29.83807497089434,02/05/2022
1651536000,11.5,10.8,11.12,29.566787805614098,03/05/2022
1651622400,12.23,11.08,12.2,41.86248936020912,04/05/2022
1651708800,12.29,10.63,10.91,34.18582545578364,05/05/2022
1651795200,11.03,10.4,10.79,33.56913971374054,06/05/2022
1651881600,10.84,10,10.21,30.687675315406167,07/05/2022
1651968000,10.38,9.84,10,29.693837852176145,08/05/2022
1652054400,10.16,8.01,8.1,22.571397612883672,09/05/2022
1652140800,9.33,7.89,8.59,27.40735290320822,10/05/2022
1652227200,8.85,6.54,6.95,22.371165154055973,11/05/2022
1652313600,7.43,5.53,6.56,21.36572130448026,12/05/2022
1652400000,7.8,6.48,7.15,26.73064643639883,13/05/2022
1652486400,7.44,6.64,7.26,27.720772780416652,14/05/2022
1652572800,7.99,7.01,7.96,33.847190272364074,15/05/2022
1652659200,7.97,7.16,7.42,31.620584239197086,16/05/2022
1652745600,7.98,7.3,7.72,34.20994857957649,17/05/2022
1652832000,7.81,6.78,6.81,30.444000576019604,18/05/2022
1652918400,7.26,6.64,7.22,33.97083330342264,19/05/2022
1653004800,7.37,6.75,6.87,32.457834184045396,20/05/2022
1653091200,7.12,6.77,7.06,34.17184823077153,21/05/2022
1653177600,7.41,6.92,7.33,36.63277630362982,22/05/2022
1653264000,7.68,6.98,7.02,35.01426803,23/05/2022
1653350400,7.81,6.72,7.23,37.04348304383151,24/05/2022
1653436800,7.4,6.94,6.96,35.50826977477358,25/05/2022
1653523200,7.09,6.22,6.57,33.357769835610526,26/05/2022
1653609600,6.71,6.2,6.29,31.865626666160495,27/05/2022
1653696000,6.66,6.21,6.58,35.10349685647368,28/05/2022
1653782400,6.75,6.34,6.71,36.55893473068263,29/05/2022
1653868800,7.52,6.65,7.46,44.31769252524672,30/05/2022
1653955200,7.73,7.18,7.59,45.56049656238984,31/05/2022
1654041600,7.77,6.75,6.93,40.60537591397356,01/06/2022
1654128000,7.25,6.81,7.19,43.22498874661523,02/06/2022
1654214400,7.22,6.69,6.85,40.6971782,03/06/2022
1654300800,7.44,6.68,7.4,46.18020223865123,04/06/2022
1654387200,7.89,7.25,7.64,48.421238760349794,05/06/2022
1654473600,8.2,7.62,7.97,51.416814089129595,06/06/2022
1654560000,9,7.31,8.71,57.392621771716634,07/06/2022
1654646400,9,8.23,8.7,57.29007005417605,08/06/2022
1654732800,9.64,8.49,9.27,61.511656028235834,09/06/2022
1654819200,9.54,8,8.04,50.02166129705704,10/06/2022
1654905600,8.42,6.94,7.04,42.99067507413034,11/06/2022
1654992000,7.14,6.25,6.27,38.50293791171079,12/06/2022
1655078400,6.35,5.3,5.93,36.682064342437684,13/06/2022
1655164800,6.88,5.39,6.74,43.53330295340898,14/06/2022
1655251200,7.38,5.83,7.33,47.95109828527299,15/06/2022
1655337600,7.51,6.2,6.36,42.116984655247805,16/06/2022
1655424000,6.74,6.26,6.36,42.116984655247805,17/06/2022
1655510400,6.47,5.41,5.92,39.583376376147086,18/06/2022
1655596800,6.82,5.83,6.6,45.08181399524561,19/06/2022
1655683200,7.29,6.31,6.98,47.933493144805084,20/06/2022
1655769600,7.57,6.75,6.86,47.10172248148753,21/06/2022
1655856000,7.03,6.44,6.63,45.472991641351605,22/06/2022
1655942400,7.09,6.61,6.99,48.47616275747872,23/06/2022
1656028800,7.44,6.95,7.26,50.67058559523336,24/06/2022
1656115200,7.38,6.79,7.26,50.67058559523336,25/06/2022
1656201600,7.49,6.68,6.7,45.96186042,26/06/2022
1656288000,6.99,6.41,6.55,44.76196208226643,27/06/2022
1656374400,7.26,6.27,6.32,42.91206517045591,28/06/2022
1656460800,6.49,6.13,6.23,42.17751949869374,29/06/2022
1656547200,6.32,5.88,6.27,42.647407770690215,30/06/2022
1656633600,6.43,5.93,6.08,40.945325650055224,01/07/2022
1656720000,6.29,5.98,6.22,42.75816992,02/07/2022
1656806400,6.25,6.01,6.22,42.75816992,03/07/2022
1656892800,6.46,6.02,6.43,45.66009199128199,04/07/2022
1656979200,6.56,6.06,6.31,44.27870987841202,05/07/2022
1657065600,6.42,6.17,6.34,44.72890399453987,06/07/2022
1657152000,6.76,6.31,6.64,49.153038670859495,07/07/2022
1657238400,6.84,6.33,6.36,45.49291712127271,08/07/2022
1657324800,6.59,6.34,6.48,47.30396920040021,09/07/2022
1657411200,6.49,6.1,6.2,43.65884980707825,10/07/2022
1657497600,6.43,5.98,6.04,41.68227948,11/07/2022
1657584000,6.24,5.92,5.94,40.44968608622209,12/07/2022
1657670400,6.19,5.7,6.175,44.59599878139024,13/07/2022
1657756800,6.387,5.993,6.275,46.309147696174485,14/07/2022
1657843200,6.457,6.121,6.325,47.18844875742143,15/07/2022
1657929600,6.618,6.142,6.595,51.78080623498337,16/07/2022
1658016000,6.715,6.32,6.347,47.679596894853304,17/07/2022
1658102400,7.149,6.329,7.037,57.71456554212659,18/07/2022
1658188800,7.37,6.734,7.254,60.293843323298695,19/07/2022
1658275200,7.581,6.83,6.867,53.97111365170263,20/07/2022
1658361600,7.055,6.645,6.994,55.615998642761866,21/07/2022
1658448000,7.285,6.744,6.782,52.25876885453137,22/07/2022
1658534400,7.03,6.608,6.844,53.149478729729836,23/07/2022
1658620800,7.247,6.841,7.094,56.66069513325892,24/07/2022
1658707200,7.145,6.411,6.431,46.67107115595098,25/07/2022
1658793600,6.448,6.077,6.341,45.49839792381345,26/07/2022
1658880000,6.869,6.187,6.86,52.854958236900565,27/07/2022
1658966400,7.295,6.677,7.217,57.14043219459787,28/07/2022
1659052800,8.118,7.11,7.883,63.75886704124045,29/07/2022
1659139200,8.21,7.668,7.82,62.77140510358133,30/07/2022
1659225600,8.092,7.578,7.651,60.08319250312968,31/07/2022
1659312000,7.88,7.407,7.57,58.783793969474296,01/08/2022
1659398400,7.665,7.02,7.177,52.815589198181755,02/08/2022
1659484800,7.638,7.05,7.284,54.17960939,03/08/2022
1659571200,7.54,7.176,7.364,55.221876536813085,04/08/2022
1659657600,7.9,7.348,7.878,61.311130828875164,05/08/2022
1659744000,8.11,7.735,7.792,59.84475817327536,06/08/2022
1659830400,8.375,7.658,8.343,65.53264352466013,07/08/2022
1659916800,8.78,8.224,8.608,67.88849651765122,08/08/2022
1660003200,8.953,8.27,8.742,69.04081707278826,09/08/2022
1660089600,9.3,8.297,9.055,71.60407826289456,10/08/2022
1660176000,9.227,8.823,8.958,69.67870247288175,11/08/2022
1660262400,9.5,8.8,9.324,72.66535823411968,12/08/2022
1660348800,9.482,9.06,9.144,69.06243209829138,13/08/2022
1660435200,9.369,8.677,8.765,62.08253861219624,14/08/2022
1660521600,9.057,8.493,8.646,60.031021722404304,15/08/2022
1660608000,8.826,8.37,8.452,56.73925743571811,16/08/2022
1660694400,8.749,7.99,8.061,50.70450756414166,17/08/2022
1660780800,8.241,7.615,7.649,45.24390184117718,18/08/2022
1660867200,7.701,6.816,6.899,37.356871974468376,19/08/2022
1660953600,7.207,6.66,6.9,37.37254820333127,20/08/2022
1661040000,7.177,6.88,7.082,40.300699246982525,21/08/2022
1661126400,7.088,6.68,7.044,39.881426809490456,22/08/2022
1661212800,7.355,6.772,7.241,43.181623790787924,23/08/2022
1661299200,7.376,7.016,7.124,41.71692668629769,24/08/2022
1661385600,7.372,6.998,7.124,41.71692668629769,25/08/2022
1661472000,7.187,6.404,6.504,34.52071636815367,26/08/2022
1661558400,6.614,6.414,6.529,35.007557654897994,27/08/2022
1661644800,6.634,6.226,6.255,32.18327023463186,28/08/2022
1661731200,6.734,6.2,6.7,40.56922649991927,29/08/2022
1661817600,6.827,6.366,6.556,38.89321587,30/08/2022
1661904000,6.9,6.545,6.627,40.204890879383896,31/08/2022
1661990400,6.961,6.445,6.925,45.49334725678139,01/09/2022
1662076800,7.24,6.787,6.926,45.51076301590545,02/09/2022
1662163200,6.966,6.721,6.859,44.48518712166061,03/09/2022
1662249600,7.278,6.79,7.156,49.87724955465447,04/09/2022
1662336000,7.424,7.094,7.375,53.46634913,05/09/2022
1662422400,7.568,6.576,6.659,42.70072024867163,06/09/2022
1662508800,7.15,6.57,7.085,49.24843262860756,07/09/2022
1662595200,7.5,7.006,7.406,53.55525654464326,08/09/2022
1662681600,8.099,7.392,7.742,57.61022684514937,09/09/2022
1662768000,8.034,7.616,7.904,59.44853405,10/09/2022
1662854400,8.173,7.732,8.028,60.84812434,11/09/2022
1662940800,8.3,7.609,7.762,56.35477946357558,12/09/2022
1663027200,7.963,7.02,7.025,46.17957731,13/09/2022
1663113600,7.54,6.982,7.456,51.67474456848882,14/09/2022
1663200000,7.605,7.011,7.566,52.99387683563776,15/09/2022
1663286400,7.803,7.419,7.656,54.09790760142194,16/09/2022
1663372800,8.143,7.641,8.092,59.10849354126045,17/09/2022
1663459200,8.14,7.402,7.523,51.24653107729203,18/09/2022
1663545600,7.677,7.005,7.301,48.53413113929864,19/09/2022
1663632000,7.337,6.81,6.883,43.830104723936714,20/09/2022
1663718400,7.318,6.519,6.68,41.715522302153175,21/09/2022
1663804800,7.176,6.638,7.123,47.65096554966474,22/09/2022
1663891200,7.492,6.963,7.449,51.560278536202894,23/09/2022
1663977600,7.874,7.371,7.629,53.61978932735507,24/09/2022
1664064000,8.078,7.563,7.865,56.24642683536196,25/09/2022
1664150400,7.957,7.465,7.945,57.13267725286813,26/09/2022
1664236800,8.399,7.651,8.056,58.39200111138432,27/09/2022
1664323200,8.54,7.722,7.795,54.34899151317073,28/09/2022
1664409600,7.949,7.57,7.899,55.666227588456785,29/09/2022
1664496000,7.919,7.505,7.585,50.89159161493362,30/09/2022
1664582400,7.646,7.313,7.394,48.18425636226571,01/10/2022
1664668800,7.545,7.09,7.11,44.40186170957761,02/10/2022
1664755200,7.354,7.01,7.33,47.819004039461625,03/10/2022
1664841600,7.83,7.323,7.723,53.33641658561093,04/10/2022
1664928000,7.943,7.585,7.875,55.30484342503544,05/10/2022
1665014400,7.939,7.595,7.632,51.56025880410438,06/10/2022
1665100800,7.802,7.473,7.606,51.16111240213148,07/10/2022
1665187200,7.656,7.339,7.455,48.79839930208739,08/10/2022
1665273600,7.657,7.417,7.63,51.58877613287422,09/10/2022
1665360000,7.733,7.321,7.335,46.944357400185496,10/10/2022
1665446400,7.384,7.068,7.135,44.04898323892154,11/10/2022
1665532800,7.278,7.087,7.145,44.234184543137005,12/10/2022
1665619200,7.157,6.306,7.027,42.44865641252536,13/10/2022
1665705600,7.25,6.796,6.887,40.36674104135632,14/10/2022
1665792000,6.991,6.818,6.886,40.35151750170295,15/10/2022
1665878400,7.237,6.876,7.173,46.57846105799951,16/10/2022
1665964800,7.374,7.067,7.328,49.63638653099496,17/10/2022
1666051200,7.372,6.963,7.127,45.962206643766805,18/10/2022
1666137600,7.135,6.698,6.772,40.28974285487987,19/10/2022
1666224000,6.912,6.601,6.657,38.626666232460686,20/10/2022
1666310400,6.847,6.444,6.809,42.03256901830784,21/10/2022
1666396800,6.931,6.725,6.868,43.34679522316159,22/10/2022
1666483200,7.092,6.799,7.066,47.63727784102417,23/10/2022
1666569600,7.086,6.791,6.906,44.69184309453878,24/10/2022
1666656000,7.28,6.814,7.063,48.08394218077662,25/10/2022
1666742400,7.29,7.027,7.157,50.058867224684136,26/10/2022
1666828800,7.365,6.858,6.892,44.87604632863676,27/10/2022
1666915200,7.2,6.83,7.109,49.48793533940357,28/10/2022
1667001600,7.661,7.076,7.636,58.556361645007726,29/10/2022
1667088000,7.932,7.48,7.782,60.663345246951884,30/10/2022
1667174400,8.333,7.664,7.857,61.739433203201365,31/10/2022
1667260800,7.923,7.63,7.684,57.81090701179525,01/11/2022
1667347200,8,7.338,7.437,52.65892284665253,02/11/2022
1667433600,8.02,7.388,7.72,57.348884542698244,03/11/2022
1667520000,8.898,7.66,8.715,68.98336839020546,04/11/2022
1667606400,9.008,8.562,8.663,67.94030864,05/11/2022
1667692800,8.772,8.094,8.101,57.77297291919355,06/11/2022
1667779200,9.261,7.895,8.956,66.08775193451045,07/11/2022
1667865600,9.47,6.578,7.708,50.467029887221614,08/11/2022
1667952000,7.9,5.775,6.231,38.783424654520694,09/11/2022
1668038400,7.51,6.087,7.21,47.46510646705323,10/11/2022
1668124800,7.339,6.513,7.044,46.266943951940846,11/11/2022
1668211200,7.074,6.158,6.281,41.12793570861352,12/11/2022
1668297600,6.545,5.94,6.078,39.85942054146708,13/11/2022
1668384000,6.438,5.69,6.291,41.884846584337396,14/11/2022
1668470400,6.672,6.207,6.421,43.143418277561565,15/11/2022
1668556800,6.564,6.077,6.179,41.34826094817702,16/11/2022
1668643200,6.342,6.029,6.225,41.84361137795072,17/11/2022
1668729600,6.44,6.069,6.183,41.49898755645058,18/11/2022
1668816000,6.22,5.99,6.146,41.177243508317275,19/11/2022
1668902400,6.252,5.709,5.768,37.94089453249015,20/11/2022
1668988800,5.896,5.528,5.876,39.406248535633004,21/11/2022
1669075200,6.485,5.837,6.422,46.30857568,22/11/2022
1669161600,6.809,6.343,6.707,49.53970530697288,23/11/2022
1669248000,6.978,6.586,6.831,50.92353993523769,24/11/2022
1669334400,6.993,6.661,6.848,51.12144853129922,25/11/2022
1669420800,7.299,6.824,7.156,54.68680222046064,26/11/2022
1669507200,7.278,6.858,6.902,51.35964021221106,27/11/2022
1669593600,7.347,6.53,7.194,54.76672739994553,28/11/2022
1669680000,7.513,7.123,7.318,56.170749769215675,29/11/2022
1669766400,7.75,7.272,7.672,59.988978304106936,30/11/2022
1669852800,7.812,7.441,7.681,60.08418485040999,01/12/2022
1669939200,7.726,7.479,7.61,58.89361224621528,02/12/2022
1670025600,7.633,7.207,7.235,52.928200284629256,03/12/2022
1670112000,7.47,7.185,7.444,55.62594626885785,04/12/2022
1670198400,7.594,7.16,7.275,52.98176180455122,05/12/2022
1670284800,7.336,6.957,7.132,50.78208496917383,06/12/2022
1670371200,7.158,6.77,6.881,47.08675191796072,07/12/2022
1670457600,7.069,6.775,7,48.982245513408884,08/12/2022
1670544000,7.054,6.796,6.863,46.899278692142325,09/12/2022
1670630400,6.921,6.694,6.858,46.82102250646514,10/12/2022
1670716800,6.96,6.646,6.7,44.30520558060814,11/12/2022
1670803200,6.728,6.457,6.701,44.32559577262189,12/12/2022
1670889600,7.101,6.466,6.926,48.86205664677454,13/12/2022
1670976000,6.965,6.687,6.718,45.19578199193161,14/12/2022
1671062400,6.732,6.386,6.456,41.020578263364655,15/12/2022
1671148800,6.543,5.778,5.893,33.795666201461444,16/12/2022
1671235200,6.067,5.789,6.03,36.71657256824054,17/12/2022
1671321600,6.064,5.914,5.949,35.71331933543347,18/12/2022
1671408000,6.066,5.671,5.79,33.76308267881542,19/12/2022
1671494400,6.12,5.752,6.013,38.81004061480803,20/12/2022
1671580800,6.044,5.885,5.989,38.47030097725913,21/12/2022
1671667200,6.04,5.856,6.005,38.854591256274766,22/12/2022
1671753600,6.053,5.924,5.941,37.83662890032055,23/12/2022
1671840000,5.962,5.88,5.916,37.424164749521665,24/12/2022
1671926400,5.996,5.887,5.99,39.52562675780864,25/12/2022
1672012800,6.048,5.94,6.048,41.192596995207985,26/12/2022
1672099200,6.068,5.846,5.903,38.34676111961386,27/12/2022
1672185600,5.913,5.625,5.675,34.33049674812359,28/12/2022
1672272000,5.731,5.5,5.601,33.118111281194984,29/12/2022
1672358400,5.642,5.413,5.475,31.10392628315509,30/12/2022
1672444800,5.627,5.387,5.575,34.50827741,31/12/2022
1672531200,5.64,5.505,5.628,36.30469721842175,01/01/2023
1672617600,5.76,5.548,5.691,38.465376615494094,02/01/2023
1672704000,5.724,5.567,5.621,36.96494846590014,03/01/2023
1672790400,5.895,5.61,5.809,43.355620505479344,04/01/2023
1672876800,5.818,5.606,5.66,39.90274958189674,05/01/2023
1672963200,5.73,5.523,5.712,41.649306401500795,06/01/2023
1673049600,5.846,5.691,5.83,45.51866686,07/01/2023
1673136000,5.977,5.755,5.963,49.57724623647304,08/01/2023
1673222400,6.255,5.931,6.065,52.49975220858095,09/01/2023
1673308800,6.3,5.968,6.166,55.264688915018304,10/01/2023
1673395200,6.305,6.01,6.284,58.317424448349925,11/01/2023
1673481600,6.412,6.05,6.387,60.83007101931349,12/01/2023
1673568000,6.618,6.26,6.605,65.56181334881654,13/01/2023
1673654400,7.107,6.45,6.856,70.04816802650396,14/01/2023
1673740800,6.926,6.6,6.694,64.23207606562889,15/01/2023
1673827200,6.948,6.413,6.669,63.357808617813966,16/01/2023
1673913600,6.995,6.543,6.804,66.04543538844396,17/01/2023
1674000000,6.985,6.256,6.334,51.80024890389291,18/01/2023
1674086400,6.545,6.314,6.506,55.57643999113945,19/01/2023
1674172800,6.971,6.414,6.941,63.38859803,20/01/2023
1674259200,7.11,6.802,6.853,61.049658474717226,21/01/2023
1674345600,7.271,6.777,6.984,63.22503022077977,22/01/2023
1674432000,7.234,6.848,7.015,63.74110409125989,23/01/2023
1674518400,7.2,6.525,6.661,54.35979199929408,24/01/2023
1674604800,7.099,6.51,6.954,59.65284196086971,25/01/2023
1674691200,7.316,6.824,7.169,63.040074326545124,26/01/2023
1674777600,7.496,6.922,7.384,66.10456262,27/01/2023
1674864000,7.509,7.12,7.211,61.67340565,28/01/2023
1674950400,7.518,7.144,7.372,64.08615422647244,29/01/2023
1675036800,7.439,6.748,6.914,53.72491180198115,30/01/2023
1675123200,7.074,6.855,6.952,54.383886451097375,31/01/2023
1675209600,7.277,6.67,7.214,58.745935763500476,01/02/2023
1675296000,7.484,7.035,7.099,56.20536500676012,02/02/2023
1675382400,7.338,7.012,7.294,59.41078934,03/02/2023
1675468800,7.364,7.126,7.237,58.07277090979546,04/02/2023
1675555200,7.252,6.861,6.985,52.44880431888251,05/02/2023
1675641600,7.063,6.765,6.832,49.32548003838133,06/02/2023
1675728000,7.214,6.814,7.197,56.049532610679954,07/02/2023
1675814400,7.3,6.952,7.136,54.74220216562963,08/02/2023
1675900800,7.817,6.818,6.984,51.51766080892846,09/02/2023
1675987200,7.12,6.777,6.89,49.57293116,10/02/2023
1676073600,7.036,6.853,7.003,51.92245912726743,11/02/2023
1676160000,7.09,6.685,6.808,47.78486305618417,12/02/2023
1676246400,6.847,6.4,6.669,45.03024123497029,13/02/2023
1676332800,6.832,6.527,6.808,48.24332946941815,14/02/2023
1676419200,7.31,6.726,7.281,57.37403035676206,15/02/2023
1676505600,7.495,6.997,7.011,51.76064600074267,16/02/2023
1676592000,7.711,6.972,7.65,61.38882607980599,17/02/2023
1676678400,8.256,7.495,7.989,65.34105084768555,18/02/2023
1676764800,8.289,7.82,8.014,65.62053215967158,19/02/2023
1676851200,8.4,7.721,8.017,65.65632120596737,20/02/2023
1676937600,8.077,7.505,7.64,57.54873564,21/02/2023
1677024000,7.752,7.294,7.717,58.67127369989817,22/02/2023
1677110400,8.21,7.67,7.935,61.75473545806632,23/02/2023
1677196800,8.149,7.22,7.466,52.6532414,24/02/2023
1677283200,7.491,7.168,7.373,51.04665350516737,25/02/2023
1677369600,7.548,7.293,7.497,53.101420069866194,26/02/2023
1677456000,7.508,7.121,7.274,49.10923101788631,27/02/2023
1677542400,7.422,7.096,7.195,47.73994617580787,28/02/2023
1677628800,7.547,7.146,7.536,53.736248050976876,01/03/2023
1677715200,7.585,7.163,7.275,49.09317450008941,02/03/2023
1677801600,7.276,6.655,6.958,44.10822005178341,03/03/2023
1677888000,7.011,6.708,6.857,42.62319799276968,04/03/2023
1677974400,7.017,6.807,6.945,44.38026479,05/03/2023
1678060800,6.981,6.819,6.854,42.916668372915076,06/03/2023
1678147200,6.974,6.667,6.881,43.51191285,07/03/2023
1678233600,6.948,6.494,6.577,38.62785145557203,08/03/2023
1678320000,6.69,6.007,6.16,33.13381500894785,09/03/2023
1678406400,6.264,5.89,6.215,34.457920294505044,10/03/2023
1678492800,6.392,5.92,6.162,33.76406553496474,11/03/2023
1678579200,6.574,6.07,6.551,42.85875046,12/03/2023
1678665600,6.885,6.395,6.761,47.08294609853651,13/03/2023
1678752000,7.2,6.608,6.96,50.795061344275084,14/03/2023
1678838400,7.11,6.379,6.546,43.896100459016274,15/03/2023
1678924800,6.678,6.443,6.656,45.99491411828511,16/03/2023
1679011200,7.258,6.597,7.207,55.06322380931013,17/03/2023
1679097600,7.299,6.85,6.922,50.353461817836056,18/03/2023
1679184000,7.281,6.916,7.081,52.78006976033646,19/03/2023
1679270400,7.48,6.91,7.05,52.243908346541325,20/03/2023
1679356800,7.47,6.838,7.375,57.157578056321825,21/03/2023
1679443200,7.723,7.001,7.173,53.47477225,22/03/2023
1679529600,7.637,7.086,7.61,59.54727273660684,23/03/2023
1679616000,7.659,7.111,7.191,52.475146855226626,24/03/2023
1679702400,7.254,6.97,7.075,50.680585225908835,25/03/2023
1679788800,7.29,7.049,7.261,53.430659604620125,26/03/2023
1679875200,7.274,6.747,6.87,47.441897364119875,27/03/2023
1679961600,7.046,6.75,6.947,48.66224087188683,28/03/2023
1680048000,7.499,6.927,7.382,55.01667889,29/03/2023
1680134400,7.558,7.132,7.233,52.61438343,30/03/2023
1680220800,7.69,7.225,7.588,57.38842705718654,31/03/2023
1680307200,7.636,7.427,7.548,56.69531517668112,01/04/2023
1680393600,7.546,7.191,7.255,51.76362260289821,02/04/2023
1680480000,7.441,7.022,7.245,51.59865287858187,03/04/2023
1680566400,7.477,7.202,7.37,53.58973130003902,04/04/2023
1680652800,7.606,7.217,7.321,52.67497376652196,05/04/2023
1680739200,7.333,7.113,7.201,50.40576488808549,06/04/2023
1680825600,7.308,7.106,7.267,51.639739295127555,07/04/2023
1680912000,7.297,7.076,7.13,48.91884027972534,08/04/2023
1680998400,7.255,7.05,7.203,50.41797150246635,09/04/2023
1681084800,7.367,7.131,7.343,53.25155447410557,10/04/2023
1681171200,7.453,7.28,7.301,52.28616104682231,11/04/2023
1681257600,7.372,7.1,7.23,50.61564532319702,12/04/2023
1681344000,7.546,7.167,7.458,55.529242201948826,13/04/2023
1681430400,7.899,7.457,7.743,60.78203095964941,14/04/2023
1681516800,8.089,7.613,8.005,64.88796967986383,15/04/2023
1681603200,8.19,7.902,8.14,66.81582966237897,16/04/2023
1681689600,8.299,7.861,8.16,67.10399623354353,17/04/2023
1681776000,8.798,8.03,8.578,72.48240782619263,18/04/2023
1681862400,8.6,7.63,7.752,53.77288605553594,19/04/2023
1681948800,7.967,7.453,7.512,49.754271745369856,20/04/2023
1682035200,7.609,7.006,7.113,43.88272043,21/04/2023
1682121600,7.242,7.08,7.175,44.969470450393004,22/04/2023
1682208000,7.174,6.866,7.082,43.605362042647215,23/04/2023
1682294400,7.269,6.996,7.068,43.391973897013486,24/04/2023
1682380800,7.3,6.948,7.274,47.465746874768165,25/04/2023
1682467200,7.503,6.703,7.004,43.08886255326129,26/04/2023
1682553600,7.232,6.982,7.17,46.36357791230936,27/04/2023
1682640000,7.187,6.949,7.04,44.217759478855925,28/04/2023
1682726400,7.22,6.992,7.185,47.155575111177285,29/04/2023
1682812800,7.305,7.014,7.025,44.37819764682412,30/04/2023
1682899200,7.082,6.797,6.898,42.251002650964686,01/05/2023
1682985600,7.013,6.8,6.987,44.26713922330366,02/05/2023
1683072000,7.151,6.819,7.129,47.421194059063765,03/05/2023
1683158400,7.162,6.959,6.998,44.89688927839461,04/05/2023
1683244800,7.28,6.888,7.226,49.89597050748934,05/05/2023
1683331200,7.279,6.866,6.92,44.11181138910712,06/05/2023
1683417600,6.989,6.858,6.911,43.95043362727295,07/05/2023
1683504000,6.913,6.394,6.582,38.41749434935083,08/05/2023
1683590400,6.633,6.452,6.522,37.490548071457525,09/05/2023
1683676800,6.696,6.3,6.588,39.22758633,10/05/2023
1683763200,6.592,6.212,6.36,35.55217874,11/05/2023
1683849600,6.64,6.224,6.623,42.27128342692226,12/05/2023
1683936000,6.636,6.475,6.491,40.016301919136644,13/05/2023
1684022400,6.61,6.41,6.547,41.44345889708506,14/05/2023
1684108800,6.711,6.453,6.635,43.709927186429375,15/05/2023
1684195200,6.728,6.552,6.659,44.34264498057191,16/05/2023
1684281600,6.812,6.552,6.758,46.98960809388604,17/05/2023
1684368000,6.767,6.428,6.531,42.0512805,18/05/2023
1684454400,6.555,6.458,6.51,41.615556082111766,19/05/2023
1684540800,6.543,6.471,6.503,41.46133654394136,20/05/2023
1684627200,6.545,6.356,6.43,39.804698837977625,21/05/2023
1684713600,6.608,6.334,6.533,43.25016429771398,22/05/2023
1684800000,6.635,6.474,6.504,42.512351985264715,23/05/2023
1684886400,6.509,6.206,6.32,38.07427997739359,24/05/2023
1684972800,6.345,6.164,6.278,37.12165344275867,25/05/2023
1685059200,6.458,6.235,6.344,39.675890623149606,26/05/2023
1685145600,6.441,6.327,6.438,43.21399029368806,27/05/2023
1685232000,6.659,6.419,6.631,49.73292854,28/05/2023
1685318400,6.678,6.527,6.637,49.92538467961305,29/05/2023
1685404800,6.672,6.536,6.613,49.115338104832844,30/05/2023
1685491200,6.636,6.396,6.478,44.719951280131006,31/05/2023
1685577600,6.513,6.317,6.344,40.815493515507974,01/06/2023
1685664000,6.481,6.306,6.45,44.91277721471885,02/06/2023
1685750400,6.459,6.361,6.421,44.01500618182236,03/06/2023
1685836800,6.532,6.393,6.452,45.274323556858974,04/06/2023
1685923200,6.492,5.961,6.054,34.534016180041974,05/06/2023
1686009600,6.312,6.003,6.261,42.21242399761454,06/06/2023
1686096000,6.269,5.829,5.917,34.888963772236124,07/06/2023
1686182400,6.036,5.883,5.995,37.53522117,08/06/2023
1686268800,6.081,5.92,5.993,37.49314372276319,09/06/2023
1686355200,6.007,4.761,5.233,25.702191729630016,10/06/2023
1686441600,5.254,5.089,5.175,25.054625758180563,11/06/2023
1686528000,5.198,5.003,5.16,24.880038375227727,12/06/2023
1686614400,5.412,5.11,5.3,29.797055522081152,13/06/2023
1686700800,5.507,5.142,5.25,29.065329880993275,14/06/2023
1686787200,5.419,5.163,5.312,31.317631532488207,15/06/2023
1686873600,5.398,5.128,5.324,31.769199067393515,16/06/2023
1686960000,5.396,5.221,5.279,30.947488615775598,17/06/2023
1687046400,5.302,5.04,5.156,28.757972762565288,18/06/2023
1687132800,5.194,4.993,5.133,28.354007024196378,19/06/2023
1687219200,5.281,5,5.267,34.15706724297479,20/06/2023
1687305600,5.588,5.242,5.556,44.58241388,21/06/2023
1687392000,5.823,5.507,5.558,44.64773198401722,22/06/2023
1687478400,6.154,5.551,6.07,58.22298761443953,23/06/2023
1687564800,6.196,5.912,6.133,59.53795709713486,24/06/2023
1687651200,6.378,6.059,6.157,60.05379024739477,25/06/2023
1687737600,6.259,6.005,6.057,56.80429392208333,26/06/2023
1687824000,6.255,6.046,6.198,60.08394077281328,27/06/2023
1687910400,6.205,5.703,5.815,49.16445723042111,28/06/2023
1687996800,6.183,5.787,5.891,51.06493738437576,29/06/2023
1688083200,6.452,5.721,6.313,60.00574966479228,30/06/2023
1688169600,6.524,6.122,6.503,63.26048776473249,01/07/2023
1688256000,6.565,6.333,6.54,63.87699079473733,02/07/2023
1688342400,6.692,6.468,6.628,65.36558169103866,03/07/2023
1688428800,6.63,6.392,6.521,62.018995946468394,04/07/2023
1688515200,6.571,6.214,6.299,55.65261946895212,05/07/2023
1688601600,6.507,6.08,6.08,50.18024069059642,06/07/2023
1688688000,6.223,6.012,6.156,51.946167620188966,07/07/2023
1688774400,6.222,6.094,6.196,52.89260369903571,08/07/2023
1688860800,6.24,6.123,6.15,51.63317209008455,09/07/2023
1688947200,6.303,6.02,6.167,52.08722528734895,10/07/2023
1689033600,6.238,6.121,6.206,53.173283753228404,11/07/2023
1689120000,6.35,6.196,6.252,54.48380991011786,12/07/2023
1689206400,7.198,6.211,7.124,71.03353598,13/07/2023
1689292800,7.343,6.687,6.958,66.10587045315177,14/07/2023
1689379200,7.02,6.832,6.918,64.93689367340879,15/07/2023
1689465600,6.921,6.567,6.607,56.56206058830595,16/07/2023
1689552000,7.265,6.45,7.186,65.48642760474179,17/07/2023
1689638400,7.3,6.757,6.911,59.25909534822829,18/07/2023
1689724800,7.048,6.773,6.915,59.319691766421556,19/07/2023
1689811200,8.464,6.884,8.361,74.23733153382643,20/07/2023
1689897600,8.449,8.042,8.133,69.88566866027467,21/07/2023
1689984000,8.383,7.76,7.881,65.32760875288037,22/07/2023
1690070400,8.099,7.817,7.89,65.41436770062245,23/07/2023
1690156800,7.89,7.435,7.586,59.956966400907895,24/07/2023
1690243200,7.643,7.34,7.392,56.70570189907474,25/07/2023
1690329600,7.835,7.275,7.742,60.83229608705666,26/07/2023
1690416000,8.145,7.68,7.989,63.47793162977677,27/07/2023
1690502400,8.092,7.763,7.77,59.63190379465943,28/07/2023
1690588800,7.897,7.724,7.842,60.47968372711133,29/07/2023
1690675200,7.863,7.343,7.555,55.478174123096615,30/07/2023
1690761600,7.716,7.433,7.547,55.34079215277764,31/07/2023
1690848000,7.648,7.139,7.641,56.69767195290245,01/08/2023
1690934400,7.715,7.334,7.351,51.499091634376555,02/08/2023
1691020800,7.409,7.07,7.125,47.81934214862157,03/08/2023
1691107200,7.265,7.007,7.143,48.13719305,04/08/2023
1691193600,7.246,7.103,7.231,49.74878582947936,05/08/2023
1691280000,7.275,7.076,7.102,47.42243675958587,06/08/2023
1691366400,7.397,6.94,7.324,51.61563495,07/08/2023
1691452800,7.534,7.29,7.461,54.05104902201834,08/08/2023
1691539200,7.919,7.378,7.678,57.684282634657585,09/08/2023
1691625600,7.735,7.559,7.619,56.37897799206292,10/08/2023
1691712000,7.642,7.405,7.492,53.568991392972556,11/08/2023
1691798400,7.539,7.385,7.442,52.460404720145085,12/08/2023
1691884800,7.56,7.313,7.369,50.80722821076114,13/08/2023
1691971200,7.636,7.307,7.412,51.77133057542689,14/08/2023
1692057600,7.434,6.8,7.043,43.832435677496676,15/08/2023
1692144000,7.072,6.6,6.762,38.93593347885755,16/08/2023
1692230400,6.871,5.6,6.189,31.265942403227143,17/08/2023
1692316800,6.287,6.065,6.176,31.11617960338974,18/08/2023
1692403200,6.264,6.114,6.181,31.25257515216478,19/08/2023
1692489600,6.236,6.118,6.22,32.37732158954222,20/08/2023
1692576000,6.256,6.002,6.174,31.718171608675988,21/08/2023
1692662400,6.255,5.865,6.112,30.807792166958677,22/08/2023
1692748800,6.435,6.103,6.352,38.20201976260221,23/08/2023
1692835200,6.368,5.984,6.084,33.851671911456194,24/08/2023
1692921600,6.085,5.913,6.014,32.80098698772767,25/08/2023
1693008000,6.043,5.955,6.006,32.67616242479835,26/08/2023
1693094400,6.045,5.953,6.03,33.49383789025258,27/08/2023
1693180800,6.051,5.85,5.981,32.622671429678974,28/08/2023
1693267200,6.318,5.842,6.194,39.936054117726535,29/08/2023
1693353600,6.198,5.881,5.925,34.798850601743155,30/08/2023
1693440000,6.064,5.73,5.879,33.99356747695015,31/08/2023
1693526400,6.034,5.817,5.941,36.13863246465834,01/09/2023
1693612800,5.999,5.89,5.972,37.23691272797245,02/09/2023
1693699200,6.064,5.948,6.027,39.23366277482612,03/09/2023
1693785600,6.164,5.944,6.012,38.870457364737845,04/09/2023
1693872000,6.154,5.906,6.137,43.55953551082493,05/09/2023
1693958400,6.35,6.094,6.302,49.10882541096645,06/09/2023
1694044800,6.47,6.195,6.387,51.74117314545235,07/09/2023
1694131200,6.404,6.144,6.28,48.35075269316496,08/09/2023
1694217600,6.293,6.157,6.165,44.94219744860387,09/09/2023
1694304000,6.165,5.949,6.015,40.892786055517284,10/09/2023
1694390400,6.035,5.737,5.829,36.50093182434037,11/09/2023
1694476800,6.077,5.808,5.957,41.182481373249246,12/09/2023
1694563200,6.094,5.927,6.02,43.39453620695772,13/09/2023
1694649600,6.213,6.006,6.151,47.79143412560459,14/09/2023
1694736000,6.381,6.099,6.367,54.11965774793588,15/09/2023
1694822400,6.421,6.184,6.281,51.44591082397076,16/09/2023
1694908800,6.282,6.051,6.146,47.48039590026197,17/09/2023
1694995200,6.84,6.099,6.567,58.28035958778212,18/09/2023
1695081600,6.969,6.515,6.846,63.61955321255631,19/09/2023
1695168000,7.045,6.741,6.905,64.64984198098875,20/09/2023
1695254400,6.946,6.605,6.664,57.488100934283736,21/09/2023
1695340800,6.972,6.593,6.958,62.88902945605972,22/09/2023
1695427200,7.232,6.917,7.189,66.49121394,23/09/2023
1695513600,7.25,6.95,6.972,60.54582491785908,24/09/2023
1695600000,7.509,6.908,7.494,67.96611772012177,25/09/2023
1695686400,7.576,7.248,7.356,64.51181342882262,26/09/2023
1695772800,7.901,7.271,7.645,68.16126324984455,27/09/2023
1695859200,8.07,7.572,7.807,70.02225483,28/09/2023
1695945600,8.082,7.674,7.946,71.55838259129439,29/09/2023
1696032000,8.276,7.939,8.191,74.07957749,30/09/2023
1696118400,8.26,7.778,8.054,70.32549269,01/10/2023
1696204800,8.103,7.352,7.47,57.05278835760947,02/10/2023
1696291200,7.744,7.366,7.409,55.86674202997419,03/10/2023
1696377600,7.78,7.2,7.674,59.77859676,04/10/2023
1696464000,7.793,7.451,7.465,55.59331772307689,05/10/2023
1696550400,7.764,7.432,7.639,58.216174333170436,06/10/2023
1696636800,7.68,7.47,7.524,55.86752110839063,07/10/2023
1696723200,7.948,7.5,7.673,58.21944135184213,08/10/2023
1696809600,7.696,7.134,7.276,50.49755291661688,09/10/2023
1696896000,7.392,7.174,7.259,50.19056543,10/10/2023
1696982400,7.43,7.1,7.391,52.600122697969375,11/10/2023
1697068800,7.416,7.115,7.197,48.85915406548289,12/10/2023
1697155200,7.403,7.107,7.256,50.023280156436364,13/10/2023
1697241600,7.373,7.205,7.331,51.533592864907384,14/10/2023
1697328000,7.568,7.285,7.423,53.39418212,15/10/2023
1697414400,7.832,7.411,7.525,55.43678179456339,16/10/2023
1697500800,7.559,7.262,7.32,50.63368809974766,17/10/2023
1697587200,7.483,7.28,7.356,51.42953338298783,18/10/2023
1697673600,7.435,7.215,7.304,50.17136319232057,19/10/2023
1697760000,7.71,7.261,7.57,56.08917777,20/10/2023
1697846400,9.171,7.52,8.914,73.32637627167644,21/10/2023
1697932800,10.288,8.839,10.19,80.96586567101525,22/10/2023
1698019200,11.058,9.789,10.577,82.59412353025431,23/10/2023
1698105600,11.15,9.661,10.372,78.75108972566765,24/10/2023
1698192000,11.788,10.337,11.058,81.80244655,25/10/2023
1698278400,11.392,10.348,10.928,79.47337979271363,26/10/2023
1698364800,11.434,10.605,11.185,80.64651808319742,27/10/2023
1698451200,11.666,10.819,10.923,75.88505039536281,28/10/2023
1698537600,11.297,10.75,11.081,76.77556462480598,29/10/2023
1698624000,11.854,10.89,11.22,77.56063303477751,30/10/2023
1698710400,12.026,10.92,11.353,78.31594163472428,31/10/2023
1698796800,11.786,10.647,11.638,79.87888678022091,01/11/2023
1698883200,11.749,10.806,11.007,68.16424576507308,02/11/2023
1698969600,11.596,10.5,11.46,71.40630393957619,03/11/2023
1699056000,11.626,11.147,11.496,71.65336040523857,04/11/2023
1699142400,12.559,11.356,12.231,76.17878522294725,05/11/2023
1699228800,13.255,12.118,12.984,79.74622097259078,06/11/2023
1699315200,13.34,12.528,13.04,79.98626895,07/11/2023
1699401600,14.98,12.81,14.919,85.98740998328599,08/11/2023
1699488000,15.99,13.589,14.603,81.55827620512422,09/11/2023
1699574400,15.644,14.122,15.493,84.05016040969406,10/11/2023
1699660800,16.6,14.708,16.477,86.26062295736466,11/11/2023
1699747200,16.543,15.371,16.025,80.72623549,12/11/2023
1699833600,16.3,14.304,14.358,64.33276096345912,13/11/2023
1699920000,14.91,13.361,13.945,61.02623438843054,14/11/2023
1700006400,15.389,13.93,15.027,65.96211142470891,15/11/2023
1700092800,15.22,13.55,13.866,57.54117596924819,16/11/2023
1700179200,14.269,12.853,13.702,56.44498192103489,17/11/2023
1700265600,13.81,12.921,13.75,56.704955355095535,18/11/2023
1700352000,15.054,13.369,14.908,62.517558236759115,19/11/2023
1700438400,15.393,14.365,14.477,59.32510621137164,20/11/2023
1700524800,14.663,13.3,13.359,51.918881021734336,21/11/2023
1700611200,14.621,13.24,14.212,56.392056222416436,22/11/2023
1700697600,14.887,14.122,14.398,57.32438633941692,23/11/2023
1700784000,14.843,14.208,14.482,57.76356615476615,24/11/2023
1700870400,14.975,14.376,14.762,59.268296232820724,25/11/2023
1700956800,15.333,14.364,14.766,59.29060895763559,26/11/2023
1701043200,15.3,13.88,14.186,54.61850470938152,27/11/2023
1701129600,14.712,13.765,14.521,56.738941132943765,28/11/2023
1701216000,14.993,14.376,14.511,56.65384384649552,29/11/2023
1701302400,14.832,14.268,14.412,55.76219424888121,30/11/2023
1701388800,15.048,14.271,14.988,59.73306193108399,01/12/2023
1701475200,16.199,14.919,15.992,65.53949459251945,02/12/2023
1701561600,16.29,15.666,15.705,62.75379887953634,03/12/2023
1701648000,16.396,15.11,15.813,63.38449785340965,04/12/2023
1701734400,16.088,15.178,15.729,62.498062822435315,05/12/2023
1701820800,16.164,15.232,15.268,57.726654657248474,06/12/2023
1701907200,15.802,14.658,15.691,60.69206226860957,07/12/2023
1701993600,17.324,15.55,16.925,67.79047940526434,08/12/2023
1702080000,17.299,16.023,16.196,60.80469145688809,09/12/2023
1702166400,16.454,15.791,16.367,61.79911943086768,10/12/2023
1702252800,16.462,13.78,14.768,49.22305286123707,11/12/2023
1702339200,15.138,14.17,14.523,47.62390063123257,12/12/2023
1702425600,14.959,13.857,14.77,49.408395358687024,13/12/2023
1702512000,15.586,14.21,15.37,53.54858334824615,14/12/2023
1702598400,15.394,14.257,14.281,46.16428796312775,15/12/2023
1702684800,14.801,14.086,14.32,46.44909407696136,16/12/2023
1702771200,14.372,13.91,14.013,44.45538549,17/12/2023
1702857600,14.681,13.633,14.674,49.48308190322994,18/12/2023
1702944000,14.808,13.923,14.1,45.621282633134385,19/12/2023
1703030400,14.805,13.975,14.253,46.81281054191647,20/12/2023
1703116800,15.311,14.179,15.305,54.237730941556755,21/12/2023
1703203200,15.729,14.969,15.479,55.348038992639744,22/12/2023
1703289600,15.9,14.894,15.682,56.66892953288702,23/12/2023
1703376000,15.95,15.11,15.262,53.164737462283924,24/12/2023
1703462400,15.802,15.12,15.585,55.446460966210445,25/12/2023
1703548800,15.9,14.3,15.092,51.33555625984865,26/12/2023
1703635200,16.75,14.646,16.709,61.435133495363004,27/12/2023
1703721600,17.672,15.975,16.005,55.987249101975785,28/12/2023
1703808000,16.224,15.116,15.54,52.66524501166341,29/12/2023
1703894400,15.623,15.017,15.167,50.09741138580819,30/12/2023
1703980800,15.528,14.77,14.941,48.55272377962949,31/12/2023
1704067200,15.58,14.81,15.548,52.765332960164784,01/01/2024
1704153600,16.063,15.017,15.166,49.99111268433677,02/01/2024
1704240000,15.578,12.2,14.148,43.436904591254084,03/01/2024
1704326400,14.777,13.975,14.526,46.25462085574378,04/01/2024
1704412800,14.655,13.705,14.091,43.56504149632891,05/01/2024
1704499200,14.098,13.18,13.436,39.811237110328825,06/01/2024
1704585600,13.741,13,13.151,38.26620625575932,07/01/2024
1704672000,14.402,12.527,14.139,46.078683078759106,08/01/2024
1704758400,14.25,13.242,13.716,43.53826607667412,09/01/2024
1704844800,15.363,13.563,15.072,52.56634851259695,10/01/2024
1704931200,15.695,14.597,15.022,52.23468683100637,11/01/2024
1705017600,15.304,13.59,14.151,46.70633001433274,12/01/2024
1705104000,14.43,13.788,14.345,48.02578112,13/01/2024
1705190400,15.434,14.267,14.755,50.79824003571734,14/01/2024
1705276800,16.018,14.75,15.185,53.594125596876786,15/01/2024
1705363200,15.365,14.739,15.271,54.15522943,16/01/2024
1705449600,16.395,15.267,15.761,57.321593057740756,17/01/2024
1705536000,15.773,14.189,14.658,49.10063862549285,18/01/2024
1705622400,16.415,14.461,16.118,57.74022905727606,19/01/2024
1705708800,16.61,15.624,15.781,55.40261498156784,20/01/2024
1705795200,15.912,15.365,15.396,52.77398352695381,21/01/2024
1705881600,15.974,14.507,14.598,47.72007476524614,22/01/2024
1705968000,14.886,13.561,14.3,45.95039445007716,23/01/2024
1706054400,14.442,13.911,14.243,45.602040089159644,24/01/2024
1706140800,14.261,13.506,13.744,42.560136839707965,25/01/2024
1706227200,14.3,13.637,14.187,46.00373680144653,26/01/2024
1706313600,14.4,14.091,14.345,47.21912202498212,27/01/2024
1706400000,14.7,14.201,14.48,48.290111523451706,28/01/2024
1706486400,15.081,14.265,15.004,52.33314470346252,29/01/2024
1706572800,15.805,14.895,15.475,55.68696295470585,30/01/2024
1706659200,16.06,15.083,15.429,55.277894375788755,31/01/2024
1706745600,17.382,15.147,17.19,65.67365663498785,01/02/2024
1706832000,18.88,17.132,17.828,68.52798932897454,02/02/2024
1706918400,18.148,17.502,17.658,66.93094514,03/02/2024
1707004800,18.711,17.532,18.153,69.18300626860997,04/02/2024
1707091200,19.794,17.806,19.164,73.19776975787805,05/02/2024
1707177600,19.333,18.21,18.287,65.25590260414936,06/02/2024
1707264000,19.077,18.021,18.817,67.54747815411045,07/02/2024
1707350400,19.271,17.969,18.212,62.481440989106495,08/02/2024
1707436800,18.625,17.973,18.47,63.73068590089706,09/02/2024
1707523200,19.17,17.986,19.084,66.58242457144891,10/02/2024
1707609600,20.676,18.829,20.146,70.85144507101231,11/02/2024
1707696000,20.856,19.751,20.465,72.00818368297976,12/02/2024
1707782400,20.592,19.45,19.87,66.69196674787375,13/02/2024
1707868800,20.43,19.702,20.24,68.26117686,14/02/2024
1707955200,20.524,19.65,19.932,65.49503675,15/02/2024
1708041600,20.31,19.116,19.551,62.14048874063227,16/02/2024
1708128000,20.273,19.218,20.032,64.60522026114155,17/02/2024
1708214400,20.373,19.752,20.119,65.04844095384786,18/02/2024
1708300800,20.245,19.647,19.832,62.27791510336843,19/02/2024
1708387200,19.883,18.378,19.281,57.237563440530536,20/02/2024
1708473600,19.287,18,18.594,51.627151406604064,21/02/2024
1708560000,19.014,18.078,18.121,48.12921818944129,22/02/2024
1708646400,18.286,17.56,17.935,46.786783918435226,23/02/2024
1708732800,18.564,17.756,18.533,51.47317988385112,24/02/2024
1708819200,18.859,18.37,18.722,52.88545648661635,25/02/2024
1708905600,19.264,18.128,19.083,55.546627165477105,26/02/2024
1708992000,19.362,18.662,19.023,54.990677410050914,27/02/2024
1709078400,20.87,18.006,19.43,58.057311488238376,28/02/2024
1709164800,20.455,18.801,19.274,56.46918221249711,29/02/2024
1709251200,20.1,19.266,20.051,62.03907483755385,01/03/2024
1709337600,21.69,19.956,21.398,69.35869459549559,02/03/2024
1709424000,21.536,19.38,20.507,60.98241537497757,03/03/2024
1709510400,20.895,19.82,20.416,60.18300010369606,04/03/2024
1709596800,21.055,16.553,18.973,49.17472279866764,05/03/2024
1709683200,20.152,18.389,20.085,55.87313328656808,06/03/2024
1709769600,20.4,19.591,20.091,55.906900387676274,07/03/2024
1709856000,20.391,19.14,19.699,53.05062116,08/03/2024
1709942400,20.33,19.659,19.972,54.78321278955255,09/03/2024
1710028800,21.96,19.379,21.68,63.78725810284561,10/03/2024
1710115200,22.868,20.661,21.277,60.715147223002354,11/03/2024
1710201600,21.341,19.516,20.704,56.54517856252964,12/03/2024
1710288000,20.96,20.201,20.751,56.80722290395846,13/03/2024
1710374400,21.949,19.87,20.88,57.56362312957978,14/03/2024
1710460800,20.998,18.452,19.63,48.669512902880065,15/03/2024
1710547200,19.829,17.806,18.115,40.50155662193619,16/03/2024
1710633600,18.832,17.383,18.666,44.17131486,17/03/2024
1710720000,19.494,18.043,18.301,42.309667527967505,18/03/2024
1710806400,18.462,16.5,16.805,35.67338563373433,19/03/2024
1710892800,18.5,16.244,18.412,45.552771677746165,20/03/2024
1710979200,18.919,17.874,18.458,45.80933253639197,21/03/2024
1711065600,18.584,17.325,18.367,45.35403136888443,22/03/2024
1711152000,18.47,17.89,18.063,43.78829127404229,23/03/2024
1711238400,18.628,17.97,18.518,46.75131520280766,24/03/2024
1711324800,19.497,18.372,19.375,51.89476837596917,25/03/2024
1711411200,20.737,19.331,20.007,55.32212541907533,26/03/2024
1711497600,20.186,19.002,19.289,50.886436063177975,27/03/2024
1711584000,19.808,19.043,19.148,50.03795688888543,28/03/2024
1711670400,19.294,18.71,18.967,48.91053690714498,29/03/2024
1711756800,19.291,18.783,18.933,48.6886158,30/03/2024
1711843200,19.35,18.872,19.171,50.38563343878169,31/03/2024
1711929600,19.275,17.856,18.358,44.92033497,01/04/2024
1712016000,18.486,17.366,17.952,42.444354227624785,02/04/2024
1712102400,18.337,17.38,17.687,40.86121160756697,03/04/2024
1712188800,18.26,17.395,17.791,41.77901947147669,04/04/2024
1712275200,17.791,16.862,17.325,38.86822637620381,05/04/2024
1712361600,17.676,17.262,17.559,41.08781676033199,06/04/2024
1712448000,17.973,17.501,17.913,44.37803176905287,07/04/2024
1712534400,18.677,17.545,18.101,46.099700571450335,08/04/2024
1712620800,18.181,17.241,17.362,40.75900195459863,09/04/2024
1712707200,17.579,16.801,17.417,41.304020468672455,10/04/2024
1712793600,17.62,17.006,17.555,42.7277715,11/04/2024
1712880000,17.869,13.368,15.156,29.38412972692626,12/04/2024
1712966400,15.398,11.788,13.288,23.286070400263654,13/04/2024
1713052800,14.256,12.717,14.098,30.06364969531886,14/04/2024
1713139200,14.668,13.222,13.58,28.339324043179147,15/04/2024
1713225600,13.814,12.816,13.46,27.93953314602669,16/04/2024
1713312000,13.608,12.718,13.133,26.828834086765227,17/04/2024
1713398400,13.984,12.815,13.887,33.40299367976212,18/04/2024
1713484800,14.119,12.742,13.946,33.90342510248456,19/04/2024
1713571200,15.037,13.746,14.959,41.96666385,20/04/2024
1713657600,15.178,14.527,15.105,43.04508858127139,21/04/2024
1713744000,16.039,15.012,15.445,45.581220517434865,22/04/2024
1713830400,15.572,15.098,15.178,43.92701530386435,23/04/2024
1713916800,15.638,14.361,14.536,40.15358596448052,24/04/2024
1714003200,14.902,14.352,14.593,40.64113090691015,25/04/2024
1714089600,14.934,14.348,14.49,40.006884080167225,26/04/2024
1714176000,14.525,13.87,14.267,38.60226791907017,27/04/2024
1714262400,14.443,13.729,13.809,35.820624928715944,28/04/2024
1714348800,14.186,13.714,14.074,38.578496824810934,29/04/2024
1714435200,14.207,12.768,13.129,33.113884548006624,30/04/2024
1714521600,13.506,12.35,13.347,35.38761608264106,01/05/2024
1714608000,13.776,12.926,13.59,37.920895630714405,02/05/2024
1714694400,14.2,13.459,14.093,42.91054094067839,03/05/2024
1714780800,14.48,13.973,14.316,45.02037157505936,04/05/2024
1714867200,14.662,14.11,14.371,45.55480514758064,05/05/2024
1714953600,15.165,14.277,14.484,46.70113688030284,06/05/2024
1715040000,14.725,13.963,13.997,42.54373878420308,07/05/2024
1715126400,14.121,13.689,13.9,41.74658417373782,08/05/2024
1715212800,14.369,13.842,14.237,45.56290354423219,09/05/2024
1715299200,14.37,13.5,13.564,39.936133376920175,10/05/2024
1715385600,13.812,13.28,13.306,37.99878883570898,11/05/2024
1715472000,13.595,13.284,13.559,41.020331130798624,12/05/2024
1715558400,13.678,13.076,13.393,39.654815461884795,13/05/2024
1715644800,13.6,12.933,12.98,36.40756486697524,14/05/2024
1715731200,13.938,12.84,13.865,46.51478099812095,15/05/2024
1715817600,15.866,13.537,15.516,59.459749789681226,16/05/2024
1715904000,16.765,15.478,16.231,63.57171649134748,17/05/2024
1715990400,16.567,16.05,16.329,64.10906086267863,18/05/2024
1716076800,17.136,16.3,16.56,65.40446314560455,19/05/2024
1716163200,17.46,16.362,17.262,69.05923821,20/05/2024
1716249600,17.439,16.51,16.739,63.66316234913347,21/05/2024
1716336000,16.929,16.148,16.354,59.94963577321285,22/05/2024
1716422400,16.808,15.442,16.596,61.47097366616343,23/05/2024
1716508800,17.798,16.56,17.25,65.30641590119848,24/05/2024
1716595200,17.472,16.912,17.443,66.37034827963271,25/05/2024
1716681600,17.915,16.991,17.042,62.10859494678751,26/05/2024
1716768000,18.867,16.878,18.786,70.86949953,27/05/2024
1716854400,18.838,17.847,18.528,68.35173174714132,28/05/2024
1716940800,19.22,18.036,18.453,67.59988641,29/05/2024
1717027200,19.207,17.781,17.944,62.569698,30/05/2024
1717113600,18.74,17.461,18.414,65.14853606,31/05/2024
1717200000,18.686,18.266,18.443,65.30736252489454,01/06/2024
1717286400,18.566,18.072,18.143,62.15189185687926,02/06/2024
1717372800,18.359,17.539,17.629,57.064506710304876,03/06/2024
1717459200,17.852,17.474,17.716,57.69570461390659,04/06/2024
1717545600,18.082,17.6,17.741,57.88729234566297,05/06/2024
1717632000,17.776,17.102,17.248,52.80830584,06/06/2024
1717718400,17.722,15.3,16.318,44.819505052206736,07/06/2024
1717804800,16.421,15.682,15.928,41.95327177475383,08/06/2024
1717891200,16.383,15.901,16.372,46.17356963400418,09/06/2024
1717977600,16.39,15.76,15.905,42.66032709612696,10/06/2024
1718064000,15.913,14.662,14.988,36.74768248917314,11/06/2024
1718150400,16.236,14.73,16.006,45.73873678252926,12/06/2024
1718236800,16.05,15.052,15.141,40.47414315070125,13/06/2024
1718323200,15.462,14.469,14.744,38.29549328933422,14/06/2024
1718409600,15.113,14.702,14.857,39.297087769489906,15/06/2024
1718496000,15.23,14.57,15.144,41.8776045,16/06/2024
1718582400,15.22,14.017,14.523,38.10316403474496,17/06/2024
1718668800,14.62,12.931,13.986,35.152659382338115,18/06/2024
1718755200,14.503,13.913,14.345,38.57695650897189,19/06/2024
1718841600,14.86,14.192,14.255,38.03471571209318,20/06/2024
1718928000,14.595,13.844,13.848,35.597886850513916,21/06/2024
1719014400,13.912,13.468,13.482,33.518204702873675,22/06/2024
1719100800,13.685,13.123,13.194,31.93708723822499,23/06/2024
1719187200,13.689,12.63,13.617,36.662875835685334,24/06/2024
1719273600,14.291,13.571,14.198,42.56195047711126,25/06/2024
1719360000,14.293,13.857,13.915,40.57939170704642,26/06/2024
1719446400,14.63,13.585,14.433,45.57650276704575,27/06/2024
1719532800,14.6,13.757,13.778,40.89342259781155,28/06/2024
1719619200,14.167,13.481,13.543,39.33190520952148,29/06/2024
1719705600,14.35,13.451,14.281,46.27061065514305,30/06/2024
1719792000,14.579,14.22,14.338,46.776926158193035,01/07/2024
1719878400,14.754,14.245,14.415,47.49670067897009,02/07/2024
1719964800,14.596,13.5,13.589,41.07886035122359,03/07/2024
1720051200,13.739,12.512,12.538,34.661203955386924,04/07/2024
1720137600,12.549,11.053,12.311,33.44583553139441,05/07/2024
1720224000,13.283,12.187,13.18,41.851658513190074,06/07/2024
1720310400,13.195,12.289,12.352,37.05002750412248,07/07/2024
1720396800,13.526,11.772,13.121,43.530019024158676,08/07/2024
1720483200,13.316,12.73,12.841,41.84113912262041,09/07/2024
1720569600,13.168,12.69,12.79,41.52511692,10/07/2024
1720656000,13.191,12.291,12.347,38.78484065770745,11/07/2024
1720742400,12.829,12.228,12.74,42.41531983759903,12/07/2024
1720828800,13.136,12.7,13.021,44.93019791,13/07/2024
1720915200,13.527,12.889,13.448,48.60344564422844,14/07/2024
1721001600,14.511,13.405,14.394,55.659826824485954,15/07/2024
1721088000,14.622,13.814,14.206,54.071045267746015,16/07/2024
1721174400,14.504,13.73,13.737,50.21983445,17/07/2024
1721260800,14.003,13.414,13.593,49.064327116315845,18/07/2024
1721347200,14.139,13.335,14.076,52.97287287831475,19/07/2024
1721433600,14.333,13.849,14.247,54.309626964155235,20/07/2024
1721520000,15.196,13.944,14.816,58.53341557921719,21/07/2024
1721606400,14.881,13.78,13.93,50.677468916117896,22/07/2024
1721692800,14.17,13.494,13.91,50.51266183,23/07/2024
1721779200,13.96,13.25,13.4,46.37137079,24/07/2024
1721865600,13.45,12.47,12.94,42.95094216374935,25/07/2024
1721952000,13.64,12.91,13.53,48.22593336571207,26/07/2024
1722038400,13.88,13.26,13.54,48.31316737922977,27/07/2024
1722124800,13.65,13.19,13.3,46.29701882970979,28/07/2024
1722211200,13.91,13.3,13.53,48.514418198953656,29/07/2024
1722297600,13.8,12.98,13.14,45.112936954729314,30/07/2024
1722384000,13.42,12.768,12.83,42.55866564013746,31/07/2024
1722470400,13.1,12.12,12.88,43.11807943280992,01/08/2024
1722556800,12.96,11.76,11.93,35.95353567260142,02/08/2024
1722643200,12.14,11.34,11.68,34.33661861427993,03/08/2024
1722729600,11.79,10.48,10.88,29.72914167882064,04/08/2024
1722816000,10.97,8.08,9.49,23.762749116390737,05/08/2024
1722902400,10.7,9.47,10.07,30.069343983019706,06/08/2024
1722988800,10.49,9.39,9.48,27.570806456109096,07/08/2024
1723075200,10.84,9.34,10.75,39.268772927356814,08/08/2024
1723161600,10.75,10.16,10.53,38.1202078,09/08/2024
1723248000,10.71,10.47,10.55,38.296895904211176,10/08/2024
1723334400,10.84,9.94,10,35.310929063839126,11/08/2024
1723420800,10.75,9.94,10.56,40.40582414713263,12/08/2024
1723507200,10.69,10.09,10.58,40.58580289086572,13/08/2024
1723593600,10.74,10.21,10.39,39.369380875252745,14/08/2024
1723680000,10.69,9.98,10.17,37.95101810182518,15/08/2024
1723766400,10.4,9.91,10.12,37.619298270286414,16/08/2024
1723852800,10.18,10.03,10.16,38.085543861130446,17/08/2024
1723939200,10.48,10.06,10.09,37.55652324725329,18/08/2024
1724025600,10.2,9.94,10.19,38.86300446061306,19/08/2024
1724112000,10.55,10.04,10.23,39.40909942953518,20/08/2024
1724198400,11.4,10.14,11.22,51.06061624288823,21/08/2024
1724284800,11.62,11.14,11.48,53.585004813368656,22/08/2024
1724371200,12.21,11.45,12.05,58.62388063708961,23/08/2024
1724457600,12.56,11.9,12.35,61.022287074758005,24/08/2024
1724544000,12.39,11.94,12.1,58.00483316958777,25/08/2024
1724630400,12.7,11.83,11.83,54.85026901152412,26/08/2024
1724716800,12.06,10.9,11.16,47.89014389795907,27/08/2024
1724803200,11.71,10.93,11.17,47.996211597020945,28/08/2024
1724889600,11.47,10.81,10.94,45.69253734270746,29/08/2024
1724976000,11.2,10.5,11.11,47.69100114432868,30/08/2024
1725062400,11.21,10.93,11.02,46.71098314183482,31/08/2024
1725148800,11.02,10.23,10.37,40.27405701,01/09/2024
1725235200,10.84,10.32,10.77,45.272096117291106,02/09/2024
1725321600,10.88,10.21,10.31,41.02078289944392,03/09/2024
1725408000,10.5,9.82,10.34,41.407225211605706,04/09/2024
1725494400,10.4,9.91,10.03,38.59323866828879,05/09/2024
1725580800,10.18,9.28,9.57,34.81261572765828,06/09/2024
1725667200,10.16,9.56,10.03,41.03337110207358,07/09/2024
1725753600,10.46,9.97,10.35,44.96772874455171,08/09/2024
1725840000,10.83,10.27,10.53,47.10561369,09/09/2024
1725926400,10.74,10.33,10.58,47.71324585516153,10/09/2024
1726012800,10.6,10.17,10.4,45.67885871162993,11/09/2024
1726099200,10.81,10.39,10.78,50.47925997759873,12/09/2024
1726185600,11.56,10.64,11.45,57.59474100809093,13/09/2024
1726272000,11.48,11.21,11.29,55.54229918413193,14/09/2024
1726358400,11.36,10.79,10.81,49.807849393403416,15/09/2024
1726444800,10.83,10.41,10.54,46.876101656374715,16/09/2024
1726531200,10.92,10.43,10.63,47.97536384226691,17/09/2024
1726617600,10.9,10.29,10.89,51.12195760438329,18/09/2024
1726704000,11.4,10.9,11.21,54.74952957851908,19/09/2024
1726790400,11.74,11.12,11.44,57.207798577878116,20/09/2024
1726876800,11.55,11.21,11.5,57.85107977,21/09/2024
1726963200,11.55,10.84,11.13,52.59990641171338,22/09/2024
1727049600,11.61,10.92,11.39,55.64659562064348,23/09/2024
1727136000,12.23,11.2,12.15,63.110651300431805,24/09/2024
1727222400,12.56,12.06,12.11,62.514359579819185,25/09/2024
1727308800,12.75,11.87,12.56,66.36461647328301,26/09/2024
1727395200,12.88,12.44,12.67,67.25013795642678,27/09/2024
1727481600,12.98,12.36,12.95,69.45458077,28/09/2024
1727568000,12.98,12.43,12.46,61.63570261234075,29/09/2024
1727654400,12.48,11.75,11.85,53.55317473086381,30/09/2024
1727740800,12.26,10.84,11.01,44.83431764219868,01/10/2024
1727827200,11.31,10.45,10.66,41.78195233734911,02/10/2024
1727913600,10.87,10.34,10.66,41.78195233734911,03/10/2024
1728000000,11.25,10.59,11.08,46.82066358070792,04/10/2024
1728086400,11.38,10.98,11.27,48.972242641353134,05/10/2024
1728172800,11.4,11.16,11.27,48.97224264135313,06/10/2024
1728259200,11.76,11.12,11.16,47.677056231869145,07/10/2024
1728345600,11.29,10.78,10.82,43.819431803703914,08/10/2024
1728432000,10.97,10.41,10.53,40.78800726,09/10/2024
1728518400,10.75,10.25,10.56,41.240866612414514,10/10/2024
1728604800,11.03,10.5,10.91,46.39212929,11/10/2024
1728691200,11.15,10.83,11.01,47.800197878031256,12/10/2024
1728777600,11.08,10.62,10.75,44.52556426172797,13/10/2024
1728864000,11.35,10.6,11.28,51.77773226443716,14/10/2024
1728950400,11.7,10.93,11.45,53.86125606234211,15/10/2024
1729036800,11.54,11.06,11.24,50.93366241,16/10/2024
1729123200,11.35,10.85,11.03,48.11710569625828,17/10/2024
1729209600,11.51,10.98,11.48,53.98869952,18/10/2024
1729296000,11.6,11.29,11.42,53.12540793905341,19/10/2024
1729382400,12.04,11.27,11.98,59.61601442772024,20/10/2024
1729468800,12.03,11.54,11.71,55.61731966163103,21/10/2024
1729555200,12.35,11.59,11.97,58.50373355736693,22/10/2024
1729641600,12.01,11,11.32,49.78645411,23/10/2024
1729728000,11.65,11.22,11.62,53.24889113534708,24/10/2024
1729814400,12.1,10.8,11.13,47.489008861973836,25/10/2024
1729900800,11.4,10.82,11.01,46.17181459731111,26/10/2024
1729987200,11.18,10.84,10.99,45.94309131638448,27/10/2024
1730073600,11.27,10.71,11.18,48.55057867809664,28/10/2024
1730160000,11.81,11.15,11.8,56.007688800114714,29/10/2024
1730246400,12.45,11.65,12.39,61.69709316699969,30/10/2024
1730332800,12.47,11.31,11.41,50.105694206679686,31/10/2024
1730419200,11.73,11.13,11.25,48.50347263493085,01/11/2024
1730505600,11.4,11.07,11.19,47.88509778109467,02/11/2024
1730592000,11.24,10.51,10.76,43.59544634235352,03/11/2024
1730678400,10.92,10.07,10.26,39.19826203150573,04/11/2024
1730764800,10.94,10.18,10.83,45.89770595715511,05/11/2024
1730851200,12.32,10.8,12.17,57.69811601185777,06/11/2024
1730937600,12.71,12.06,12.59,60.59892209203135,07/11/2024
1731024000,13.75,12.52,13.69,66.98455835190234,08/11/2024
1731110400,13.84,13.28,13.78,67.44938369323368,09/11/2024
1731196800,14.85,13.65,14.25,69.83762523976982,10/11/2024
1731283200,14.94,13.61,14.91,72.85006635755687,11/11/2024
1731369600,15.34,13.66,13.95,62.99477348886949,12/11/2024
1731456000,14.38,13.05,13.48,58.80072387379365,13/11/2024
1731542400,13.83,12.8,13,54.78883259868221,14/11/2024
1731628800,13.9,12.71,13.84,59.93994215129632,15/11/2024
1731715200,14.8,13.73,14.52,63.559486206643065,16/11/2024
1731801600,14.9,13.56,13.78,57.473671483236636,17/11/2024
1731888000,16,13.75,15.26,64.74444454,18/11/2024
1731974400,15.43,14.33,14.62,59.96962487775095,19/11/2024
1732060800,15.32,14.03,14.24,57.26901125,20/11/2024
1732147200,15.38,13.83,14.89,60.54225138521889,21/11/2024
1732233600,16.59,14.72,16.57,67.47667638041732,22/11/2024
1732320000,18.39,16.3,17.38,70.19629972959807,23/11/2024
1732406400,18.34,16.1,17.91,71.85472126516058,24/11/2024
1732492800,19.06,17.14,17.34,67.50421966936082,25/11/2024
1732579200,17.84,16.18,17.34,67.50421966936082,26/11/2024
1732665600,19,16.96,18.66,72.04933232488118,27/11/2024
1732752000,18.69,17.48,17.93,66.50904832353282,28/11/2024
1732838400,18.41,17.52,18.24,67.64678821317338,29/11/2024
1732924800,19.441,17.93,19,70.30975561688516,30/11/2024
1733011200,19.11,18.43,18.92,69.65978806407395,01/12/2024
1733097600,26.9,18.57,25.23,83.00492835412498,02/12/2024
1733184000,26.32,22.54,24.09,76.46146986800609,03/12/2024
1733270400,26.59,23.6,24.07,76.34775700798814,04/12/2024
1733356800,24.82,22.41,23.15,71.10893515464042,05/12/2024
1733443200,25.94,22.75,25.87,76.28917407046511,06/12/2024
1733529600,26.89,24.44,24.79,70.85659501924175,07/12/2024
1733616000,27.41,24.68,26.09,73.31946744,08/12/2024
1733702400,27.36,19.56,22.25,57.785199357229594,09/12/2024
1733788800,23.78,20.27,22.12,57.34226117426494,10/12/2024
1733875200,24.33,21.14,24.07,62.04230856793908,11/12/2024
1733961600,29.45,23.87,29.13,70.97806559535829,12/12/2024
1734048000,30.94,27.53,28.99,70.48366131930104,13/12/2024
1734134400,30.77,28.71,29.12,70.68783789363162,14/12/2024
1734220800,29.88,28.02,29.26,70.92112481831714,15/12/2024
1734307200,30.85,28.41,28.73,68.69226428742792,16/12/2024
1734393600,29.07,27.3,27.86,65.07682004434659,17/12/2024
1734480000,28.4,24.72,24.86,54.43699134384126,18/12/2024
1734566400,25.61,21.72,22.81,48.590720379884296,19/12/2024
1734652800,23.72,20.02,23.39,50.219647337956694,20/12/2024
1734739200,24.94,21.78,22.13,46.75383853810265,21/12/2024
1734825600,22.79,21.31,22.08,46.61635414891276,22/12/2024
1734912000,24.97,21.49,24.55,53.837945042994534,23/12/2024
1734998400,25.99,23.54,25.42,56.09106610055079,24/12/2024
1735084800,25.59,24.15,24.44,52.955595347423966,25/12/2024
1735171200,24.7,22.42,22.68,47.78895888776574,26/12/2024
1735257600,23.67,21.37,21.57,44.81898224356937,27/12/2024
1735344000,22.38,21.06,21.99,46.181885221190846,28/12/2024
1735430400,22.02,20.77,20.96,43.35390679937827,29/12/2024
1735516800,21.83,20.09,20.58,42.32417531016209,30/12/2024
1735603200,21.2,19.82,20.01,40.76027591514335,31/12/2024
1735689600,21.86,19.67,21.73,47.11100904258114,01/01/2025
1735776000,22.91,21.72,22.07,48.291088858381045,02/01/2025
1735862400,23.9,21.63,23.48,52.97687504,03/01/2025
1735948800,24.05,22.87,23.6,53.36420692862387,04/01/2025
1736035200,23.83,22.85,23.58,53.28542734944304,05/01/2025
1736121600,24.78,23.01,23.83,54.19568571583604,06/01/2025
1736208000,23.84,21.18,21.38,44.95152498705038,07/01/2025
1736294400,21.73,19.59,20.44,41.99203963578592,08/01/2025
1736380800,20.73,19.14,19.65,39.63055132589493,09/01/2025
1736467200,20.54,19.53,20.24,42.24291536964153,10/01/2025
1736553600,20.69,19.81,20.21,42.143054252180214,11/01/2025
1736640000,20.34,19.59,19.84,40.860111611811206,12/01/2025
1736726400,20.44,17.83,19.35,39.15990424709246,13/01/2025
1736812800,20.51,19.25,20.32,44.11715817299025,14/01/2025
1736899200,22.15,20.1,22.1,51.86752751405648,15/01/2025
1736985600,23.78,21.3,23.03,55.35167638113624,16/01/2025
1737072000,25.23,23.02,25.09,61.92606344,17/01/2025
1737158400,25.67,23.37,24.12,57.62339251,18/01/2025
1737244800,26.71,22.19,24.34,58.33055305937917,19/01/2025
1737331200,26.94,23.4,25.09,60.736072359229915,20/01/2025
1737417600,27.09,23.68,26.67,65.28296077511257,21/01/2025
1737504000,27.21,25.13,25.3,58.91242949733234,22/01/2025
1737590400,26.25,23.98,25.65,59.98669684281421,23/01/2025
1737676800,26.44,24.86,25.18,57.80118506172485,24/01/2025
1737763200,25.44,24.68,24.93,56.61952845926658,25/01/2025
1737849600,26.39,24.86,24.88,56.37131382719413,26/01/2025
1737936000,25.14,22.18,24.21,53.01727552,27/01/2025
1738022400,24.66,22.36,22.61,45.981347047620176,28/01/2025
1738108800,24.45,22.32,23.66,50.61333780738175,29/01/2025
1738195200,25.21,23.41,24.46,53.859649351938245,30/01/2025
1738281600,26.4,24.12,25.17,56.58707319067897,31/01/2025
1738368000,25.99,22.76,22.98,47.29956271517475,01/02/2025
1738454400,23.33,19.29,20.46,39.30536281999185,02/02/2025
1738540800,22.05,15.4,21.64,44.07201234607174,03/02/2025
1738627200,21.71,19.32,19.97,39.360671279132625,04/02/2025
1738713600,20.27,18.96,19.19,37.35222176951447,05/02/2025
1738800000,19.94,18.41,18.58,35.81314324789332,06/02/2025
1738886400,19.86,17.79,18.39,35.32490279165951,07/02/2025
1738972800,18.63,17.87,18.45,35.623373605532194,08/02/2025
1739059200,19,17.44,18.26,35.07141676019873,09/02/2025
1739145600,19.13,17.67,18.81,38.06308492820307,10/02/2025
1739232000,19.79,18.22,18.66,37.554858925060884,11/02/2025
1739318400,19.51,17.64,19.2,40.62826417170098,12/02/2025
1739404800,19.34,18.18,18.56,38.226883723646395,13/02/2025
1739491200,19.84,18.45,19.38,42.88491194177605,14/02/2025
1739577600,19.67,18.73,18.99,41.29019016280398,15/02/2025
1739664000,19.26,18.56,18.69,40.056255725814594,16/02/2025
1739750400,19.8,18.36,19.12,42.69948951,17/02/2025
1739836800,19.2,17.28,17.88,37.556509408327045,18/02/2025
1739923200,18.21,17.44,17.98,38.20294158026321,19/02/2025
1740009600,18.48,17.81,18.28,40.20290394036199,20/02/2025
1740096000,19.06,17.12,17.43,36.58967919818174,21/02/2025
1740182400,18.03,17.3,17.76,38.88612943487559,22/02/2025
1740268800,18.13,17.42,17.62,38.25318803545533,23/02/2025
1740355200,17.75,14.97,15.26,29.528051591938336,24/02/2025
1740441600,15.59,14.02,15.31,29.892897345491534,25/02/2025
1740528000,15.78,14.67,15.26,29.727155923240588,26/02/2025
1740614400,15.78,14.78,15.1,29.16980183510313,27/02/2025
1740700800,15.2,13.45,14.81,28.139974928270234,28/02/2025
1740787200,15.14,14.22,14.75,27.92034602740742,01/03/2025
1740873600,17.55,14.4,17.42,47.541559143660855,02/03/2025
1740960000,17.49,14.36,14.46,35.88052465812474,03/03/2025
1741046400,15.36,13.08,14.86,38.090433629543384,04/03/2025
1741132800,16.59,14.63,16.43,45.962741608011214,05/03/2025
1741219200,17.67,16.37,17.06,48.777435756308606,06/03/2025
1741305600,17.54,15.73,15.94,44.35424887311926,07/03/2025
1741392000,16.04,15.13,15.26,41.87162076175434,08/03/2025
1741478400,15.37,13.6,13.81,37.10264530668949,09/03/2025
1741564800,14.57,12.41,12.65,33.78726729147205,10/03/2025
1741651200,13.66,11.85,13.13,36.32286092754527,11/03/2025
1741737600,13.81,12.64,13.49,38.23332259273258,12/03/2025
1741824000,13.6,12.71,13.04,36.74910936006338,13/03/2025
1741910400,14.71,12.99,13.66,40.193905755653866,14/03/2025
1741996800,14.25,13.63,14.01,42.110617774058795,15/03/2025
1742083200,14.19,13.21,13.37,39.61072798684702,16/03/2025
1742169600,14.24,13.34,14.03,43.345888966247756,17/03/2025
1742256000,14.28,13.46,13.91,42.827218649479086,18/03/2025
1742342400,15.05,13.77,15.03,48.96527308028815,19/03/2025
1742428800,15.17,14.08,14.22,45.18689354312877,20/03/2025
1742515200,14.39,13.82,13.97,44.05691256674895,21/03/2025
1742601600,14.5,13.93,14.25,45.69486853020446,22/03/2025
1742688000,14.5,14.21,14.47,47.00772629587211,23/03/2025
1742774400,15.41,14.16,15.13,50.84686635708945,24/03/2025
1742860800,15.61,14.87,15.44,52.58444582109555,25/03/2025
1742947200,16,14.94,15.24,51.32387885768736,26/03/2025
1743033600,15.8,15.17,15.52,53.02180073630141,27/03/2025
1743120000,15.59,14,14.25,45.30285957777559,28/03/2025
1743206400,14.42,13.37,13.55,41.69945795960078,29/03/2025
1743292800,13.87,13.19,13.41,40.99710579,30/03/2025
1743379200,13.72,12.96,13.51,41.75178740401731,31/03/2025
1743465600,14.4,13.49,14.04,45.71485952285975,01/04/2025
1743552000,14.4,12.81,12.9,39.490982829493106,02/04/2025
1743638400,13.31,12.3,12.9,39.490982829493106,03/04/2025
1743724800,13.2,12.35,12.94,39.82436989283658,04/04/2025
1743811200,13.06,12.57,12.85,39.29970126662425,05/04/2025
1743897600,12.96,11,11.28,31.50272617,06/04/2025
1743984000,11.89,10.1,11.45,33.051582611445056,07/04/2025
1744070400,11.89,10.78,10.93,30.760354544798787,08/04/2025
1744156800,12.82,10.44,12.65,44.47221025477967,09/04/2025
1744243200,12.67,11.68,12.08,41.536568184608555,10/04/2025
1744329600,12.9,12.02,12.64,45.353172996985855,11/04/2025
1744416000,13.29,12.47,13.15,48.64147903131791,12/04/2025
1744502400,13.23,12.43,12.62,45.572456379006034,13/04/2025
1744588800,13.25,12.57,12.63,45.642145412801895,14/04/2025
1744675200,12.84,12.21,12.24,43.31291520246685,15/04/2025
1744761600,12.53,11.89,12.35,44.178207629045694,16/04/2025
1744848000,12.71,12.2,12.54,45.71944198697456,17/04/2025
1744934400,12.72,12.4,12.56,45.88880287612921,18/04/2025
1745020800,13.06,12.53,12.94,49.136062992824094,19/04/2025
1745107200,13.6,12.87,13.28,51.91645734653448,20/04/2025
1745193600,13.7,12.96,13.11,50.432034594413004,21/04/2025
1745280000,14.18,12.88,14.13,58.16172735825408,22/04/2025
1745366400,15.28,14.01,15.02,63.50888288562259,23/04/2025
1745452800,15.15,14.15,15.06,63.733225958896796,24/04/2025
1745539200,15.36,14.71,14.92,62.28979785968646,25/04/2025
1745625600,15.28,14.67,14.86,61.64542387969582,26/04/2025
1745712000,15.1,14.37,14.56,58.39279137418876,27/04/2025
1745798400,15.11,14.24,15.03,61.793954987932224,28/04/2025
1745884800,15.24,14.47,14.6,57.188005459086256,29/04/2025
1745971200,14.76,13.83,14.3,54.15515849701036,30/04/2025
1746057600,15.04,14.3,14.74,57.698533184360556,01/05/2025
1746144000,15.03,14.49,14.65,56.732629041621436,02/05/2025
1746230400,14.67,14.16,14.24,52.426874629673726,03/05/2025
1746316800,14.37,13.81,13.86,48.735041133551455,04/05/2025
1746403200,14.2,13.48,13.65,46.77475252033143,05/05/2025
1746489600,13.89,13.2,13.82,48.57794633,06/05/2025
1746576000,14.09,13.46,13.82,48.57794633,07/05/2025
1746662400,15.99,13.81,15.88,65.16393789030884,08/05/2025
1746748800,16.73,15.58,16.01,65.91118583961793,09/05/2025
1746835200,17.47,15.86,17.34,72.42753372692451,10/05/2025
1746921600,17.42,16.3,17.1,69.83335692441953,11/05/2025
1747008000,17.98,16.03,16.74,66.01385351499171,12/05/2025
1747094400,17.81,16.03,17.39,69.28085033554662,13/05/2025
1747180800,17.53,16.67,17.01,65.32722148455468,14/05/2025
1747267200,17.21,15.69,16.04,56.46866375,15/05/2025
1747353600,16.54,15.61,15.76,54.18456233874188,16/05/2025
1747440000,15.79,15.07,15.32,50.71313814270819,17/05/2025
1747526400,16.4,14.88,15.88,54.69173203,18/05/2025
1747612800,16.01,14.84,15.78,53.85569268250138,19/05/2025
1747699200,16.42,15.24,15.71,53.24215200265714,20/05/2025
1747785600,16.49,15.52,16.1,56.233744200263274,21/05/2025
1747872000,16.91,16.04,16.74,60.67969640675438,22/05/2025
1747958400,17.16,15.42,15.53,50.280196776646214,23/05/2025
1748044800,15.91,15.24,15.34,48.86404002,24/05/2025
1748131200,15.56,14.86,15.54,50.44620708506045,25/05/2025
1748217600,15.96,15.4,15.54,50.44620708506045,26/05/2025
1748304000,16.13,15.15,15.91,53.53102886977808,27/05/2025
1748390400,16.16,15.31,15.69,51.478975221505706,28/05/2025
1748476800,16.19,15,15.05,45.959470455757284,29/05/2025
1748563200,15.12,13.76,13.9,38.06235594041329,30/05/2025
1748649600,14.19,13.39,13.97,38.75222806551562,31/05/2025
1748736000,14.13,13.58,14.06,39.68245039043413,01/06/2025
1748822400,14.12,13.59,14.07,39.791869651790506,02/06/2025
1748908800,14.45,13.98,14.11,40.25871104009662,03/06/2025
1748995200,14.48,13.7,13.83,38.03547401187307,04/06/2025
1749081600,14.04,12.64,12.89,31.705341006598815,05/06/2025
1749168000,13.69,12.82,13.56,39.441584622425026,06/06/2025
1749254400,14.08,13.48,13.83,42.27917418002038,07/06/2025
1749340800,13.98,13.55,13.73,41.50349757854759,08/06/2025
1749427200,14.4,13.54,14.36,47.97879652103649,09/06/2025
1749513600,15.53,14.32,15.45,56.873725723298506,10/06/2025
1749600000,15.66,14.77,14.89,51.95827819995991,11/06/2025
1749686400,14.93,13.83,13.97,45.06707246,12/06/2025
1749772800,13.99,12.75,13.44,41.64072448658365,13/06/2025
1749859200,13.46,12.83,13.15,39.855207420770746,14/06/2025
1749945600,13.33,13,13.3,41.258249061527074,15/06/2025
1750032000,14.17,13.17,13.56,43.70942771268825,16/06/2025
1750118400,13.79,12.8,12.99,39.78946144439631,17/06/2025
1750204800,13.23,12.63,13.11,40.98931688590013,18/06/2025
1750291200,13.38,12.91,13.07,40.69818159863759,19/06/2025
1750377600,13.29,12.3,12.51,36.76150147602361,20/06/2025
1750464000,12.75,11.69,12.03,33.74819333960872,21/06/2025
1750550400,12.2,10.94,11.65,31.543789249967105,22/06/2025
1750636800,12.97,11.39,12.82,43.73082709214767,23/06/2025
1750723200,13.73,12.78,13.42,48.76789257229166,24/06/2025
1750809600,13.51,12.99,13.13,46.59672239272907,25/06/2025
1750896000,13.57,12.88,12.94,45.17758901876786,26/06/2025
1750982400,13.23,12.73,13.05,46.19918797875304,27/06/2025
1751068800,13.45,13,13.39,49.341474422381644,28/06/2025
1751155200,13.88,13.24,13.7,52.08910706,29/06/2025
1751241600,13.78,13.12,13.38,49.127009122386355,30/06/2025
1751328000,13.44,12.78,12.9,44.993854582462134,01/07/2025
1751414400,13.85,12.73,13.56,51.087392476942306,02/07/2025
1751500800,14.08,13.43,13.67,52.040983179202826,03/07/2025
1751587200,13.78,12.93,13.16,47.42454969,04/07/2025
1751673600,13.27,12.99,13.23,48.10500423677148,05/07/2025
1751760000,13.7,13.1,13.48,50.565771440069064,06/07/2025
1751846400,13.73,13.25,13.44,50.15597105867199,07/07/2025
1751932800,14,13.2,13.96,55.23501741365609,08/07/2025
1752019200,14.38,13.81,14.25,57.81662202991908,09/07/2025
1752105600,15.34,14.15,15.23,65.13414911601657,10/07/2025
1752192000,15.88,15.01,15.28,65.46332808551126,11/07/2025
1752278400,15.48,14.7,15.11,63.275900192732166,12/07/2025
1752364800,15.95,15.04,15.66,67.1055317,13/07/2025
1752451200,16.47,15.57,15.75,67.69911913276529,14/07/2025
1752537600,16.2,15.14,16.11,70.02887068153852,15/07/2025
1752624000,17.04,15.82,16.67,73.25981756719585,16/07/2025
1752710400,18.1,16.32,18,79.03921490618126,17/07/2025
1752796800,19.17,17.32,17.83,76.75566457690061,18/07/2025
1752883200,18.55,17.53,18.39,78.91655766,19/07/2025
1752969600,20.01,18.32,19.27,81.78259581930948,20/07/2025
1753056000,20.28,18.98,19.5,82.45394696244222,21/07/2025
1753142400,19.99,18.63,19.66,82.92534947436774,22/07/2025
1753228800,19.76,17.55,18.18,65.41749969104592,23/07/2025
1753315200,18.69,17.15,17.91,62.81209314800221,24/07/2025
1753401600,18.49,17.23,18.28,64.87653006245296,25/07/2025
1753488000,18.64,18.16,18.41,65.59912625128271,26/07/2025
1753574400,19.3,18.35,19.24,69.86225483518636,27/07/2025
1753660800,19.56,17.97,18.12,59.200910745415754,28/07/2025
1753747200,18.64,17.47,17.83,56.784536994893884,29/07/2025
1753833600,17.95,16.77,17.71,55.77014588737449,30/07/2025
1753920000,18.24,16.84,16.92,49.50085304903819,31/07/2025
1754006400,17.03,15.67,16.07,43.79619433377917,01/08/2025
1754092800,16.27,15.43,15.65,41.265612818103875,02/08/2025
1754179200,16.4,15.44,16.3,46.424964958200185,03/08/2025
1754265600,17.2,16.27,17.11,52.07465151555426,04/08/2025
1754352000,17.12,16.08,16.38,47.23970583362858,05/08/2025
1754438400,16.91,16.03,16.67,49.255356444286974,06/08/2025
1754524800,18.5,16.57,18.48,59.623518512654364,07/08/2025
1754611200,19.98,18.08,19.89,65.53173285266664,08/08/2025
1754697600,21.99,19.78,21.94,71.95676511844654,09/08/2025
1754784000,22.7,21.15,22.06,72.28246865806682,10/08/2025
1754870400,22.61,20.84,21.07,65.52138839,11/08/2025
1754956800,24.2,21,23.6,72.58001666980554,12/08/2025
1755043200,24.74,23.23,23.98,73.45891173848767,13/08/2025
1755129600,24.31,21.51,22.46,64.54664476035138,14/08/2025
1755216000,23.04,21.36,21.76,60.88327434214578,15/08/2025
1755302400,22.97,21.39,22.64,63.674459,16/08/2025
1755388800,26.33,22.36,25.64,71.21517980628573,17/08/2025
1755475200,26.76,24.29,25.78,71.51237953560008,18/08/2025
1755561600,25.81,23.42,23.56,60.79345241559837,19/08/2025
1755648000,26.89,23.36,26.45,67.60152540961508,20/08/2025
1755734400,26.6,24.63,24.82,61.15169162830481,21/08/2025
1755820800,27.87,24.09,26.79,65.44301442405428,22/08/2025
1755907200,26.83,25.52,26.28,63.487784320143696,23/08/2025
1755993600,26.62,25.21,25.82,61.697289761658354,24/08/2025
1756080000,26.46,23.08,23.38,53.13686285678351,25/08/2025
1756166400,24.76,22.88,24.38,55.84108630849371,26/08/2025
1756252800,24.69,23.58,23.78,53.833831792556204,27/08/2025
1756339200,26.03,23.56,25.18,57.658358877618944,28/08/2025
1756425600,25.23,23.11,23.43,51.87348333571765,29/08/2025
1756512000,23.52,22.83,23.51,52.11002788699134,30/08/2025
1756598400,24.06,23.18,23.2,51.06268578096157,31/08/2025
1756684800,23.87,22.09,22.51,48.7157112,01/09/2025
1756771200,23.6,22.34,23.49,52.08427272970376,02/09/2025
1756857600,23.91,23.21,23.69,52.766143627404894,03/09/2025
1756944000,23.97,22.18,22.32,47.75310615,04/09/2025
1757030400,23.24,22.04,22.28,47.61088115,05/09/2025
1757116800,22.52,21.87,22.19,47.26974733214165,06/09/2025
1757203200,22.61,22.12,22.47,48.505911472092826,07/09/2025
1757289600,23.31,22.23,23.04,51.02306331552662,08/09/2025
1757376000,23.82,22.83,23.05,51.06825438051667,09/09/2025
1757462400,23.93,22.89,23.57,53.47239403502859,10/09/2025
1757548800,24.5,23.31,24.47,57.37584406167091,11/09/2025
1757635200,25.33,24.16,25.13,60.02445643786456,12/09/2025
1757721600,25.64,24.44,24.88,58.54057116712122,13/09/2025
1757808000,25.02,23.84,24.09,53.99780907549979,14/09/2025
1757894400,24.44,22.97,23.56,51.13111241393632,15/09/2025
1757980800,23.76,23.1,23.48,50.693632803041474,16/09/2025
1758067200,24.24,22.75,23.99,53.429222365701996,17/09/2025
1758153600,24.75,23.68,24.62,56.63025332504522,18/09/2025
1758240000,24.89,23.27,23.47,49.88923916,19/09/2025
1758326400,23.66,23.09,23.34,49.17660688031641,20/09/2025
1758412800,23.49,22.9,22.96,47.06048845871731,21/09/2025
1758499200,23.05,20.24,21.65,40.57796555634693,22/09/2025
1758585600,22.05,21.17,21.52,39.989273890268045,23/09/2025
1758672000,21.97,20.98,21.6,40.560755445145865,24/09/2025
1758758400,21.66,19.82,20.14,34.16611057982624,25/09/2025
1758844800,21.24,19.93,21.07,40.591156948296934,26/09/2025
1758931200,21.15,20.73,20.91,39.870220296328235,27/09/2025
1759017600,21.71,20.43,21.68,44.93859153398149,28/09/2025
1759104000,21.9,20.9,21.74,45.32532364561037,29/09/2025
1759190400,21.87,20.96,21.3,42.943308448515566,30/09/2025
1759276800,22.63,21.05,22.58,51.00932348529407,01/10/2025
1759363200,23.13,21.93,22.77,52.09197581978111,02/10/2025
1759449600,23.09,22.09,22.5,50.38787050422189,03/10/2025
1759536000,22.62,21.76,22.01,47.359888620750624,04/10/2025
1759622400,22.94,21.88,22,47.29742123461438,05/10/2025
1759708800,23.6,21.47,23.37,55.88274031512066,06/10/2025
1759795200,23.73,21.75,21.79,46.47896531532731,07/10/2025
1759881600,22.67,21.62,22.63,51.182328131350395,08/10/2025
1759968000,22.67,21.32,21.99,47.74000369218059,09/10/2025
1760054400,22.78,7.9,17.31,31.209921768827982,10/10/2025
1760140800,19,16.6,17.2,30.93876091698398,11/10/2025
1760227200,19.42,16.68,19,40.10862862750866,12/10/2025
1760313600,20.19,18.73,19.84,43.85516520387373,13/10/2025
1760400000,20.07,18.07,19.1,41.398278563012084,14/10/2025
1760486400,19.26,17.73,18.06,38.162440284537304,15/10/2025
1760572800,18.63,17.1,17.43,36.31089891655088,16/10/2025
1760659200,17.69,15.69,16.61,33.998737954271604,17/10/2025
1760745600,17.01,16.57,16.82,35.13783990989086,18/10/2025
1760832000,17.66,16.53,17.29,37.72822796293924,19/10/2025
1760918400,19.19,16.93,18.66,44.66533078042417,20/10/2025
1761004800,18.97,17.53,17.61,40.90428096992856,21/10/2025
1761091200,17.84,16.71,17.2,39.505420305015626,22/10/2025
1761177600,17.79,17.09,17.44,40.78206781366377,23/10/2025
1761264000,18.1,17.29,17.89,43.202375959567405,24/10/2025
1761350400,18.25,17.79,18.02,43.91551738358159,25/10/2025
1761436800,18.69,17.69,18.55,46.84574099902055,26/10/2025
1761523200,19.06,18.08,18.22,45.26013018614788,27/10/2025
1761609600,18.83,17.43,17.83,43.39090945441156,28/10/2025
1761696000,18.67,17.54,18.13,45.26358471539414,29/10/2025
1761782400,18.43,16.32,16.8,39.08975909038296,30/10/2025
1761868800,17.46,16.73,17.24,41.91251735769442,31/10/2025
1761955200,17.44,17.04,17.14,41.442449244598855,01/11/2025
1762041600,17.64,16.99,17.58,44.39739520403982,02/11/2025
1762128000,17.66,14.51,15.25,34.476023242117975,03/11/2025
1762214400,15.51,13.69,14.68,32.559160326002456,04/11/2025
1762300800,15.4,13.98,15.09,35.343853758372134,05/11/2025
1762387200,15.24,14.24,14.74,34.05127599,06/11/2025
1762473600,16.23,14.31,15.79,41.0200032,07/11/2025
1762560000,16.03,15.12,15.51,39.811874746359685,08/11/2025
1762646400,16.13,15.02,15.93,42.545370436697674,09/11/2025
1762732800,16.67,15.79,16.36,45.28515611044813,10/11/2025
1762819200,16.8,15.25,15.28,40.111469507320365,11/11/2025
1762905600,16.25,14.92,15.15,39.526096814913075,12/11/2025
1762992000,16.02,14.14,14.54,36.811422975863785,13/11/2025
1763078400,14.61,13.58,13.81,33.81805529040069,14/11/2025
1763164800,14.34,13.79,14.14,36.33823716452024,15/11/2025
1763251200,14.54,13.4,13.73,34.57655066730561,16/11/2025
1763337600,14.29,13.08,13.33,32.90071685308901,17/11/2025
1763424000,14,13.06,13.79,36.70027941404697,18/11/2025
1763510400,13.83,12.77,13.53,35.47744336179454,19/11/2025
1763596800,14,12.77,12.93,32.764359997285055,20/11/2025
1763683200,13.22,11.61,12.11,29.449700024557046,21/11/2025
1763769600,12.31,11.74,12.17,30.00766872189422,22/11/2025
1763856000,12.75,12.11,12.53,33.41059126,23/11/2025
1763942400,13.21,12.3,12.97,37.41559209285927,24/11/2025
1764028800,13.22,12.55,13.09,38.50194783838455,25/11/2025
1764115200,13.51,12.75,13.46,41.853417364171406,26/11/2025
1764201600,13.57,13.23,13.34,41.07164517094249,27/11/2025
1764288000,13.55,13.04,13.13,39.67499105893195,28/11/2025
1764374400,13.22,12.91,12.99,38.729447605618354,29/11/2025
1764460800,13.42,12.93,12.95,38.44751225241915,30/11/2025
1764547200,12.99,11.74,12.07,32.791871641532495,01/12/2025
1764633600,13.59,11.98,13.47,46.32045777,02/12/2025
1764720000,14.75,13.43,14.64,54.553712150370345,03/12/2025
1764806400,14.93,13.97,14.25,51.70680152632195,04/12/2025
1764892800,14.4,13.36,13.59,47.216199534673166,05/12/2025
1764979200,14.08,13.49,13.92,49.57430627656731,06/12/2025
1765065600,14.18,13.17,13.65,47.696778551610876,07/12/2025
1765152000,14.29,13.56,13.76,48.551677023095024,08/12/2025
1765238400,15.01,13.53,14.41,53.39884567932597,09/12/2025
1765324800,14.89,13.94,14.1,50.93417334181848,10/12/2025
1765411200,14.21,13.4,14.07,50.690337944103874,11/12/2025
1765497600,14.35,13.27,13.63,47.126875066577284,12/12/2025
1765584000,13.97,13.6,13.74,48.10899344773007,13/12/2025
1765670400,13.8,13.09,13.28,44.39522397889329,14/12/2025
1765756800,13.74,12.47,12.85,41.19398713072286,15/12/2025
1765843200,13.13,12.55,12.93,42.03147784272212,16/12/2025
1765929600,13.18,12.12,12.27,37.31053856361886,17/12/2025
1766016000,12.88,11.74,11.93,35.12200733299878,18/12/2025
1766102400,12.76,11.84,12.54,41.72634254787497,19/12/2025
1766188800,12.72,12.48,12.56,41.93504647974368,20/12/2025
1766275200,12.71,12.22,12.44,40.986550153225224,21/12/2025
1766361600,12.95,12.33,12.58,42.61724023186615,22/12/2025
1766448000,12.7,12.07,12.39,40.96291267682743,23/12/2025
1766534400,12.44,12.01,12.28,39.99493586627725,24/12/2025
1766620800,12.43,11.99,12.07,38.141884072225984,25/12/2025
1766707200,12.54,12.02,12.19,39.8566959,26/12/2025
1766793600,12.55,12.16,12.52,44.419769799330325,27/12/2025
1766880000,12.6,12.32,12.5,44.20089186061861,28/12/2025
1766966400,13.03,12.25,12.3,41.973553931347865,29/12/2025
1767052800,12.61,12.26,12.42,43.80334490379537,30/12/2025
1767139200,12.55,12.19,12.21,41.34618358965666,31/12/2025
1767225600,12.64,12.15,12.6,47.26280053422644,01/01/2026
1767312000,13.43,12.58,13.27,55.55701526058622,02/01/2026
1767398400,13.37,12.97,13.23,55.00085808091797,03/01/2026
1767484800,13.58,13.21,13.43,57.30238946604338,04/01/2026
1767571200,14.13,13.4,13.9,62.19573629672819,05/01/2026
1767657600,14.24,13.47,14.04,63.536271914714725,06/01/2026
1767744000,14.04,13.29,13.44,54.60032289,07/01/2026
1767830400,13.56,13.03,13.21,51.60416315388272,08/01/2026
1767916800,13.45,13.03,13.14,50.69242999584834,09/01/2026
1768003200,13.26,13.07,13.13,50.55501507327623,10/01/2026
1768089600,13.37,13.05,13.21,51.68341154549191,11/01/2026
1768176000,13.52,12.93,13.08,49.698589466088066,12/01/2026
1768262400,14.18,13.05,14.06,61.65386129069896,13/01/2026
1768348800,14.4,13.85,14.11,62.14816609240761,14/01/2026
1768435200,14.22,13.56,13.8,57.22300725795774,15/01/2026
1768521600,13.87,13.43,13.73,56.141090624031875,16/01/2026
1768608000,13.9,13.63,13.75,56.39476603945443,17/01/2026
1768694400,13.88,13.3,13.32,49.73436645,18/01/2026
1768780800,13.32,12.37,12.88,44.00703287467941,19/01/2026
1768867200,12.91,12.03,12.12,36.24332007,20/01/2026
1768953600,12.66,11.89,12.4,40.41412445376606,21/01/2026
1769040000,12.58,12.12,12.27,39.134096528500706,22/01/2026
1769126400,12.5,12.04,12.22,38.62734799857894,23/01/2026
1769212800,12.28,12.13,12.2,38.41307819543927,24/01/2026
1769299200,12.22,11.36,11.52,31.92817156817621,25/01/2026
1769385600,12.13,11.51,11.95,38.94716271673935,26/01/2026
1769472000,12.19,11.84,12.03,40.18293539905448,27/01/2026
1769558400,12.07,11.69,11.84,38.205047036944315,28/01/2026
1769644800,11.87,10.83,11.13,31.888452612134344,29/01/2026
1769731200,11.17,10.51,10.79,29.38311987920345,30/01/2026
1769817600,10.84,8.97,9.99,24.504719357860225,31/01/2026
1769904000,10.08,9.22,9.41,21.6927141,01/02/2026
1769990400,10.04,9.02,9.81,27.842559478441544,02/02/2026
1770076800,9.9,9.08,9.49,26.07809637416571,03/02/2026
1770163200,9.78,9.02,9.25,24.808265802784703,04/02/2026
1770249600,9.36,7.85,7.92,19.222279534201405,05/02/2026
1770336000,9.01,7.15,8.88,31.25464682,06/02/2026
1770422400,9.05,8.58,8.91,31.59754555345826,07/02/2026
1770508800,9.05,8.72,8.83,31.15132206,08/02/2026
1770595200,9.02,8.44,8.83,31.15132206,09/02/2026
1770681600,8.89,8.47,8.57,29.576957502983134,10/02/2026
1770768000,8.62,8.13,8.33,28.162088419057355,11/02/2026
1770854400,8.6,8.17,8.41,29.37487784,12/02/2026
1770940800,8.91,8.3,8.77,34.71603574,13/02/2026
1771027200,9.21,8.75,9.09,39.123208941941876,14/02/2026
1771113600,9.25,8.6,8.79,36.62683870769668,15/02/2026
1771200000,8.99,8.65,8.94,38.73189476,16/02/2026
1771286400,9,8.66,8.82,37.65431913,17/02/2026
1771372800,9,8.52,8.6,35.693685147832156,18/02/2026
1771459200,8.76,8.35,8.58,35.51265252811578,19/02/2026
1771545600,9.02,8.45,8.95,41.43086644344323,20/02/2026
1771632000,9.05,8.85,8.87,40.56404363035297,21/02/2026
1771718400,8.9,8.6,8.69,38.606832445167086,22/02/2026
1771804800,8.7,8.17,8.26,34.343740707928006,23/02/2026
1771891200,8.34,8.05,8.19,33.691518826409535,24/02/2026
1771977600,9.59,8.18,9.27,49.59610198868965,25/02/2026
1772064000,9.34,8.86,9.09,47.54905173569353,26/02/2026
1772150400,9.3,8.64,8.67,43.08090668346279,27/02/2026