time,high,low,close,RSI,date
1559433600,0.44695,0.42735,0.44396,62.11024904249771,02/06/2019
1559520000,0.465,0.417,0.41731,55.19738326774907,03/06/2019
1559606400,0.41934,0.3836,0.39878,50.951078833428944,04/06/2019
1559692800,0.40597,0.3871,0.4001,51.23885164357802,05/06/2019
1559779200,0.427,0.39024,0.41937,55.35668876394233,06/06/2019
1559865600,0.43003,0.41389,0.41886,55.22376751413245,07/06/2019
1559952000,0.42222,0.4021,0.40699,52.088794242068815,08/06/2019
1560038400,0.41043,0.37,0.38527,46.84804838842069,09/06/2019
1560124800,0.40346,0.37985,0.3999,50.46335063705846,10/06/2019
1560211200,0.40195,0.38175,0.39192,48.52456284675159,11/06/2019
1560297600,0.402,0.38726,0.40074,50.77561159,12/06/2019
1560384000,0.40804,0.3942,0.39876,50.244416621538214,13/06/2019
1560470400,0.40364,0.39025,0.40201,51.147827926987446,14/06/2019
1560556800,0.41213,0.40052,0.4095,53.25435940962552,15/06/2019
1560643200,0.44098,0.40583,0.42703,57.836853096582786,16/06/2019
1560729600,0.46311,0.42181,0.44705,62.37337363098612,17/06/2019
1560816000,0.45499,0.41963,0.42694,55.87050284673008,18/06/2019
1560902400,0.43852,0.42369,0.43406,57.557668513805815,19/06/2019
1560988800,0.43592,0.4198,0.42995,56.221450542554656,20/06/2019
1561075200,0.45,0.42925,0.4425,59.326524747341054,21/06/2019
1561161600,0.50999,0.43752,0.47729,66.43386813043438,22/06/2019
1561248000,0.49298,0.465,0.47015,63.96352723405144,23/06/2019
1561334400,0.47585,0.45,0.47385,64.69614537738767,24/06/2019
1561420800,0.47654,0.455,0.46809,62.563769580269565,25/06/2019
1561507200,0.4968,0.453,0.46805,62.54835175,26/06/2019
1561593600,0.47176,0.3951,0.41049,45.26268079,27/06/2019
1561680000,0.4272,0.40582,0.4261,49.350679904700996,28/06/2019
1561766400,0.43,0.40392,0.4262,49.37676298997649,29/06/2019
1561852800,0.42859,0.3954,0.3962,42.33347843968392,30/06/2019
1561939200,0.42298,0.38804,0.40691,45.331551861289135,01/07/2019
1562025600,0.41125,0.38386,0.39794,43.30104464074789,02/07/2019
1562112000,0.40666,0.3934,0.40456,45.25015779735191,03/07/2019
1562198400,0.4052,0.385,0.38723,41.25223221,04/07/2019
1562284800,0.38825,0.37325,0.37881,39.429454985570786,05/07/2019
1562371200,0.4099,0.37826,0.39031,43.12579498405643,06/07/2019
1562457600,0.4007,0.38683,0.39651,45.07197473125618,07/07/2019
1562544000,0.403,0.39114,0.40073,46.41600227,08/07/2019
1562630400,0.40725,0.38875,0.39362,44.44286168404712,09/07/2019
1562716800,0.39646,0.34502,0.36154,36.83445109963403,10/07/2019
1562803200,0.36285,0.31574,0.32875,30.993831362387212,11/07/2019
1562889600,0.34988,0.31968,0.34336,35.87293011566341,12/07/2019
1562976000,0.34439,0.32359,0.33206,33.87776277684932,13/07/2019
1563062400,0.33549,0.2992,0.30366,29.445229552418425,14/07/2019
1563148800,0.32376,0.29474,0.31287,32.52830987609279,15/07/2019
1563235200,0.32032,0.286,0.29543,29.86685288225911,16/07/2019
1563321600,0.32365,0.29264,0.31032,34.77381634021276,17/07/2019
1563408000,0.327,0.30257,0.32035,37.92447128222216,18/07/2019
1563494400,0.32215,0.30959,0.3188,37.62203312508104,19/07/2019
1563580800,0.34094,0.31818,0.33279,42.10944047626203,20/07/2019
1563667200,0.33501,0.32053,0.33075,41.63904602845898,21/07/2019
1563753600,0.33259,0.3157,0.32111,39.399280496727684,22/07/2019
1563840000,0.32135,0.30572,0.30891,36.70816728604652,23/07/2019
1563926400,0.31905,0.30251,0.31548,39.11979360949927,24/07/2019
1564012800,0.323,0.31117,0.31335,38.60620150984955,25/07/2019
1564099200,0.32514,0.307,0.32303,42.312849178180386,26/07/2019
1564185600,0.32621,0.3054,0.30965,38.823702756812004,27/07/2019
1564272000,0.31478,0.3,0.31218,39.83399539566404,28/07/2019
1564358400,0.31478,0.306,0.31004,39.24364310285864,29/07/2019
1564444800,0.32213,0.30665,0.31823,42.74112145476618,30/07/2019
1564531200,0.32348,0.3151,0.31959,43.32456370094988,31/07/2019
1564617600,0.3199,0.3114,0.31575,42.02255324984295,01/08/2019
1564704000,0.31785,0.30836,0.31178,40.662007789994234,02/08/2019
1564790400,0.31747,0.31091,0.31596,42.76324966887618,03/08/2019
1564876800,0.32298,0.31181,0.31813,43.87439877798458,04/08/2019
1564963200,0.331,0.31798,0.32242,46.10207299152529,05/08/2019
1565049600,0.32421,0.308,0.3116,41.61563332520586,06/08/2019
1565136000,0.31688,0.30694,0.31109,41.41107109958415,07/08/2019
1565222400,0.31204,0.30452,0.30825,40.22529944389636,08/08/2019
1565308800,0.30921,0.2901,0.29649,35.67051670068092,09/08/2019
1565395200,0.30562,0.29237,0.29918,37.41617847163698,10/08/2019
1565481600,0.30605,0.29501,0.30316,40.01002453127621,11/08/2019
1565568000,0.30536,0.298,0.3006,38.893418892094495,12/08/2019
1565654400,0.30129,0.29295,0.298,37.741380771433136,13/08/2019
1565740800,0.29864,0.243,0.26353,26.524165096534077,14/08/2019
1565827200,0.2707,0.25875,0.26378,26.694337142025645,15/08/2019
1565913600,0.26526,0.25395,0.26047,25.840990441897887,16/08/2019
1566000000,0.26953,0.25648,0.26546,29.49991334229729,17/08/2019
1566086400,0.2919,0.26353,0.2832,40.701310289811076,18/08/2019
1566172800,0.29035,0.27558,0.28202,40.243285439811046,19/08/2019
1566259200,0.28234,0.2696,0.27432,37.294023842104615,20/08/2019
1566345600,0.27448,0.25871,0.26589,34.32790404688194,21/08/2019
1566432000,0.27419,0.26028,0.27039,37.199239723105784,22/08/2019
1566518400,0.27815,0.26727,0.27664,41.05410198746921,23/08/2019
1566604800,0.27726,0.2637,0.27137,38.88660135464232,24/08/2019
1566691200,0.27602,0.26597,0.26954,38.133702208265376,25/08/2019
1566777600,0.27969,0.26704,0.27051,38.809976325125795,26/08/2019
1566864000,0.27065,0.26513,0.26954,38.35841784019733,27/08/2019
1566950400,0.26974,0.24765,0.25629,32.75253104,28/08/2019
1567036800,0.26264,0.247,0.25698,33.29921019100682,29/08/2019
1567123200,0.2576,0.25199,0.25539,32.64072043966496,30/08/2019
1567209600,0.26047,0.25288,0.25747,34.46642230564349,31/08/2019
1567296000,0.25891,0.25,0.25593,33.73732558063972,01/09/2019
1567382400,0.26428,0.25295,0.2606,38.019135786531635,02/09/2019
1567468800,0.267,0.25751,0.26242,39.655703107093736,03/09/2019
1567555200,0.26299,0.25598,0.25843,37.328657930798535,04/09/2019
1567641600,0.25937,0.25337,0.25617,36.03866284521875,05/09/2019
1567728000,0.25868,0.24692,0.2511,33.261674881217616,06/09/2019
1567814400,0.26285,0.25009,0.25993,41.68905928,07/09/2019
1567900800,0.26591,0.2555,0.26205,43.53269207830376,08/09/2019
1567987200,0.26423,0.25634,0.25855,41.215804177307504,09/09/2019
1568073600,0.26371,0.2535,0.25859,41.25428482048868,10/09/2019
1568160000,0.26092,0.251,0.25519,38.92200550883943,11/09/2019
1568246400,0.25686,0.25087,0.25406,38.15005253007703,12/09/2019
1568332800,0.256,0.25132,0.2552,39.45468232031142,13/09/2019
1568419200,0.26551,0.25389,0.26124,45.95881764938269,14/09/2019
1568505600,0.26419,0.25386,0.26022,45.07812819221482,15/09/2019
1568592000,0.263,0.25664,0.26098,45.909835195804604,16/09/2019
1568678400,0.2985,0.25944,0.28561,64.61269506147694,17/09/2019
1568764800,0.32631,0.28493,0.31344,75.09250225671316,18/09/2019
1568851200,0.31345,0.28208,0.30062,65.47348383005911,19/09/2019
1568937600,0.30159,0.2835,0.2936,60.87507618508507,20/09/2019
1569024000,0.298,0.28625,0.28961,58.365952541518894,21/09/2019
1569110400,0.28982,0.2686,0.27653,50.95179864692361,22/09/2019
1569196800,0.28666,0.26601,0.26786,46.71574604462698,23/09/2019
1569283200,0.27317,0.21333,0.23282,34.30308937583088,24/09/2019
1569369600,0.24953,0.23132,0.2457,40.55552721508645,25/09/2019
1569456000,0.25,0.22775,0.2422,39.45661962002083,26/09/2019
1569542400,0.248,0.23296,0.24208,39.41718346,27/09/2019
1569628800,0.24433,0.238,0.24163,39.25872084714113,28/09/2019
1569715200,0.24261,0.23427,0.24024,38.74064299792185,29/09/2019
1569801600,0.26192,0.2354,0.2566,47.51901600576948,30/09/2019
1569888000,0.261,0.24441,0.24788,43.90743367406176,01/10/2019
1569974400,0.25481,0.24421,0.25247,46.22427984735664,02/10/2019
1570060800,0.25305,0.24159,0.24674,43.792531865411895,03/10/2019
1570147200,0.25664,0.2445,0.25243,46.78627411417643,04/10/2019
1570233600,0.2566,0.24671,0.25325,47.222543869365744,05/10/2019
1570320000,0.25634,0.2506,0.25552,48.48172848739786,06/10/2019
1570406400,0.28114,0.25333,0.27592,58.145960177161875,07/10/2019
1570492800,0.28548,0.27062,0.2774,58.750522026446255,08/10/2019
1570579200,0.28693,0.27358,0.28082,60.181832017915106,09/10/2019
1570665600,0.28168,0.26455,0.27021,53.929840976111166,10/10/2019
1570752000,0.27485,0.26431,0.26743,52.39399194761219,11/10/2019
1570838400,0.27729,0.26712,0.27226,54.802356351341665,12/10/2019
1570924800,0.28138,0.27109,0.27726,57.21534892508765,13/10/2019
1571011200,0.29779,0.27641,0.29727,65.21833898336527,14/10/2019
1571097600,0.299,0.283,0.28859,59.97739850653209,15/10/2019
1571184000,0.29219,0.27858,0.28331,56.977925175863334,16/10/2019
1571270400,0.3038,0.27969,0.30167,63.76403191637652,17/10/2019
1571356800,0.30207,0.28433,0.29404,59.559506607012636,18/10/2019
1571443200,0.29952,0.287,0.29145,58.15763624,19/10/2019
1571529600,0.29615,0.28091,0.29386,59.12179931921338,20/10/2019
1571616000,0.2942,0.28826,0.29187,57.934682022749485,21/10/2019
1571702400,0.30278,0.28862,0.29046,57.06043970757465,22/10/2019
1571788800,0.29127,0.25005,0.27306,47.52885033930205,23/10/2019
1571875200,0.28,0.26629,0.27596,49.05625636429536,24/10/2019
1571961600,0.3081,0.2742,0.29829,58.962154912596056,25/10/2019
1572048000,0.312,0.284,0.29351,56.43252850624796,26/10/2019
1572134400,0.30213,0.28901,0.29818,58.31420431509611,27/10/2019
1572220800,0.3051,0.29309,0.29447,56.23622916189824,28/10/2019
1572307200,0.30972,0.29416,0.30192,59.367405970690335,29/10/2019
1572393600,0.30636,0.29016,0.29471,55.24766015485812,30/10/2019
1572480000,0.29874,0.28777,0.29452,55.13907140937144,31/10/2019
1572566400,0.2946,0.28448,0.29146,53.32136113389332,01/11/2019
1572652800,0.2975,0.29112,0.29456,54.94191292449381,02/11/2019
1572739200,0.29614,0.28855,0.29024,52.22110714,03/11/2019
1572825600,0.2999,0.2891,0.29863,56.705366573226094,04/11/2019
1572912000,0.30443,0.29416,0.30061,57.71401317946065,05/11/2019
1572998400,0.31367,0.2961,0.31009,62.24886227624226,06/11/2019
1573084800,0.3149,0.27503,0.29061,50.30948801758977,07/11/2019
1573171200,0.291,0.27023,0.27547,43.35022694311903,08/11/2019
1573257600,0.28156,0.2745,0.2799,45.716389050985974,09/11/2019
1573344000,0.284,0.27658,0.27894,45.27506500249946,10/11/2019
1573430400,0.28106,0.26935,0.27423,43.0778428,11/11/2019
1573516800,0.27641,0.2676,0.27222,42.138013912144224,12/11/2019
1573603200,0.27563,0.27013,0.27202,42.039732043492634,13/11/2019
1573689600,0.27294,0.26354,0.26795,39.995368433771446,14/11/2019
1573776000,0.26952,0.25303,0.26069,36.578336422562586,15/11/2019
1573862400,0.26444,0.25911,0.26218,37.753739816303685,16/11/2019
1573948800,0.266,0.25891,0.26311,38.51963112084768,17/11/2019
1574035200,0.26318,0.2411,0.25179,33.169748903793646,18/11/2019
1574121600,0.25654,0.243,0.25398,35.049191367321654,19/11/2019
1574208000,0.25861,0.24809,0.25014,33.28179299756134,20/11/2019
1574294400,0.25349,0.23613,0.24345,30.405166901853107,21/11/2019
1574380800,0.2459,0.22122,0.23,25.612199951038747,22/11/2019
1574467200,0.23541,0.22526,0.23407,29.24682634464223,23/11/2019
1574553600,0.23466,0.21829,0.21989,24.71577662769117,24/11/2019
1574640000,0.225,0.20013,0.21731,23.987602762294074,25/11/2019
1574726400,0.2219,0.21327,0.2206,26.943442644771253,26/11/2019
1574812800,0.2295,0.21259,0.224,29.974006618870547,27/11/2019
1574899200,0.22946,0.22246,0.22313,29.635242227888796,28/11/2019
1574985600,0.23229,0.22245,0.22998,35.78871544841736,29/11/2019
1575072000,0.23192,0.22354,0.2255,33.71224876733159,30/11/2019
1575158400,0.2255,0.2186,0.22477,33.37246961237159,01/12/2019
1575244800,0.22623,0.21731,0.21914,30.794639177572876,02/12/2019
1575331200,0.22182,0.2178,0.21951,31.170923354787078,03/12/2019
1575417600,0.22491,0.20952,0.2139,28.629184020092694,04/12/2019
1575504000,0.2262,0.212,0.22118,35.930269622839475,05/12/2019
1575590400,0.2268,0.2191,0.22546,39.82754911791518,06/12/2019
1575676800,0.228,0.22281,0.22699,41.204396656956646,07/12/2019
1575763200,0.232,0.2237,0.22909,43.12793006744383,08/12/2019
1575849600,0.23083,0.22113,0.22445,40.01305945475222,09/12/2019
1575936000,0.2256,0.21894,0.22256,38.78430277344698,10/12/2019
1576022400,0.22365,0.21973,0.22093,37.70878604936475,11/12/2019
1576108800,0.22322,0.2164,0.21837,36.01937846976253,12/12/2019
1576195200,0.22074,0.21537,0.22054,38.53321390936757,13/12/2019
1576281600,0.22086,0.21463,0.21605,35.43118817143568,14/12/2019
1576368000,0.21939,0.21463,0.21735,37.012246802395715,15/12/2019
1576454400,0.21747,0.202,0.2055,29.839621125610122,16/12/2019
1576540800,0.20568,0.17754,0.1831,21.398078121815033,17/12/2019
1576627200,0.2,0.175,0.19573,32.920830413535896,18/12/2019
1576713600,0.19706,0.18447,0.1878,29.951887937439025,19/12/2019
1576800000,0.19787,0.18369,0.19521,35.78003830066561,20/12/2019
1576886400,0.19617,0.18993,0.19143,34.21608801832009,21/12/2019
1576972800,0.19665,0.19045,0.19649,38.115570162662884,22/12/2019
1577059200,0.19974,0.18809,0.18953,35.03889889389393,23/12/2019
1577145600,0.19413,0.18745,0.19077,36.029627457079044,24/12/2019
1577232000,0.19137,0.18633,0.18852,34.98694318541682,25/12/2019
1577318400,0.1941,0.18722,0.18923,35.62008928,26/12/2019
1577404800,0.19015,0.1848,0.19003,36.372002854429155,27/12/2019
1577491200,0.19469,0.18969,0.1932,39.392628869203406,28/12/2019
1577577600,0.1985,0.1908,0.19653,42.48167632687928,29/12/2019
1577664000,0.1979,0.19206,0.19326,40.30902692392662,30/12/2019
1577750400,0.19422,0.18988,0.19295,40.09965076910307,31/12/2019
1577836800,0.19526,0.19219,0.19305,40.20754402214364,01/01/2020
1577923200,0.19304,0.18508,0.1875,36.29963164384254,02/01/2020
1578009600,0.19395,0.1845,0.19338,42.65844086247048,03/01/2020
1578096000,0.19363,0.19119,0.19305,42.40261304294229,04/01/2020
1578182400,0.19722,0.19288,0.19453,44.023965298483965,05/01/2020
1578268800,0.22396,0.19421,0.2231,64.68845026,06/01/2020
1578355200,0.2255,0.20702,0.21335,56.96032782154401,07/01/2020
1578441600,0.21836,0.20311,0.2075,52.87843346,08/01/2020
1578528000,0.20877,0.20126,0.20373,50.37314072358475,09/01/2020
1578614400,0.21318,0.20023,0.21284,55.820236313456874,10/01/2020
1578700800,0.21994,0.20852,0.21121,54.664112314182674,11/01/2020
1578787200,0.21713,0.20941,0.21539,57.11696582827203,12/01/2020
1578873600,0.2156,0.2096,0.21134,54.06480406609857,13/01/2020
1578960000,0.24526,0.21134,0.23464,65.49018385194945,14/01/2020
1579046400,0.24356,0.2263,0.23367,64.76793704097147,15/01/2020
1579132800,0.23501,0.2223,0.229,61.264852295405554,16/01/2020
1579219200,0.24453,0.22659,0.23921,65.64039822,17/01/2020
1579305600,0.25456,0.23183,0.24357,67.33718053922681,18/01/2020
1579392000,0.25175,0.227,0.23558,61.357341219118254,19/01/2020
1579478400,0.23672,0.22415,0.23314,59.61622878656645,20/01/2020
1579564800,0.242,0.23,0.23726,61.59779469822598,21/01/2020
1579651200,0.23996,0.23213,0.23733,61.63224187079704,22/01/2020
1579737600,0.23746,0.22123,0.22586,53.2097819,23/01/2020
1579824000,0.2263,0.21378,0.22222,50.83556028569178,24/01/2020
1579910400,0.22271,0.21662,0.21946,49.04846552343213,25/01/2020
1579996800,0.23276,0.218,0.23131,56.172423875704496,26/01/2020
1580083200,0.23393,0.2263,0.23077,55.789618884757495,27/01/2020
1580169600,0.24162,0.23077,0.23906,60.266325290399294,28/01/2020
1580256000,0.24197,0.23425,0.23539,57.49089916177468,29/01/2020
1580342400,0.24669,0.23056,0.24376,61.81049458379992,30/01/2020
1580428800,0.24486,0.2335,0.23946,58.52048795404517,31/01/2020
1580515200,0.24304,0.23684,0.24141,59.57141822177419,01/02/2020
1580601600,0.26163,0.2355,0.25093,64.32374737013653,02/02/2020
1580688000,0.2595,0.24678,0.25453,65.95356812972936,03/02/2020
1580774400,0.271,0.24752,0.26737,71.03594817229191,04/02/2020
1580860800,0.2824,0.26737,0.27774,74.36436716828914,05/02/2020
1580947200,0.28856,0.26778,0.28325,75.94606095276313,06/02/2020
1581033600,0.28832,0.27766,0.27953,72.68542923297424,07/02/2020
1581120000,0.28223,0.2636,0.27735,70.76794708204623,08/02/2020
1581206400,0.28924,0.27622,0.28257,72.62986127277794,09/02/2020
1581292800,0.28322,0.2673,0.27338,64.80400473,10/02/2020
1581379200,0.2835,0.26738,0.281,67.89315115693675,11/02/2020
1581465600,0.309,0.28091,0.30427,75.08489308337293,12/02/2020
1581552000,0.34,0.3,0.32709,79.85126685656192,13/02/2020
1581638400,0.33942,0.3104,0.33594,81.34200901609333,14/02/2020
1581724800,0.34676,0.2955,0.30729,64.66280356867676,15/02/2020
1581811200,0.31892,0.27,0.29224,57.941593691194996,16/02/2020
1581897600,0.29511,0.26821,0.28736,55.91219455680302,17/02/2020
1581984000,0.30273,0.27474,0.29827,59.34085799442444,18/02/2020
1582070400,0.30777,0.27007,0.27466,50.23592599497195,19/02/2020
1582156800,0.28168,0.26109,0.2709,48.94787439,20/02/2020
1582243200,0.27898,0.2678,0.27418,50.148662416680104,21/02/2020
1582329600,0.2785,0.27,0.27468,50.34041290037923,22/02/2020
1582416000,0.28467,0.27462,0.28298,53.53543798184873,23/02/2020
1582502400,0.28425,0.26401,0.2704,48.44762762,24/02/2020
1582588800,0.271,0.251,0.25209,42.16635048082199,25/02/2020
1582675200,0.25512,0.22271,0.22915,35.88838272565198,26/02/2020
1582761600,0.24722,0.22363,0.2385,39.82116346499035,27/02/2020
1582848000,0.244,0.2285,0.23663,39.30189591689047,28/02/2020
1582934400,0.24244,0.2287,0.22892,37.15087918779594,29/02/2020
1583020800,0.23607,0.22428,0.22696,36.60244221,01/03/2020
1583107200,0.24149,0.22582,0.23958,42.48943166350945,02/03/2020
1583193600,0.2397,0.22942,0.23428,40.77690937167407,03/03/2020
1583280000,0.23839,0.23,0.23453,40.89791537951561,04/03/2020
1583366400,0.2432,0.23449,0.23909,43.17845903449311,05/03/2020
1583452800,0.24629,0.23804,0.24477,45.974861375577596,06/03/2020
1583539200,0.245,0.235,0.23622,42.578025020628445,07/03/2020
1583625600,0.23624,0.2,0.20385,32.72106674338113,08/03/2020
1583712000,0.2115,0.19787,0.20952,35.53619623355189,09/03/2020
1583798400,0.21567,0.19979,0.21185,36.70818745331769,10/03/2020
1583884800,0.2138,0.199,0.20813,35.59549493416226,11/03/2020
1583971200,0.20988,0.12798,0.13549,21.738688587127868,12/03/2020
1584057600,0.16614,0.10129,0.15872,30.99065551076295,13/03/2020
1584144000,0.161,0.14351,0.14588,28.953218041712816,14/03/2020
1584230400,0.16422,0.14449,0.15308,31.666166046342752,15/03/2020
1584316800,0.15338,0.12815,0.14102,29.625542623759685,16/03/2020
1584403200,0.1519,0.13962,0.14694,31.94396783016134,17/03/2020
1584489600,0.14938,0.14001,0.1476,32.21209274368209,18/03/2020
1584576000,0.17257,0.14428,0.1646,38.89044516852904,19/03/2020
1584662400,0.175,0.14504,0.15695,37.118287978948885,20/03/2020
1584748800,0.16196,0.15156,0.15797,37.527053948695716,21/03/2020
1584835200,0.16178,0.14611,0.14776,35.06956798800104,22/03/2020
1584921600,0.16163,0.14472,0.15854,39.56925420969654,23/03/2020
1585008000,0.16387,0.15689,0.16225,41.082529235137486,24/03/2020
1585094400,0.16524,0.15667,0.16168,40.91301466928234,25/03/2020
1585180800,0.17742,0.15984,0.17593,46.820697580307986,26/03/2020
1585267200,0.18724,0.16936,0.17269,45.70184238728555,27/03/2020
1585353600,0.17984,0.16637,0.17543,46.85838329996241,28/03/2020
1585440000,0.1767,0.16184,0.16278,42.371223300629794,29/03/2020
1585526400,0.17546,0.16242,0.17112,46.03996144178611,30/03/2020
1585612800,0.17789,0.17044,0.17353,47.08821277,31/03/2020
1585699200,0.1763,0.16783,0.17494,47.72801960515815,01/04/2020
1585785600,0.1865,0.17384,0.17828,49.29218746990475,02/04/2020
1585872000,0.18277,0.17568,0.17957,49.91555644662108,03/04/2020
1585958400,0.18365,0.1777,0.18114,50.70974927604384,04/04/2020
1586044800,0.18206,0.17627,0.17925,49.688283229098346,05/04/2020
1586131200,0.19834,0.17917,0.19803,58.60996508,06/04/2020
1586217600,0.20519,0.18986,0.19285,55.677222064676236,07/04/2020
1586304000,0.20294,0.19155,0.20192,59.49871900868817,08/04/2020
1586390400,0.20231,0.1938,0.19829,57.36689234393882,09/04/2020
1586476800,0.19872,0.18119,0.18758,51.50350495,10/04/2020
1586563200,0.19213,0.185,0.1885,51.95775356911473,11/04/2020
1586649600,0.19567,0.18616,0.18939,52.42202935670475,12/04/2020
1586736000,0.18947,0.18011,0.18763,51.36490385,13/04/2020
1586822400,0.18931,0.18313,0.18613,50.43148249131539,14/04/2020
1586908800,0.18973,0.18,0.1805,46.980589187826226,15/04/2020
1586995200,0.19399,0.174,0.19053,53.13336124101061,16/04/2020
1587081600,0.19185,0.18618,0.18863,51.90456787092562,17/04/2020
1587168000,0.19715,0.18838,0.19544,55.84604802605199,18/04/2020
1587254400,0.19638,0.18772,0.18901,51.55033236426676,19/04/2020
1587340800,0.19453,0.17821,0.18151,47.00827733220782,20/04/2020
1587427200,0.18637,0.18109,0.18341,48.25219007664072,21/04/2020
1587513600,0.18964,0.18202,0.18804,51.25497515455227,22/04/2020
1587600000,0.19951,0.18558,0.1926,54.08110577782839,23/04/2020
1587686400,0.19695,0.19197,0.19325,54.48618352521638,24/04/2020
1587772800,0.19776,0.1916,0.19418,55.09653652084441,25/04/2020
1587859200,0.19775,0.19133,0.19618,56.449127289761066,26/04/2020
1587945600,0.19979,0.19407,0.19747,57.34168171452131,27/04/2020
1588032000,0.21806,0.19459,0.21416,66.81718659717902,28/04/2020
1588118400,0.23075,0.20981,0.22648,71.79719415226705,29/04/2020
1588204800,0.2359,0.20816,0.21135,59.90658135621888,30/04/2020
1588291200,0.22418,0.21117,0.21786,62.764077337713054,01/05/2020
1588377600,0.22575,0.21534,0.22369,65.15891696442964,02/05/2020
1588464000,0.22667,0.2154,0.21936,61.971001085997536,03/05/2020
1588550400,0.22057,0.20713,0.21776,60.787512330142924,04/05/2020
1588636800,0.22213,0.21316,0.21688,60.10760082,05/05/2020
1588723200,0.2224,0.21029,0.21158,56.041958183651694,06/05/2020
1588809600,0.2211,0.20934,0.21862,59.919971561746294,07/05/2020
1588896000,0.22199,0.21423,0.21865,59.936191771739416,08/05/2020
1588982400,0.225,0.21554,0.21642,58.05540567,09/05/2020
1589068800,0.21651,0.178,0.19702,44.865438160818215,10/05/2020
1589155200,0.20031,0.184,0.19254,42.46603230279961,11/05/2020
1589241600,0.2001,0.19128,0.19711,45.65863734569971,12/05/2020
1589328000,0.20429,0.19564,0.20177,48.77980093646616,13/05/2020
1589414400,0.20636,0.19838,0.20386,50.16237498,14/05/2020
1589500800,0.20467,0.19505,0.19818,46.48963638219744,15/05/2020
1589587200,0.2025,0.19664,0.19969,47.58827206753306,16/05/2020
1589673600,0.20465,0.19889,0.20131,48.80273786066966,17/05/2020
1589760000,0.20805,0.2007,0.20543,51.85799566056183,18/05/2020
1589846400,0.20668,0.20087,0.20496,51.48057140380738,19/05/2020
1589932800,0.20624,0.1975,0.20179,48.895745817301886,20/05/2020
1590019200,0.20305,0.18928,0.19434,43.38276132593752,21/05/2020
1590105600,0.2025,0.19212,0.20034,48.426176137730664,22/05/2020
1590192000,0.20216,0.19793,0.19883,47.28459686111448,23/05/2020
1590278400,0.20122,0.19222,0.19256,42.77543701379502,24/05/2020
1590364800,0.19719,0.18972,0.19622,46.01191102006716,25/05/2020
1590451200,0.19695,0.19139,0.19372,44.174099577973536,26/05/2020
1590537600,0.20048,0.19355,0.19791,47.92808778421085,27/05/2020
1590624000,0.20095,0.19502,0.20052,50.17564135533622,28/05/2020
1590710400,0.20292,0.19622,0.19759,47.68723956270575,29/05/2020
1590796800,0.208,0.19596,0.20701,55.353490788872975,30/05/2020
1590883200,0.21356,0.20026,0.20245,51.42481012154316,31/05/2020
1590969600,0.21268,0.20112,0.211,57.513681148318945,01/06/2020
1591056000,0.2147,0.1961,0.20301,51.07106139500054,02/06/2020
1591142400,0.20487,0.2008,0.2041,51.86325701743908,03/06/2020
1591228800,0.20724,0.19957,0.20427,51.993805260883775,04/06/2020
1591315200,0.20585,0.20129,0.20274,50.662110170302746,05/06/2020
1591401600,0.20484,0.20125,0.20361,51.423991837517754,06/06/2020
1591488000,0.20496,0.19839,0.20329,51.111355280968475,07/06/2020
1591574400,0.20444,0.20116,0.20403,51.84051427633352,08/06/2020
1591660800,0.20528,0.2,0.20127,48.91044492902256,09/06/2020
1591747200,0.20388,0.1985,0.20266,50.43000500453962,10/06/2020
1591833600,0.2036,0.1846,0.18817,37.80627033,11/06/2020
1591920000,0.19505,0.1869,0.19307,43.00226637678792,12/06/2020
1592006400,0.19379,0.19076,0.19234,42.43348887,13/06/2020
1592092800,0.19249,0.1887,0.19022,40.74789131253991,14/06/2020
1592179200,0.19344,0.18202,0.19238,43.222595324622716,15/06/2020
1592265600,0.19404,0.19007,0.19238,43.222595324622716,16/06/2020
1592352000,0.19895,0.18846,0.19315,44.18634938725707,17/06/2020
1592438400,0.19325,0.18802,0.18975,40.88615282304805,18/06/2020
1592524800,0.19036,0.18658,0.18722,38.57723202271901,19/06/2020
1592611200,0.18897,0.18488,0.18792,39.59366207846374,20/06/2020
1592697600,0.18848,0.18565,0.18602,37.766828942699725,21/06/2020
1592784000,0.19051,0.18569,0.18928,42.65573696216598,22/06/2020
1592870400,0.19042,0.18831,0.18889,42.228345646137804,23/06/2020
1592956800,0.19016,0.1799,0.18348,36.73050128765911,24/06/2020
1593043200,0.18414,0.17849,0.18156,34.98944017987421,25/06/2020
1593129600,0.18694,0.17848,0.18249,36.55810342047028,26/06/2020
1593216000,0.1835,0.169,0.17509,30.294275253717828,27/06/2020
1593302400,0.17983,0.17337,0.17693,33.35210568035387,28/06/2020
1593388800,0.17939,0.17487,0.17726,33.91205407614825,29/06/2020
1593475200,0.17775,0.17487,0.17533,32.20773908605727,30/06/2020
1593561600,0.17814,0.17373,0.17647,34.30784642647873,01/07/2020
1593648000,0.1777,0.172,0.17477,32.68193140899798,02/07/2020
1593734400,0.17865,0.1743,0.1762,35.45303041067804,03/07/2020
1593820800,0.17964,0.17593,0.17808,39.00772058714042,04/07/2020
1593907200,0.1788,0.17372,0.17695,37.66504926205348,05/07/2020
1593993600,0.18934,0.17644,0.18875,55.06049820484691,06/07/2020
1594080000,0.18969,0.18312,0.18508,50.35391239367503,07/07/2020
1594166400,0.20669,0.18382,0.20551,67.17508943474563,08/07/2020
1594252800,0.21186,0.19667,0.20263,63.88880664,09/07/2020
1594339200,0.20272,0.19252,0.19909,60.00313515562956,10/07/2020
1594425600,0.20482,0.19792,0.2011,61.43725906918467,11/07/2020
1594512000,0.20401,0.19758,0.20128,61.57014853755556,12/07/2020
1594598400,0.2066,0.191,0.19867,58.42614801558483,13/07/2020
1594684800,0.19978,0.195,0.19909,58.79081787513526,14/07/2020
1594771200,0.1999,0.19635,0.19721,56.40577380609542,15/07/2020
1594857600,0.19756,0.18822,0.19444,52.994442963908604,16/07/2020
1594944000,0.19824,0.19125,0.1944,52.94464779057555,17/07/2020
1595030400,0.20203,0.19392,0.1999,58.69212377739553,18/07/2020
1595116800,0.20205,0.19574,0.19956,58.218720019734036,19/07/2020
1595203200,0.20019,0.19194,0.19465,51.72970026194455,20/07/2020
1595289600,0.201,0.19386,0.19949,56.836845128399254,21/07/2020
1595376000,0.20441,0.196,0.20348,60.54308500917326,22/07/2020
1595462400,0.21584,0.20142,0.20851,64.66250334339432,23/07/2020
1595548800,0.20855,0.20189,0.20392,58.645542775164444,24/07/2020
1595635200,0.21756,0.2035,0.21463,66.48265008694923,25/07/2020
1595721600,0.22499,0.21255,0.21532,66.91763512496077,26/07/2020
1595808000,0.23,0.20861,0.22437,72.04254718975652,27/07/2020
1595894400,0.23476,0.217,0.23029,74.79336915043449,28/07/2020
1595980800,0.25,0.22919,0.24327,79.54552689396675,29/07/2020
1596067200,0.24954,0.233,0.24408,79.80143938182347,30/07/2020
1596153600,0.26042,0.24158,0.25939,83.90129813528648,31/07/2020
1596240000,0.29739,0.25557,0.29089,88.89551138463426,01/08/2020
1596326400,0.32628,0.2476,0.28803,86.27842185341831,02/08/2020
1596412800,0.31999,0.28357,0.31016,88.98151342614969,03/08/2020
1596499200,0.31926,0.29038,0.30138,82.07343747343944,04/08/2020
1596585600,0.30813,0.2908,0.30228,82.22576587648568,05/08/2020
1596672000,0.31126,0.29722,0.30311,82.37451187401213,06/08/2020
1596758400,0.31037,0.27936,0.29437,75.23464233419244,07/08/2020
1596844800,0.2987,0.2898,0.29527,75.47042033918464,08/08/2020
1596931200,0.29839,0.28215,0.2879,69.62477888,09/08/2020
1597017600,0.30008,0.28301,0.29469,71.79251651430349,10/08/2020
1597104000,0.30736,0.26727,0.2831,63.46662039637336,11/08/2020
1597190400,0.28737,0.27139,0.28233,62.94434388482012,12/08/2020
1597276800,0.29561,0.27243,0.2942,67.39824687535447,13/08/2020
1597363200,0.3073,0.28918,0.29995,69.32185729,14/08/2020
1597449600,0.30537,0.2907,0.29884,68.48183392460844,15/08/2020
1597536000,0.3048,0.29186,0.30455,70.46455878,16/08/2020
1597622400,0.32689,0.29702,0.31539,73.83028207467059,17/08/2020
1597708800,0.32156,0.29614,0.30251,64.43465599848713,18/08/2020
1597795200,0.30616,0.27809,0.28975,56.73202680965217,19/08/2020
1597881600,0.29465,0.28431,0.29218,57.767424813304764,20/08/2020
1597968000,0.29585,0.27671,0.27933,50.83921340643533,21/08/2020
1598054400,0.28663,0.2733,0.28592,53.89321944918379,22/08/2020
1598140800,0.28808,0.27698,0.2848,53.28733147516076,23/08/2020
1598227200,0.292,0.28224,0.2884,55.03710418916533,24/08/2020
1598313600,0.28959,0.27,0.27625,48.44192211334817,25/08/2020
1598400000,0.28078,0.2739,0.27653,48.594800011962896,26/08/2020
1598486400,0.27833,0.25453,0.26469,42.81371618921369,27/08/2020
1598572800,0.2732,0.26,0.27174,46.86699037,28/08/2020
1598659200,0.27685,0.26865,0.2738,48.02619838692195,29/08/2020
1598745600,0.28389,0.27375,0.28302,52.971641033844406,30/08/2020
1598832000,0.2845,0.27804,0.28115,51.89312676904793,31/08/2020
1598918400,0.29884,0.27574,0.29521,58.70152403943915,01/09/2020
1599004800,0.304,0.2622,0.27595,48.56253307445607,02/09/2020
1599091200,0.2765,0.238,0.24409,37.135996511503606,03/09/2020
1599177600,0.26582,0.24012,0.25385,41.664308699582136,04/09/2020
1599264000,0.25951,0.231,0.23738,36.84149943140525,05/09/2020
1599350400,0.24358,0.22937,0.23986,38.00518077,06/09/2020
1599436800,0.24292,0.22962,0.24198,39.03918399526643,07/09/2020
1599523200,0.24365,0.2312,0.23657,37.328186120267304,08/09/2020
1599609600,0.24278,0.23303,0.23901,38.63450800873998,09/09/2020
1599696000,0.24871,0.23878,0.24302,40.817782801321485,10/09/2020
1599782400,0.2444,0.23683,0.24252,40.62370581769021,11/09/2020
1599868800,0.24879,0.24019,0.24752,43.51595113601987,12/09/2020
1599955200,0.2535,0.23757,0.24218,41.20733109590237,13/09/2020
1600041600,0.2484,0.23901,0.24564,43.30607771730542,14/09/2020
1600128000,0.2494,0.24225,0.24331,42.21325385476119,15/09/2020
1600214400,0.25117,0.2341,0.24686,44.51081349,16/09/2020
1600300800,0.2586,0.24601,0.25214,47.83300471215202,17/09/2020
1600387200,0.25522,0.2463,0.25065,46.978233319810315,18/09/2020
1600473600,0.25497,0.24733,0.25112,47.29815553910333,19/09/2020
1600560000,0.25125,0.2423,0.24652,44.47000792533192,20/09/2020
1600646400,0.24809,0.22915,0.23102,36.54133011844827,21/09/2020
1600732800,0.23459,0.22916,0.23302,38.07551930469384,22/09/2020
1600819200,0.2352,0.22017,0.22164,33.16266065419191,23/09/2020
1600905600,0.23401,0.21944,0.23276,41.152914889848546,24/09/2020
1600992000,0.24477,0.2295,0.24154,46.58287190749453,25/09/2020
1601078400,0.24568,0.23764,0.24153,46.577600352836875,26/09/2020
1601164800,0.24474,0.23729,0.24334,47.73058455116996,27/09/2020
1601251200,0.24851,0.23979,0.24107,46.37866704551516,28/09/2020
1601337600,0.24662,0.2383,0.24285,47.631244302611954,29/09/2020
1601424000,0.24289,0.2375,0.24171,46.876000793277065,30/09/2020
1601510400,0.24452,0.23372,0.23819,44.52824383058011,01/10/2020
1601596800,0.23937,0.22829,0.23386,41.757675799600015,02/10/2020
1601683200,0.23499,0.23254,0.23273,41.040020248607505,03/10/2020
1601769600,0.25024,0.23159,0.24794,52.79892936595138,04/10/2020
1601856000,0.25442,0.24628,0.2503,54.32119999031306,05/10/2020
1601942400,0.25932,0.24021,0.24545,50.70225710260937,06/10/2020
1602028800,0.25141,0.24077,0.2487,52.96363146569873,07/10/2020
1602115200,0.25297,0.24206,0.25141,54.824513653290225,08/10/2020
1602201600,0.25665,0.24935,0.25293,55.87887778895424,09/10/2020
1602288000,0.26071,0.25265,0.25402,56.660044702814226,10/10/2020
1602374400,0.25842,0.25321,0.25544,57.71049715659284,11/10/2020
1602460800,0.25826,0.24732,0.25603,58.164213299630894,12/10/2020
1602547200,0.25997,0.25267,0.2565,58.54576299198368,13/10/2020
1602633600,0.2584,0.24593,0.24906,50.66809764583468,14/10/2020
1602720000,0.25014,0.24287,0.24596,47.78307270103844,15/10/2020
1602806400,0.24787,0.2375,0.24011,42.82726782444303,16/10/2020
1602892800,0.24329,0.23853,0.24057,43.325025660945045,17/10/2020
1602979200,0.24362,0.24005,0.24221,45.158231819990405,18/10/2020
1603065600,0.24945,0.24011,0.24558,48.82157518223628,19/10/2020
1603152000,0.25039,0.2411,0.24322,46.48004631851307,20/10/2020
1603238400,0.25555,0.24249,0.25088,54.16416896574797,21/10/2020
1603324800,0.26357,0.25077,0.25709,59.269728848709406,22/10/2020
1603411200,0.25921,0.25005,0.25471,56.664652049132805,23/10/2020
1603497600,0.25763,0.25253,0.2562,57.91186682810775,24/10/2020
1603584000,0.25714,0.25105,0.25313,54.435557408295445,25/10/2020
1603670400,0.2591,0.24341,0.2481,49.222105842444755,26/10/2020
1603756800,0.25398,0.24743,0.25273,53.62487070323165,27/10/2020
1603843200,0.25666,0.2444,0.2454,46.71853494985503,28/10/2020
1603929600,0.24702,0.2396,0.24239,44.20108105552582,29/10/2020
1604016000,0.24402,0.23057,0.23905,41.52704075121095,30/10/2020
1604102400,0.24351,0.23743,0.23968,42.23688719754242,31/10/2020
1604188800,0.24138,0.23648,0.23999,42.60610350693557,01/11/2020
1604275200,0.2452,0.23264,0.23523,38.53327476,02/11/2020
1604361600,0.24425,0.22772,0.2396,43.840937824235866,03/11/2020
1604448000,0.24045,0.23213,0.23758,42.034098144196086,04/11/2020
1604534400,0.24743,0.23712,0.24561,50.72755930853933,05/11/2020
1604620800,0.2614,0.24508,0.25863,60.95310974807708,06/11/2020
1604707200,0.26733,0.24419,0.2491,52.38379359,07/11/2020
1604793600,0.25701,0.24724,0.25374,55.65287356757831,08/11/2020
1604880000,0.2562,0.24557,0.25059,52.99296779212058,09/11/2020
1604966400,0.265,0.24806,0.2538,55.33567798386135,10/11/2020
1605052800,0.26,0.25209,0.25581,56.78791228839187,11/11/2020
1605139200,0.25818,0.2525,0.2549,55.90171364,12/11/2020
1605225600,0.2659,0.2535,0.2659,63.347559698975175,13/11/2020
1605312000,0.2777,0.26128,0.26824,64.71252248163668,14/11/2020
1605398400,0.27677,0.26405,0.26954,65.48161842116653,15/11/2020
1605484800,0.28998,0.26737,0.28813,74.15602743711358,16/11/2020
1605571200,0.305,0.28722,0.30247,78.61940565,17/11/2020
1605657600,0.30818,0.28055,0.29335,70.30346264422981,18/11/2020
1605744000,0.30659,0.284,0.30358,73.66803928416299,19/11/2020
1605830400,0.33091,0.29679,0.32991,79.96106115224201,20/11/2020
1605916800,0.4695,0.32929,0.46283,91.28466065832652,21/11/2020
1606003200,0.49659,0.40155,0.44611,84.79376922,22/11/2020
1606089600,0.61984,0.43232,0.61579,91.44330784858222,23/11/2020
1606176000,0.78068,0.56777,0.694,92.96939388103289,24/11/2020
1606262400,0.725,0.58405,0.63022,80.37941846,25/11/2020
1606348800,0.652,0.456,0.53654,66.19915287,26/11/2020
1606435200,0.58669,0.50345,0.5623,67.87731899,27/11/2020
1606521600,0.64888,0.5387,0.62579,71.61757261924188,28/11/2020
1606608000,0.637,0.58285,0.60543,68.84907283706892,29/11/2020
1606694400,0.6791,0.59881,0.66417,72.18931143488004,30/11/2020
1606780800,0.681,0.56401,0.61088,65.34377915755908,01/12/2020
1606867200,0.6368,0.59455,0.62972,66.55140410551829,02/12/2020
1606953600,0.6418,0.6149,0.63046,66.60063351290748,03/12/2020
1607040000,0.6342,0.54253,0.55367,57.193616928650904,04/12/2020
1607126400,0.59628,0.54833,0.58517,59.70773571311542,05/12/2020
1607212800,0.62801,0.57907,0.62107,62.41691800894131,06/12/2020
1607299200,0.624,0.59084,0.60818,60.83525115860588,07/12/2020
1607385600,0.61048,0.55,0.5589,55.08785636587011,08/12/2020
1607472000,0.60544,0.50383,0.58265,57.187123612748195,09/12/2020
1607558400,0.58848,0.55318,0.57267,56.002546515151046,10/12/2020
1607644800,0.58697,0.52594,0.54945,53.23933543327419,11/12/2020
1607731200,0.55102,0.48521,0.50658,48.48300749990484,12/12/2020
1607817600,0.5278,0.4855,0.51365,49.28765099688677,13/12/2020
1607904000,0.51852,0.48901,0.4974,47.45307381068313,14/12/2020
1607990400,0.50715,0.46433,0.46793,44.23721412759204,15/12/2020
1608076800,0.57477,0.43722,0.56941,55.43663827978855,16/12/2020
1608163200,0.65852,0.5358,0.5769,56.13686224181785,17/12/2020
1608249600,0.61346,0.55101,0.58337,56.76878444730658,18/12/2020
1608336000,0.60377,0.56588,0.57666,55.869816741702536,19/12/2020
1608422400,0.58658,0.5287,0.55586,53.064609408989085,20/12/2020
1608508800,0.56935,0.49825,0.51445,47.907377133049735,21/12/2020
1608595200,0.52213,0.40215,0.44642,40.878491112938825,22/12/2020
1608681600,0.44842,0.21164,0.2605,28.550186053042253,23/12/2020
1608768000,0.3778,0.24003,0.33863,37.130877944594765,24/12/2020
1608854400,0.3855,0.2797,0.31768,35.886359062343374,25/12/2020
1608940800,0.32723,0.28303,0.29481,34.52592223198076,26/12/2020
1609027200,0.312,0.266,0.28407,33.87643666421998,27/12/2020
1609113600,0.31,0.2341,0.24845,31.743613279146828,28/12/2020
1609200000,0.25167,0.17351,0.22142,30.190291975004058,29/12/2020
1609286400,0.23665,0.19186,0.21138,29.61069528752651,30/12/2020
1609372800,0.22949,0.20521,0.21959,30.78094455485406,31/12/2020
1609459200,0.25,0.216,0.23746,33.377276193881784,01/01/2021
1609545600,0.23823,0.21084,0.22064,32.154729434126125,02/01/2021
1609632000,0.23852,0.215,0.2254,32.903723967159834,03/01/2021
1609718400,0.26091,0.218,0.23565,34.57859184311582,04/01/2021
1609804800,0.24269,0.21774,0.22573,33.70177791742027,05/01/2021
1609891200,0.2745,0.22139,0.24854,37.61876721516256,06/01/2021
1609977600,0.37,0.2453,0.32389,48.4529668,07/01/2021
1610064000,0.3467,0.28487,0.32032,48.027367116924836,08/01/2021
1610150400,0.3395,0.30523,0.32419,48.55490341291857,09/01/2021
1610236800,0.368,0.28708,0.31491,47.31469306936764,10/01/2021
1610323200,0.31627,0.25343,0.28743,43.75097434117542,11/01/2021
1610409600,0.31003,0.27743,0.29254,44.58678820439346,12/01/2021
1610496000,0.31,0.2848,0.30582,46.79924217068968,13/01/2021
1610582400,0.309,0.28334,0.29642,45.416970078389134,14/01/2021
1610668800,0.30337,0.261,0.27991,43.01389471990161,15/01/2021
1610755200,0.29666,0.27503,0.27924,42.914659162605744,16/01/2021
1610841600,0.28572,0.26846,0.27746,42.63325087855319,17/01/2021
1610928000,0.28875,0.27144,0.28528,44.359462211270916,18/01/2021
1611014400,0.33,0.28396,0.29396,46.291323026025154,19/01/2021
1611100800,0.31184,0.28,0.29539,46.620146556002744,20/01/2021
1611187200,0.30797,0.25992,0.26802,41.39616125538169,21/01/2021
1611273600,0.27826,0.24021,0.27217,42.44918406779694,22/01/2021
1611360000,0.28356,0.26545,0.27167,42.350447889400385,23/01/2021
1611446400,0.27798,0.26804,0.27339,42.84296327031338,24/01/2021
1611532800,0.285,0.26679,0.26757,41.54945730187274,25/01/2021
1611619200,0.27095,0.258,0.26834,41.79981774063431,26/01/2021
1611705600,0.26871,0.24388,0.25039,37.741426784001796,27/01/2021
1611792000,0.27,0.24699,0.26407,42.33644497383328,28/01/2021
1611878400,0.31724,0.25915,0.2829,48.02298749646618,29/01/2021
1611964800,0.5178,0.278,0.44372,72.74451235695145,30/01/2021
1612051200,0.51,0.385,0.49507,76.57556514860784,31/01/2021
1612137600,0.755,0.35928,0.37106,56.07608636760436,01/02/2021
1612224000,0.41123,0.3401,0.37254,56.22669561265155,02/02/2021
1612310400,0.419,0.37254,0.39721,58.76480740805724,03/02/2021
1612396800,0.48159,0.37885,0.44545,63.25184573446171,04/02/2021
1612483200,0.47222,0.4241,0.45219,63.843831728188924,05/02/2021
1612569600,0.45688,0.42,0.44307,62.37950677748931,06/02/2021
1612656000,0.45089,0.39123,0.41849,58.485989689420194,07/02/2021
1612742400,0.4692,0.4125,0.45099,61.87445020645621,08/02/2021
1612828800,0.49,0.44901,0.47636,64.32251950639747,09/02/2021
1612915200,0.54224,0.45,0.50429,66.84642511,10/02/2021
1613001600,0.53545,0.49982,0.52806,68.86511290361415,11/02/2021
1613088000,0.61922,0.51871,0.609,74.54811103,12/02/2021
1613174400,0.64244,0.54306,0.63309,75.95485757282688,13/02/2021
1613260800,0.63981,0.56111,0.59211,68.97119243286429,14/02/2021
1613347200,0.6043,0.50891,0.54976,62.568672513073935,15/02/2021
1613433600,0.58005,0.48111,0.51995,58.455279642243596,16/02/2021
1613520000,0.55751,0.49336,0.53467,59.858629526694635,17/02/2021
1613606400,0.55995,0.51901,0.53204,59.47208820002942,18/02/2021
1613692800,0.58195,0.5131,0.56465,62.68931801365048,19/02/2021
1613779200,0.58235,0.47231,0.51167,55.04418351980826,20/02/2021
1613865600,0.55858,0.50311,0.54468,58.444637585900615,21/02/2021
1613952000,0.65155,0.51,0.56646,60.56416527891269,22/02/2021
1614038400,0.57172,0.365,0.47579,49.292601261014475,23/02/2021
1614124800,0.49999,0.4512,0.4686,48.52142797371602,24/02/2021
1614211200,0.48233,0.4244,0.43601,45.078854150910416,25/02/2021
1614297600,0.45067,0.41111,0.42788,44.23568765725821,26/02/2021
1614384000,0.45945,0.42681,0.43589,45.32083570585248,27/02/2021
1614470400,0.43876,0.39268,0.41565,43.04162749,28/02/2021
1614556800,0.454,0.41207,0.44537,47.23760877692839,01/03/2021
1614643200,0.45532,0.42159,0.4357,46.048947720464064,02/03/2021
1614729600,0.46869,0.43011,0.44846,47.91155131339781,03/03/2021
1614816000,0.49449,0.43411,0.48096,52.417489585557796,04/03/2021
1614902400,0.48488,0.44575,0.45457,48.73118276686836,05/03/2021
1614988800,0.4765,0.44901,0.46285,49.921177396960246,06/03/2021
1615075200,0.4689,0.45641,0.46558,50.33053062291319,07/03/2021
1615161600,0.48987,0.45505,0.47412,51.66164651311984,08/03/2021
1615248000,0.48736,0.471,0.4849,53.360763769831884,09/03/2021
1615334400,0.4887,0.4545,0.46155,49.31704149398586,10/03/2021
1615420800,0.46427,0.44058,0.45187,47.70313143656061,11/03/2021
1615507200,0.46488,0.42205,0.43934,45.62191970506589,12/03/2021
1615593600,0.46646,0.43205,0.45787,49.154795783240644,13/03/2021
1615680000,0.46155,0.43857,0.43905,45.893539217530204,14/03/2021
1615766400,0.44815,0.42268,0.43574,45.32397833841439,15/03/2021
1615852800,0.52221,0.42723,0.46024,50.24595726139865,16/03/2021
1615939200,0.48245,0.45317,0.4698,52.05947625459885,17/03/2021
1616025600,0.4905,0.46558,0.46893,51.87416963438671,18/03/2021
1616112000,0.47536,0.45848,0.46651,51.32688052346177,19/03/2021
1616198400,0.54999,0.46424,0.52613,61.971614765981904,20/03/2021
1616284800,0.54691,0.49508,0.51651,59.70275427413531,21/03/2021
1616371200,0.6,0.50082,0.5441,63.79655069688043,22/03/2021
1616457600,0.59638,0.5378,0.5498,64.59675663,23/03/2021
1616544000,0.56302,0.45212,0.48021,50.05139124,24/03/2021
1616630400,0.5248,0.454,0.51058,54.83144477845998,25/03/2021
1616716800,0.57689,0.50999,0.56357,61.71579302379671,26/03/2021
1616803200,0.57464,0.5342,0.54752,58.79287182645421,27/03/2021
1616889600,0.56075,0.53879,0.54552,58.42156441535616,28/03/2021
1616976000,0.57082,0.54317,0.56538,61.05200207240708,29/03/2021
1617062400,0.588,0.55903,0.5621,60.372674,30/03/2021
1617148800,0.57682,0.52624,0.56982,61.459658498228436,31/03/2021
1617235200,0.59555,0.54864,0.57087,61.613885147898465,01/04/2021
1617321600,0.61,0.56522,0.60701,66.57221086142312,02/04/2021
1617408000,0.64262,0.573,0.57831,59.94964973176507,03/04/2021
1617494400,0.63599,0.56591,0.635,66.94460033247466,04/04/2021
1617580800,0.93999,0.6194,0.91584,82.88867204,05/04/2021
1617667200,1.119,0.7931,1.09663,87.17669367,06/04/2021
1617753600,1.10882,0.856,0.91542,68.61610478126306,07/04/2021
1617840000,1.07294,0.90128,1.05599,73.35523294067062,08/04/2021
1617926400,1.0849,0.9808,1.01721,70.20557735204058,09/04/2021
1618012800,1.399,1.00617,1.3728,79.07684319,10/04/2021
1618099200,1.5,1.305,1.35118,77.56465679146221,11/04/2021
1618185600,1.475,1.31804,1.46843,79.81862881107907,12/04/2021
1618272000,1.88888,1.41778,1.79611,84.50410913852986,13/04/2021
1618358400,1.96689,1.56001,1.83468,84.94711312427371,14/04/2021
1618444800,1.885,1.65243,1.75781,80.03612308069086,15/04/2021
1618531200,1.81041,1.42,1.54805,68.41330414987804,16/04/2021
1618617600,1.74163,1.52991,1.53896,67.95277353280113,17/04/2021
1618704000,1.56505,1.16,1.40797,61.52542960741646,18/04/2021
1618790400,1.5339,1.251,1.30945,57.14727753764245,19/04/2021
1618876800,1.44796,1.18,1.38501,59.526107451449214,20/04/2021
1618963200,1.4645,1.27545,1.29097,55.40389275347258,21/04/2021
1619049600,1.41947,1.0859,1.15489,50.00726357270929,22/04/2021
1619136000,1.19724,0.88601,1.17073,50.610328394777945,23/04/2021
1619222400,1.172,1.01753,1.04833,45.99329964827077,24/04/2021
1619308800,1.156,0.9418,1.0351,45.51002544743071,25/04/2021
1619395200,1.375,1.0133,1.3629,57.44203698751837,26/04/2021
1619481600,1.462,1.3284,1.4017,58.597694236366664,27/04/2021
1619568000,1.4492,1.2814,1.3576,56.71265774256965,28/04/2021
1619654400,1.42,1.3263,1.3978,58.03782108404217,29/04/2021
1619740800,1.6397,1.3745,1.5988,63.97602153229525,30/04/2021
1619827200,1.6666,1.5226,1.651,65.34750465,01/05/2021
1619913600,1.658,1.525,1.5605,61.010721456483175,02/05/2021
1620000000,1.6216,1.47,1.5546,60.727768561462476,03/05/2021
1620086400,1.558,1.32,1.3877,53.209980329256425,04/05/2021
1620172800,1.624,1.366,1.6133,60.35437552,05/05/2021
1620259200,1.7658,1.521,1.6028,59.89597535325996,06/05/2021
1620345600,1.695,1.505,1.5793,58.81921640204387,07/05/2021
1620432000,1.6277,1.5404,1.5611,57.950326114407986,08/05/2021
1620518400,1.5968,1.4249,1.5345,56.633542634092414,09/05/2021
1620604800,1.627,1.214,1.3906,50.012843224016976,10/05/2021
1620691200,1.4905,1.3555,1.4786,53.58625691546511,11/05/2021
1620777600,1.547,1.235,1.2691,45.28626928611609,12/05/2021
1620864000,1.389,1.2,1.364,49.12999732758675,13/05/2021
1620950400,1.4488,1.321,1.4,50.54921968519332,14/05/2021
1621036800,1.5869,1.3211,1.4904,54.01837402197458,15/05/2021
1621123200,1.6131,1.3373,1.4496,52.237198310995446,16/05/2021
1621209600,1.565,1.3242,1.4946,54.037343014212716,17/05/2021
1621296000,1.705,1.4698,1.5889,57.640263940852506,18/05/2021
1621382400,1.6448,0.85,1.0568,39.042710521867996,19/05/2021
1621468800,1.2664,0.9,1.1795,43.564575953200276,20/05/2021
1621555200,1.2194,0.8641,1.0062,39.14750150521193,21/05/2021
1621641600,1.0162,0.816,0.9052,36.80532622006765,22/05/2021
1621728000,0.9679,0.65,0.7898,34.281582104176636,23/05/2021
1621814400,0.997,0.7537,0.993,41.84355439545807,24/05/2021
1621900800,1.07,0.8791,0.9746,41.37924302,25/05/2021
1621987200,1.0698,0.9461,1.0316,43.471848030716814,26/05/2021
1622073600,1.0423,0.9322,0.9747,41.86523435322929,27/05/2021
1622160000,0.9847,0.8445,0.8985,39.746717082405425,28/05/2021
1622246400,0.9413,0.7911,0.8318,37.93705438123654,29/05/2021
1622332800,0.9337,0.7974,0.9058,41.139004373088376,30/05/2021
1622419200,1.0495,0.8789,1.0409,46.55974916566662,31/05/2021
1622505600,1.1,0.9742,1.0108,45.55317486454985,01/06/2021
1622592000,1.0498,0.9793,1.0241,46.107586919633135,02/06/2021
1622678400,1.0789,1.0069,1.045,47.02053690433153,03/06/2021
1622764800,1.0466,0.9156,0.9683,44.070031096225335,04/06/2021
1622851200,0.9973,0.8921,0.923,42.378642296381734,05/06/2021
1622937600,0.9493,0.917,0.947,43.61337768807549,06/06/2021
1623024000,0.976,0.838,0.8618,40.310998056948556,07/06/2021
1623110400,0.8861,0.7838,0.8731,40.94963406247827,08/06/2021
1623196800,0.9218,0.83,0.9218,43.74326362418567,09/06/2021
1623283200,0.9298,0.8522,0.8686,41.43703554,10/06/2021
1623369600,0.88,0.8335,0.8471,40.507558525656165,11/06/2021
1623456000,0.8479,0.8054,0.8326,39.858203918239504,12/06/2021
1623542400,0.8883,0.817,0.8832,43.275508342113696,13/06/2021
1623628800,0.93,0.8628,0.8906,43.77863180582958,14/06/2021
1623715200,0.9017,0.8551,0.8663,42.44721986663214,15/06/2021
1623801600,0.8733,0.8259,0.832,40.571599574005106,16/06/2021
1623888000,0.8612,0.8234,0.8419,41.37677614203327,17/06/2021
1623974400,0.845,0.7687,0.7972,38.819354101392385,18/06/2021
1624060800,0.8055,0.7557,0.7582,36.68866803206996,19/06/2021
1624147200,0.785,0.6968,0.7741,38.178468551147326,20/06/2021
1624233600,0.7803,0.6037,0.6067,30.137667443497193,21/06/2021
1624320000,0.65,0.509,0.5468,27.875332398150363,22/06/2021
1624406400,0.6655,0.5203,0.6383,35.80292758324444,23/06/2021
1624492800,0.6928,0.6163,0.6731,38.56853996621877,24/06/2021
1624579200,0.6889,0.6019,0.6111,35.62400973556987,25/06/2021
1624665600,0.6329,0.5814,0.6162,36.05646642642969,26/06/2021
1624752000,0.6523,0.5963,0.6484,38.84957954504772,27/06/2021
1624838400,0.6583,0.6238,0.6444,38.62387694592952,28/06/2021
1624924800,0.734,0.6417,0.7063,44.041759983284166,29/06/2021
1625011200,0.7145,0.6477,0.7063,44.041759983284166,30/06/2021
1625097600,0.7064,0.644,0.6591,40.852638925764154,01/07/2021
1625184000,0.6676,0.6329,0.6556,40.61776592256222,02/07/2021
1625270400,0.6849,0.6433,0.6732,42.41077915623224,03/07/2021
1625356800,0.7091,0.6655,0.696,44.738631660108105,04/07/2021
1625443200,0.697,0.6444,0.6526,41.31518530143922,05/07/2021
1625529600,0.68,0.6511,0.6648,42.643850629271356,06/07/2021
1625616000,0.674,0.65,0.6522,41.596382482250945,07/07/2021
1625702400,0.6545,0.6108,0.6215,39.077740871259756,08/07/2021
1625788800,0.6457,0.5917,0.6369,41.00737753694614,09/07/2021
1625875200,0.6489,0.612,0.6246,39.91980793523619,10/07/2021
1625961600,0.6449,0.6169,0.6364,41.52212416521534,11/07/2021
1626048000,0.6575,0.6172,0.6288,40.76798340017576,12/07/2021
1626134400,0.6426,0.6086,0.6192,39.78502571698616,13/07/2021
1626220800,0.625,0.5851,0.6197,39.86634932104515,14/07/2021
1626307200,0.6269,0.5874,0.5979,37.48903016365168,15/07/2021
1626393600,0.6211,0.5874,0.5893,36.56274136219524,16/07/2021
1626480000,0.5977,0.56,0.5821,35.76597497,17/07/2021
1626566400,0.6016,0.571,0.5866,36.694510082776105,18/07/2021
1626652800,0.5889,0.5533,0.557,33.28604200806831,19/07/2021
1626739200,0.5699,0.5157,0.5284,30.35238113065178,20/07/2021
1626825600,0.584,0.5193,0.5719,39.13852186309106,21/07/2021
1626912000,0.6033,0.5609,0.592,42.73340461,22/07/2021
1626998400,0.6101,0.5753,0.6091,45.673354066794545,23/07/2021
1627084800,0.6205,0.5996,0.6085,45.58492408030971,24/07/2021
1627171200,0.6118,0.5906,0.6069,45.332864487266946,25/07/2021
1627257600,0.6793,0.6048,0.6234,48.49568300018289,26/07/2021
1627344000,0.6528,0.6121,0.6451,52.39643139153246,27/07/2021
1627430400,0.7549,0.6308,0.7327,64.18780299490166,28/07/2021
1627516800,0.7665,0.697,0.7488,65.86149582859863,29/07/2021
1627603200,0.7697,0.7115,0.7521,66.21007765,30/07/2021
1627689600,0.7591,0.7367,0.746,64.89107463,31/07/2021
1627776000,0.7778,0.7042,0.7242,60.27008653686271,01/08/2021
1627862400,0.774,0.715,0.738,62.10953285837389,02/08/2021
1627948800,0.745,0.7008,0.7136,57.07764484,03/08/2021
1628035200,0.7398,0.6952,0.731,59.59176859989942,04/08/2021
1628121600,0.7389,0.701,0.7327,59.839276459208975,05/08/2021
1628208000,0.753,0.7219,0.7474,62.00639539518822,06/08/2021
1628294400,0.8189,0.7411,0.8162,70.13034487,07/08/2021
1628380800,0.8413,0.7717,0.7788,62.32827764,08/08/2021
1628467200,0.8279,0.7596,0.817,66.43560216074444,09/08/2021
1628553600,0.8622,0.8,0.8511,69.61986520822943,10/08/2021
1628640000,1.0906,0.848,1.0105,79.43930159462033,11/08/2021
1628726400,1.045,0.9222,0.966,72.40351154,12/08/2021
1628812800,1.0968,0.9501,1.0901,78.20174436007474,13/08/2021
1628899200,1.31,1.0691,1.2791,83.78830920641903,14/08/2021
1628985600,1.35,1.2252,1.2839,83.90115411323478,15/08/2021
1629072000,1.3288,1.1432,1.1855,72.72536708819207,16/08/2021
1629158400,1.2479,1.085,1.0978,64.48144091158952,17/08/2021
1629244800,1.1963,1.0501,1.1431,66.58827511705863,18/08/2021
1629331200,1.2355,1.0895,1.2347,70.41033139781733,19/08/2021
1629417600,1.2897,1.1992,1.2629,71.49154183404019,20/08/2021
1629504000,1.2835,1.2,1.2158,67.08257973461812,21/08/2021
1629590400,1.2557,1.1776,1.226,67.54931383720655,22/08/2021
1629676800,1.3046,1.2024,1.2457,68.47891287864816,23/08/2021
1629763200,1.2658,1.1212,1.1353,58.38497927051637,24/08/2021
1629849600,1.1779,1.1073,1.1735,60.55173742585169,25/08/2021
1629936000,1.1866,1.0636,1.0712,52.64631222561857,26/08/2021
1630022400,1.1926,1.0501,1.1918,59.379227648243585,27/08/2021
1630108800,1.198,1.1329,1.1459,56.10932759745699,28/08/2021
1630195200,1.1683,1.112,1.1408,55.742024286025995,29/08/2021
1630281600,1.1488,1.0946,1.1002,52.77992837330394,30/08/2021
1630368000,1.2441,1.0907,1.1856,57.853297928852506,31/08/2021
1630454400,1.2384,1.158,1.2362,60.55733963902785,01/09/2021
1630540800,1.295,1.2216,1.2533,61.45729760945051,02/09/2021
1630627200,1.3235,1.2189,1.2907,63.423028003237015,03/09/2021
1630713600,1.2972,1.2352,1.2548,60.24671916862862,04/09/2021
1630800000,1.3125,1.2361,1.3076,63.16832346848889,05/09/2021
1630886400,1.4151,1.3065,1.3894,67.19125054220167,06/09/2021
1630972800,1.3922,0.9524,1.1292,48.89617426992548,07/09/2021
1631059200,1.148,1.0133,1.0998,47.32810467215454,08/09/2021
1631145600,1.1377,1.0619,1.0868,46.61622231,09/09/2021
1631232000,1.245,1.03,1.0552,44.85025580498258,10/09/2021
1631318400,1.12,1.0503,1.0787,46.47421057423437,11/09/2021
1631404800,1.1276,1.0576,1.1181,49.17635925753951,12/09/2021
1631491200,1.1266,1.025,1.0643,45.77796777121387,13/09/2021
1631577600,1.0978,1.0566,1.0963,48.07641273649708,14/09/2021
1631664000,1.13,1.0784,1.1207,49.82298932432465,15/09/2021
1631750400,1.13,1.0662,1.0902,47.66467697459745,16/09/2021
1631836800,1.1025,1.0509,1.0661,45.97009793548533,17/09/2021
1631923200,1.0952,1.0562,1.0751,46.73172775088805,18/09/2021
1632009600,1.0837,1.0383,1.0483,44.71058460559194,19/09/2021
1632096000,1.0497,0.8738,0.9216,36.64209816916259,20/09/2021
1632182400,0.9593,0.8582,0.8743,34.16346187,21/09/2021
1632268800,1.0094,0.8679,1.0033,45.07562498091188,22/09/2021
1632355200,1.017,0.9676,1.0016,44.96984362375845,23/09/2021
1632441600,1.0027,0.8858,0.944,41.42281094413841,24/09/2021
1632528000,0.9577,0.9163,0.94,41.17989765943506,25/09/2021
1632614400,0.9567,0.8915,0.9436,41.51232995881977,26/09/2021
1632700800,0.9818,0.9194,0.9218,40.03671008017211,27/09/2021
1632787200,0.9431,0.8903,0.8928,38.09667047257052,28/09/2021
1632873600,0.9941,0.8861,0.9268,41.66563545783696,29/09/2021
1632960000,0.964,0.9217,0.9533,44.358288513763874,30/09/2021
1633046400,1.0695,0.9443,1.0422,52.31099194206519,01/10/2021
1633132800,1.0733,1.0079,1.0359,51.74655012643939,02/10/2021
1633219200,1.0884,1.021,1.0552,53.40523835361165,03/10/2021
1633305600,1.0596,1.0059,1.0425,52.135252252297015,04/10/2021
1633392000,1.088,1.038,1.0839,55.82324631032248,05/10/2021
1633478400,1.1081,1.0171,1.0765,55.00739395741884,06/10/2021
1633564800,1.0942,1.0423,1.0678,54.00802242688976,07/10/2021
1633651200,1.0927,1.0539,1.0636,53.502668012402566,08/10/2021
1633737600,1.2089,1.0565,1.1604,62.266198457147425,09/10/2021
1633824000,1.23,1.1262,1.1352,59.141191403612936,10/10/2021
1633910400,1.182,1.1017,1.1364,59.24608124,11/10/2021
1633996800,1.1364,1.0634,1.1018,54.87208212006304,12/10/2021
1634083200,1.1387,1.075,1.1275,57.38852642423229,13/10/2021
1634169600,1.16,1.1174,1.1336,57.98735626330312,14/10/2021
1634256000,1.1656,1.0914,1.1413,58.77491688477934,15/10/2021
1634342400,1.1869,1.13,1.1343,57.71568790028648,16/10/2021
1634428800,1.1407,1.0172,1.0944,51.96680588687095,17/10/2021
1634515200,1.1064,1.0642,1.0827,50.38204777,18/10/2021
1634601600,1.1009,1.0661,1.0911,51.525012360219094,19/10/2021
1634688000,1.1529,1.0868,1.1455,58.23485358,20/10/2021
1634774400,1.164,1.0851,1.0886,50.37980197683042,21/10/2021
1634860800,1.1288,1.0739,1.0885,50.36694366156508,22/10/2021
1634947200,1.1018,1.0763,1.0934,51.02652640663089,23/10/2021
1635033600,1.0961,1.0522,1.0821,49.39625708675321,24/10/2021
1635120000,1.1034,1.0778,1.0951,51.32305538082967,25/10/2021
1635206400,1.1606,1.0905,1.1075,53.155274160639564,26/10/2021
1635292800,1.1248,0.9483,0.995,38.862891133210645,27/10/2021
1635379200,1.0816,0.981,1.0579,47.38168360568082,28/10/2021
1635465600,1.0903,1.0409,1.0825,50.298517063948324,29/10/2021
1635552000,1.1169,1.0611,1.0846,50.550519817730496,30/10/2021
1635638400,1.1544,1.0689,1.1128,53.92868618525039,31/10/2021
1635724800,1.1321,1.069,1.0915,51.08967179126971,01/11/2021
1635811200,1.1468,1.0851,1.1349,56.154530019587824,02/11/2021
1635897600,1.2363,1.1255,1.2101,63.25487211995982,03/11/2021
1635984000,1.2574,1.1604,1.2004,61.863235803559704,04/11/2021
1636070400,1.2015,1.1311,1.1581,56.07006724435077,05/11/2021
1636156800,1.1828,1.1,1.151,55.13675407740448,06/11/2021
1636243200,1.2374,1.1451,1.2198,61.77637077,07/11/2021
1636329600,1.296,1.2192,1.2815,66.55655594993245,08/11/2021
1636416000,1.2884,1.2245,1.2571,63.19099587978809,09/11/2021
1636502400,1.3493,1.1174,1.1902,54.98170434994757,10/11/2021
1636588800,1.2544,1.1764,1.2142,57.13320414,11/11/2021
1636675200,1.2332,1.1542,1.1883,54.12686258861513,12/11/2021
1636761600,1.2039,1.167,1.1892,54.21701581316629,13/11/2021
1636848000,1.1995,1.1675,1.1879,54.05177462675014,14/11/2021
1636934400,1.2198,1.1651,1.172,51.96566263422269,15/11/2021
1637020800,1.1721,1.0418,1.0877,42.58206256,16/11/2021
1637107200,1.113,1.0588,1.0953,43.57135198814692,17/11/2021
1637193600,1.17,1.015,1.0406,38.43806325086091,18/11/2021
1637280000,1.103,1.0174,1.0892,44.674720798188034,19/11/2021
1637366400,1.1015,1.0594,1.0965,45.56674210036275,20/11/2021
1637452800,1.0974,1.0544,1.0569,41.64423689167168,21/11/2021
1637539200,1.071,1.0251,1.0354,39.648644445943425,22/11/2021
1637625600,1.0715,1.0192,1.0661,43.79064492068012,23/11/2021
1637712000,1.0735,1.0068,1.0326,40.52243625,24/11/2021
1637798400,1.0647,1.0215,1.0438,42.07884460056572,25/11/2021
1637884800,1.0467,0.9108,0.9394,33.32485847569454,26/11/2021
1637971200,0.9656,0.9336,0.9452,34.14454161662549,27/11/2021
1638057600,0.9692,0.8825,0.9687,37.49732293304648,28/11/2021
1638144000,1.0019,0.9631,0.9898,40.42984608,29/11/2021
1638230400,1.0304,0.97,0.9983,41.618188369844006,30/11/2021
1638316800,1.0173,0.9799,0.9899,40.75298676505747,01/12/2021
1638403200,0.9901,0.9545,0.9716,38.85772998931656,02/12/2021
1638489600,0.9838,0.89,0.9211,34.139388935260826,03/12/2021
1638576000,0.9245,0.6,0.8449,28.51328841771567,04/12/2021
1638662400,0.862,0.769,0.8045,26.061091088506828,05/12/2021
1638748800,0.8303,0.7485,0.8255,29.45721346940033,06/12/2021
1638835200,0.8467,0.8042,0.8154,28.772706656953062,07/12/2021
1638921600,0.8844,0.8026,0.8622,36.173775300463134,08/12/2021
1639008000,0.9361,0.8319,0.8583,35.83956932516142,09/12/2021
1639094400,0.8829,0.7914,0.7992,31.143867852409983,10/12/2021
1639180800,0.8445,0.7844,0.8392,37.14628081736764,11/12/2021
1639267200,0.8572,0.8088,0.8393,37.161028949001164,12/12/2021
1639353600,0.8444,0.7601,0.7818,32.446612772954765,13/12/2021
1639440000,0.8214,0.7717,0.8103,36.73103826,14/12/2021
1639526400,0.84,0.777,0.8262,39.05341043587115,15/12/2021
1639612800,0.8364,0.8028,0.8051,37.10686139902503,16/12/2021
1639699200,0.8322,0.7754,0.7966,36.32146148037848,17/12/2021
1639785600,0.8347,0.791,0.8262,41.00435269627038,18/12/2021
1639872000,0.8485,0.819,0.835,42.36144598674234,19/12/2021
1639958400,0.915,0.8241,0.8798,48.81649812014275,20/12/2021
1640044800,0.961,0.8527,0.9467,56.62791422,21/12/2021
1640131200,0.9738,0.923,0.9537,57.361180230767914,22/12/2021
1640217600,1.0167,0.9372,0.9941,61.41561940957153,23/12/2021
1640304000,0.9966,0.8964,0.9115,50.78326186,24/12/2021
1640390400,0.935,0.8981,0.9252,52.25952136686864,25/12/2021
1640476800,0.9334,0.9052,0.92,51.62654081333078,26/12/2021
1640563200,0.956,0.9141,0.9269,52.44955990797221,27/12/2021
1640649600,0.9269,0.8456,0.8515,43.69991719961356,28/12/2021
1640736000,0.8645,0.81,0.8171,40.389457745532106,29/12/2021
1640822400,0.86,0.802,0.8386,43.28145224229704,30/12/2021
1640908800,0.8545,0.8025,0.8297,42.365190024859885,31/12/2021
1640995200,0.8557,0.8297,0.8507,45.307315343430105,01/01/2022
1641081600,0.8667,0.8372,0.8586,46.41548957889374,02/01/2022
1641168000,0.8587,0.8213,0.8324,43.28323264445573,03/01/2022
1641254400,0.8456,0.7794,0.8228,42.16055421096168,04/01/2022
1641340800,0.8372,0.7092,0.7726,36.787155502137225,05/01/2022
1641427200,0.7909,0.7377,0.7791,37.89095933939113,06/01/2022
1641513600,0.7808,0.7287,0.7634,36.24468621106671,07/01/2022
1641600000,0.7768,0.7222,0.7452,34.37990705754237,08/01/2022
1641686400,0.7667,0.7381,0.753,35.901980369846285,09/01/2022
1641772800,0.7589,0.6967,0.7399,34.45643908576152,10/01/2022
1641859200,0.7768,0.7306,0.7703,40.448694949162615,11/01/2022
1641945600,0.816,0.757,0.7987,45.46480045849372,12/01/2022
1642032000,0.8024,0.7604,0.768,41.40475992668112,13/01/2022
1642118400,0.8,0.7513,0.7732,42.34394175,14/01/2022
1642204800,0.79,0.768,0.7791,43.45143798536367,15/01/2022
1642291200,0.7884,0.768,0.7784,43.34505612231328,16/01/2022
1642377600,0.7805,0.7498,0.7617,40.779906076060946,17/01/2022
1642464000,0.7686,0.7352,0.7509,39.16565685126526,18/01/2022
1642550400,0.7533,0.7231,0.7381,37.282030240555784,19/01/2022
1642636800,0.7622,0.7161,0.7199,34.724770242000986,20/01/2022
1642723200,0.7285,0.6112,0.6368,25.96673036305262,21/01/2022
1642809600,0.6542,0.5489,0.5966,22.951083748210678,22/01/2022
1642896000,0.6352,0.59,0.6283,29.86777934217993,23/01/2022
1642982400,0.6286,0.5524,0.6118,28.436834969145963,24/01/2022
1643068800,0.6243,0.5872,0.618,29.797849191848613,25/01/2022
1643155200,0.6586,0.6047,0.6193,30.09804098636407,26/01/2022
1643241600,0.6247,0.5893,0.6088,29.01870404272678,27/01/2022
1643328000,0.614,0.5916,0.6111,29.614129664103913,28/01/2022
1643414400,0.6255,0.6083,0.6174,31.313745717099934,29/01/2022
1643500800,0.6232,0.5973,0.6013,29.36243083841569,30/01/2022
1643587200,0.6242,0.5803,0.6174,33.80469333,31/01/2022
1643673600,0.6308,0.6107,0.6284,36.73223095273228,01/02/2022
1643760000,0.6314,0.5955,0.6006,32.785853878451704,02/02/2022
1643846400,0.6116,0.5886,0.6102,35.36816679799547,03/02/2022
1643932800,0.6589,0.6044,0.6555,45.925461731730415,04/02/2022
1644019200,0.6869,0.65,0.6656,47.96625548133689,05/02/2022
1644105600,0.688,0.6589,0.6825,51.279603995795064,06/02/2022
1644192000,0.839,0.6712,0.8314,69.62931695869864,07/02/2022
1644278400,0.9142,0.8034,0.8763,72.93908303842302,08/02/2022
1644364800,0.9168,0.8413,0.8697,71.70211917927112,09/02/2022
1644451200,0.8975,0.821,0.8253,63.856527083061316,10/02/2022
1644537600,0.8339,0.75,0.7591,54.313965936673256,11/02/2022
1644624000,0.8532,0.7465,0.8223,60.39835108716361,12/02/2022
1644710400,0.8476,0.792,0.8057,58.20567606389343,13/02/2022
1644796800,0.8127,0.7791,0.8012,57.59526127196563,14/02/2022
1644883200,0.8599,0.7961,0.8515,62.348427326248654,15/02/2022
1644969600,0.8532,0.8086,0.8366,60.19594881,16/02/2022
1645056000,0.8448,0.7535,0.769,51.50772838532645,17/02/2022
1645142400,0.8055,0.756,0.784,53.124464194862874,18/02/2022
1645228800,0.8547,0.7696,0.8215,56.98551852452882,19/02/2022
1645315200,0.8234,0.7643,0.7769,51.547331607613614,20/02/2022
1645401600,0.802,0.6953,0.7018,43.94287993276063,21/02/2022
1645488000,0.7266,0.6686,0.7209,46.11992789801389,22/02/2022
1645574400,0.7441,0.6924,0.6967,43.798967296598086,23/02/2022
1645660800,0.7226,0.6215,0.6963,43.75976753158861,24/02/2022
1645747200,0.7807,0.6826,0.7699,52.23135868290901,25/02/2022
1645833600,0.7955,0.7403,0.7508,50.12136568946354,26/02/2022
1645920000,0.7677,0.7032,0.7215,46.985669041659555,27/02/2022
1646006400,0.7938,0.7075,0.7809,53.356625235306225,28/02/2022
1646092800,0.8039,0.7574,0.7839,53.65951971455082,01/03/2022
1646179200,0.7848,0.7562,0.7687,51.823263952879046,02/03/2022
1646265600,0.7897,0.7336,0.7515,49.74865028295633,03/03/2022
1646352000,0.755,0.6942,0.7127,45.33929403562335,04/03/2022
1646438400,0.7693,0.7049,0.754,50.38065635001947,05/03/2022
1646524800,0.7589,0.7211,0.7251,47.10659465563089,06/03/2022
1646611200,0.7544,0.7033,0.7197,46.49853953456293,07/03/2022
1646697600,0.7313,0.7135,0.7207,46.63591249309676,08/03/2022
1646784000,0.775,0.7199,0.7658,52.55297098972906,09/03/2022
1646870400,0.7797,0.7215,0.7361,48.72169240950969,10/03/2022
1646956800,0.814,0.725,0.8029,56.41763694619637,11/03/2022
1647043200,0.849,0.7783,0.7857,54.16354316779037,12/03/2022
1647129600,0.8057,0.7508,0.7602,50.91562847229705,13/03/2022
1647216000,0.7779,0.745,0.7748,52.66575854853917,14/03/2022
1647302400,0.7768,0.7413,0.7657,51.43476141082683,15/03/2022
1647388800,0.7945,0.7569,0.7919,54.716565416993056,16/03/2022
1647475200,0.802,0.783,0.7935,54.916922198363636,17/03/2022
1647561600,0.8007,0.7762,0.7965,55.316132188690275,18/03/2022
1647648000,0.8268,0.7915,0.8194,58.34808038150049,19/03/2022
1647734400,0.822,0.795,0.8057,55.90417154,20/03/2022
1647820800,0.8549,0.7875,0.8373,60.05965398144779,21/03/2022
1647907200,0.8653,0.8273,0.8366,59.92493550554926,22/03/2022
1647993600,0.846,0.8171,0.8376,60.062754503015725,23/03/2022
1648080000,0.85,0.8272,0.8428,60.817354226058406,24/03/2022
1648166400,0.8459,0.8185,0.8239,56.629205047152816,25/03/2022
1648252800,0.8349,0.8206,0.8327,58.076824280129664,26/03/2022
1648339200,0.8582,0.8275,0.858,62.00348403128839,27/03/2022
1648425600,0.93,0.8528,0.8641,62.90561840303437,28/03/2022
1648512000,0.8857,0.8389,0.8577,61.26217523970135,29/03/2022
1648598400,0.8718,0.8455,0.8613,61.86569062876647,30/03/2022
1648684800,0.8737,0.7794,0.8148,50.84650789377235,31/03/2022
1648771200,0.8343,0.807,0.8277,53.32997815953139,01/04/2022
1648857600,0.8499,0.8185,0.824,52.51048131966168,02/04/2022
1648944000,0.8519,0.8143,0.8432,56.266074375821006,03/04/2022
1649030400,0.844,0.8041,0.826,52.277587232597384,04/04/2022
1649116800,0.8366,0.8145,0.8164,50.141182072797164,05/04/2022
1649203200,0.8184,0.7555,0.7595,39.76770544,06/04/2022
1649289600,0.7911,0.7523,0.7871,45.64223209744402,07/04/2022
1649376000,0.7944,0.7463,0.7549,40.659812334571726,08/04/2022
1649462400,0.7668,0.7531,0.7622,42.200273981212014,09/04/2022
1649548800,0.7731,0.7524,0.7543,40.961016318789284,10/04/2022
1649635200,0.7558,0.6802,0.6948,33.08140425417099,11/04/2022
1649721600,0.734,0.6924,0.7152,37.519307524373986,12/04/2022
1649808000,0.7252,0.7017,0.7232,39.22156415747565,13/04/2022
1649894400,0.7413,0.7083,0.7262,39.88300712075755,14/04/2022
1649980800,0.7975,0.7261,0.7858,51.236880585380085,15/04/2022
1650067200,0.7999,0.7658,0.7808,50.37729315202121,16/04/2022
1650153600,0.7861,0.7477,0.7519,45.61389328,17/04/2022
1650240000,0.7699,0.7266,0.7699,48.85746713306482,18/04/2022
1650326400,0.786,0.7588,0.7749,49.753905252340836,19/04/2022
1650412800,0.7753,0.742,0.7517,45.747048415757995,20/04/2022
1650499200,0.7686,0.718,0.7328,42.72814517289364,21/04/2022
1650585600,0.7387,0.7142,0.7179,40.46123457496444,22/04/2022
1650672000,0.7267,0.7023,0.7057,38.652972015355274,23/04/2022
1650758400,0.7119,0.6944,0.6981,37.527812605826824,24/04/2022
1650844800,0.6998,0.6451,0.6931,36.76947996920296,25/04/2022
1650931200,0.7065,0.6276,0.642,30.079652848066672,26/04/2022
1651017600,0.663,0.6361,0.6522,32.71133406170918,27/04/2022
1651104000,0.6577,0.6333,0.6428,31.533421206524707,28/04/2022
1651190400,0.6464,0.5992,0.6116,27.93747283902661,29/04/2022
1651276800,0.6288,0.5663,0.5845,25.24463146938379,30/04/2022
1651363200,0.6125,0.576,0.607,31.17608253847689,01/05/2022
1651449600,0.6312,0.5984,0.6143,33.03263324,02/05/2022
1651536000,0.628,0.5961,0.6047,31.81711554081113,03/05/2022
1651622400,0.65,0.6039,0.6459,41.727537135785816,04/05/2022
1651708800,0.6572,0.5801,0.5981,35.31423217148149,05/05/2022
1651795200,0.6164,0.5875,0.6022,36.21972737536512,06/05/2022
1651881600,0.6044,0.5692,0.5808,33.577668146406225,07/05/2022
1651968000,0.5833,0.5572,0.5662,31.869627783852735,08/05/2022
1652054400,0.5789,0.47,0.4873,24.58992521584176,09/05/2022
1652140800,0.5371,0.4722,0.513,30.1840494,10/05/2022
1652227200,0.5253,0.3646,0.4172,23.257919115993317,11/05/2022
1652313600,0.4296,0.3361,0.3856,21.505011269117844,12/05/2022
1652400000,0.4659,0.3813,0.4228,28.351039185972795,13/05/2022
1652486400,0.441,0.3955,0.4262,28.960877885666207,14/05/2022
1652572800,0.45,0.4149,0.4481,32.92128386772538,15/05/2022
1652659200,0.4481,0.4087,0.4231,30.809691658060572,16/05/2022
1652745600,0.4403,0.417,0.438,33.54551788459244,17/05/2022
1652832000,0.4428,0.4037,0.4056,30.70261494,18/05/2022
1652918400,0.4242,0.3908,0.4205,33.49396639507799,19/05/2022
1653004800,0.4407,0.4016,0.4101,32.50963459205525,20/05/2022
1653091200,0.4183,0.403,0.4145,33.401386698487215,21/05/2022
1653177600,0.4255,0.4101,0.4218,34.93737812550533,22/05/2022
1653264000,0.4287,0.4002,0.4052,33.069611506010034,23/05/2022
1653350400,0.4138,0.3908,0.4086,33.84965696371641,24/05/2022
1653436800,0.4138,0.3948,0.406,33.52786031335863,25/05/2022
1653523200,0.4109,0.3753,0.392,31.776128560690438,26/05/2022
1653609600,0.4032,0.3764,0.3819,30.536589227572378,27/05/2022
1653696000,0.389,0.3805,0.3863,31.784993480563344,28/05/2022
1653782400,0.3908,0.3794,0.3891,32.61494506885107,29/05/2022
1653868800,0.4197,0.3866,0.4187,40.81311112173931,30/05/2022
1653955200,0.4342,0.4065,0.4217,41.58875754662082,31/05/2022
1654041600,0.4266,0.3887,0.398,37.41700033472324,01/06/2022
1654128000,0.4072,0.3907,0.4055,39.48570575645442,02/06/2022
1654214400,0.4105,0.3839,0.3904,36.84499323023912,03/06/2022
1654300800,0.3944,0.3846,0.3925,37.47130077821209,04/06/2022
1654387200,0.3995,0.3895,0.3953,38.349194682673314,05/06/2022
1654473600,0.4099,0.394,0.4026,40.68727812263883,06/06/2022
1654560000,0.4175,0.3846,0.4076,42.301335035018504,07/06/2022
1654646400,0.4104,0.3947,0.4006,40.63418287457754,08/06/2022
1654732800,0.4041,0.3965,0.4002,40.5358707,09/06/2022
1654819200,0.4118,0.3762,0.3815,36.134353864057026,10/06/2022
1654905600,0.3887,0.3557,0.3599,31.83446487695005,11/06/2022
1654992000,0.3654,0.3394,0.3433,28.980301258156516,12/06/2022
1655078400,0.3507,0.3012,0.3118,24.492779791934097,13/06/2022
1655164800,0.3267,0.2936,0.3214,28.14459223564654,14/06/2022
1655251200,0.3469,0.298,0.3436,35.86882899212972,15/06/2022
1655337600,0.3475,0.3073,0.3132,30.960736928487222,16/06/2022
1655424000,0.3397,0.3105,0.321,33.47597848455035,17/06/2022
1655510400,0.3263,0.2872,0.3075,31.34731160549758,18/06/2022
1655596800,0.333,0.2981,0.3264,37.35331075202455,19/06/2022
1655683200,0.3289,0.3135,0.3227,36.67684732988073,20/06/2022
1655769600,0.3374,0.3187,0.3294,38.836891,21/06/2022
1655856000,0.3297,0.319,0.3223,37.381676523327855,22/06/2022
1655942400,0.3371,0.3213,0.3358,41.84377225445796,23/06/2022
1656028800,0.3871,0.3348,0.3672,50.651983332992394,24/06/2022
1656115200,0.3741,0.3542,0.3676,50.754306687078255,25/06/2022
1656201600,0.3751,0.3576,0.3592,48.48088708286015,26/06/2022
1656288000,0.3671,0.348,0.3537,46.99652273859184,27/06/2022
1656374400,0.3557,0.3353,0.3375,42.83627964,28/06/2022
1656460800,0.3417,0.3201,0.3296,40.93333198377929,29/06/2022
1656547200,0.3333,0.3056,0.3321,41.81423769,30/06/2022
1656633600,0.3363,0.31,0.3139,37.436964585739275,01/07/2022
1656720000,0.3181,0.3089,0.3156,38.088908354987026,02/07/2022
1656806400,0.3258,0.3085,0.3215,40.40980040671552,03/07/2022
1656892800,0.33,0.3146,0.3287,43.20775513552914,04/07/2022
1656979200,0.331,0.3128,0.3252,42.17117757581802,05/07/2022
1657065600,0.334,0.32,0.3324,45.089572492128895,06/07/2022
1657152000,0.3456,0.3269,0.3422,48.87172562832796,07/07/2022
1657238400,0.359,0.3359,0.3402,48.14293058400746,08/07/2022
1657324800,0.3477,0.3392,0.3448,49.99013902112627,09/07/2022
1657411200,0.3449,0.3197,0.3255,43.05966773391421,10/07/2022
1657497600,0.3292,0.3108,0.3152,39.88192228,11/07/2022
1657584000,0.3182,0.3078,0.3116,38.804030335687585,12/07/2022
1657670400,0.326,0.302,0.3237,44.25727396,13/07/2022
1657756800,0.334,0.3122,0.3338,48.391321838585135,14/07/2022
1657843200,0.349,0.3273,0.3342,48.554049653818254,15/07/2022
1657929600,0.3565,0.3313,0.3505,54.807474895631216,16/07/2022
1658016000,0.3614,0.3413,0.3433,51.81160212764907,17/07/2022
1658102400,0.3701,0.3429,0.3653,59.157870896480745,18/07/2022
1658188800,0.3767,0.3515,0.3729,61.34992018812637,19/07/2022
1658275200,0.3817,0.3572,0.3635,57.256681590323545,20/07/2022
1658361600,0.3685,0.3485,0.3669,58.33939709536425,21/07/2022
1658448000,0.3716,0.3541,0.3578,54.36976094144731,22/07/2022
1658534400,0.3628,0.3498,0.3592,54.878440393584796,23/07/2022
1658620800,0.3667,0.3558,0.3586,54.59752708086903,24/07/2022
1658707200,0.3602,0.335,0.3362,45.27897211317954,25/07/2022
1658793600,0.3385,0.3252,0.3372,45.72433845204705,26/07/2022
1658880000,0.3597,0.3304,0.3594,54.565111934686875,27/07/2022
1658966400,0.3792,0.3489,0.3739,59.23563508854728,28/07/2022
1659052800,0.3799,0.3596,0.3679,56.64100786205172,29/07/2022
1659139200,0.4099,0.3629,0.3879,62.532321401182564,30/07/2022
1659225600,0.3989,0.3782,0.3792,58.790248901902146,31/07/2022
1659312000,0.386,0.371,0.3791,58.746732118148984,01/08/2022
1659398400,0.3946,0.3667,0.3714,55.34938664445289,02/08/2022
1659484800,0.3775,0.3631,0.3695,54.51167779,03/08/2022
1659571200,0.375,0.3643,0.371,55.089573950743926,04/08/2022
1659657600,0.3785,0.3673,0.3764,57.19773520005965,05/08/2022
1659744000,0.378,0.3703,0.3715,54.689061784567826,06/08/2022
1659830400,0.3772,0.3682,0.3722,54.992754498433754,07/08/2022
1659916800,0.3847,0.371,0.3787,57.81984364288639,08/08/2022
1660003200,0.3801,0.3606,0.3672,51.63955540648524,09/08/2022
1660089600,0.3815,0.3583,0.3814,57.65792848374053,10/08/2022
1660176000,0.386,0.377,0.3802,57.01222313714949,11/08/2022
1660262400,0.3806,0.3699,0.3796,56.67049007089664,12/08/2022
1660348800,0.3876,0.3763,0.378,55.71149308841691,13/08/2022
1660435200,0.3922,0.3738,0.3757,54.28927291575114,14/08/2022
1660521600,0.3852,0.3658,0.3751,53.902691841881534,15/08/2022
1660608000,0.3784,0.3666,0.377,54.995562914552615,16/08/2022
1660694400,0.3923,0.368,0.3795,56.45831161705064,17/08/2022
1660780800,0.3815,0.3691,0.3704,50.07792780661356,18/08/2022
1660867200,0.3707,0.3309,0.3344,33.802977628762704,19/08/2022
1660953600,0.3428,0.3321,0.3368,35.312321881182854,20/08/2022
1661040000,0.3485,0.3355,0.3449,40.262863457987194,21/08/2022
1661126400,0.3453,0.3313,0.344,39.89750508720103,22/08/2022
1661212800,0.348,0.3326,0.3472,41.91570991926607,23/08/2022
1661299200,0.3525,0.3389,0.3456,41.17128340305667,24/08/2022
1661385600,0.3522,0.3435,0.3491,43.53375534136557,25/08/2022
1661472000,0.3712,0.3325,0.3393,38.83151972,26/08/2022
1661558400,0.3447,0.3283,0.3346,36.779683429870715,27/08/2022
1661644800,0.3373,0.3213,0.3224,32.046193795118384,28/08/2022
1661731200,0.3342,0.3186,0.3337,39.777226214816295,29/08/2022
1661817600,0.3359,0.32,0.3267,36.97120114079581,30/08/2022
1661904000,0.3339,0.323,0.3277,37.64789897690392,31/08/2022
1661990400,0.3334,0.3215,0.3331,41.31212762067703,01/09/2022
1662076800,0.3355,0.3253,0.3314,40.50511343115195,02/09/2022
1662163200,0.335,0.3265,0.3297,39.67055533976461,03/09/2022
1662249600,0.3328,0.3275,0.3317,41.20535002388322,04/09/2022
1662336000,0.3338,0.3225,0.3329,42.15620367987833,05/09/2022
1662422400,0.3431,0.3154,0.3212,36.036772456585865,06/09/2022
1662508800,0.3386,0.312,0.3369,47.12787675151332,07/09/2022
1662595200,0.3434,0.3282,0.3396,48.77297687000943,08/09/2022
1662681600,0.3597,0.3394,0.3568,57.78430650568535,09/09/2022
1662768000,0.3622,0.3514,0.3573,58.01551555221466,10/09/2022
1662854400,0.3604,0.3485,0.3552,56.613083974145574,11/09/2022
1662940800,0.3602,0.3478,0.3598,58.953723388866685,12/09/2022
1663027200,0.3603,0.3308,0.3326,43.87954619864911,13/09/2022
1663113600,0.3442,0.3312,0.3415,48.518101282945274,14/09/2022
1663200000,0.3429,0.3241,0.3261,42.04268897129051,15/09/2022
1663286400,0.3581,0.3216,0.3552,54.42153758105697,16/09/2022
1663372800,0.381,0.3464,0.3762,60.91008828202931,17/09/2022
1663459200,0.3981,0.3556,0.3576,53.62797008746829,18/09/2022
1663545600,0.3932,0.3401,0.3848,60.975572931361945,19/09/2022
1663632000,0.4242,0.3704,0.414,67.01745637139149,20/09/2022
1663718400,0.434,0.38,0.3936,60.02542958982931,21/09/2022
1663804800,0.5,0.3933,0.4862,73.52699010741392,22/09/2022
1663891200,0.559,0.4564,0.5069,75.51765101790656,23/09/2022
1663977600,0.5195,0.4717,0.4878,70.26722578,24/09/2022
1664064000,0.5215,0.4757,0.4917,70.71494726489294,25/09/2022
1664150400,0.502,0.4576,0.4683,64.44455553259097,26/09/2022
1664236800,0.4882,0.435,0.4457,59.002865263751445,27/09/2022
1664323200,0.4558,0.4168,0.4489,59.52402532232415,28/09/2022
1664409600,0.5109,0.4266,0.4877,65.28619757697328,29/09/2022
1664496000,0.4992,0.4667,0.4799,63.33421963491437,30/09/2022
1664582400,0.4865,0.4667,0.4754,62.17916895938694,01/10/2022
1664668800,0.4785,0.443,0.4485,55.64603869566333,02/10/2022
1664755200,0.4694,0.4372,0.4621,58.04608808093268,03/10/2022
1664841600,0.4858,0.4515,0.4795,60.95698069224849,04/10/2022
1664928000,0.502,0.4716,0.4887,62.44084042628357,05/10/2022
1665014400,0.5063,0.4883,0.4934,63.21009976730945,06/10/2022
1665100800,0.5339,0.48,0.5177,66.97608466330068,07/10/2022
1665187200,0.5292,0.5111,0.517,66.76406838491974,08/10/2022
1665273600,0.549,0.506,0.5325,69.09683231351255,09/10/2022
1665360000,0.538,0.4927,0.4939,58.15075349724205,10/10/2022
1665446400,0.5025,0.4768,0.4861,56.2128678,11/10/2022
1665532800,0.496,0.482,0.4881,56.612132755809625,12/10/2022
1665619200,0.4898,0.4401,0.4791,54.216377865629134,13/10/2022
1665705600,0.5125,0.4782,0.4883,56.25434776071588,14/10/2022
1665792000,0.49,0.4774,0.4818,54.41150382623485,15/10/2022
1665878400,0.4876,0.468,0.4766,52.91798589721261,16/10/2022
1665964800,0.4825,0.4627,0.4804,53.913524588196594,17/10/2022
1666051200,0.4843,0.4571,0.4658,49.576123190833556,18/10/2022
1666137600,0.4667,0.4471,0.4504,45.42487955133463,19/10/2022
1666224000,0.4646,0.4224,0.4465,44.41068401985649,20/10/2022
1666310400,0.4617,0.4336,0.4614,49.08758279,21/10/2022
1666396800,0.4708,0.4561,0.4653,50.26701819579691,22/10/2022
1666483200,0.4726,0.4518,0.4688,51.35611581857436,23/10/2022
1666569600,0.473,0.4478,0.4529,46.38644973497158,24/10/2022
1666656000,0.4728,0.4434,0.4605,48.93034437413023,25/10/2022
1666742400,0.4715,0.4562,0.4689,51.660438596789334,26/10/2022
1666828800,0.4824,0.4584,0.4615,49.166853249179034,27/10/2022
1666915200,0.4755,0.4564,0.4744,53.39046145989255,28/10/2022
1667001600,0.4837,0.4657,0.4701,51.84414016984157,29/10/2022
1667088000,0.4735,0.4537,0.4582,47.724662824771244,30/10/2022
1667174400,0.4674,0.4476,0.4641,49.85223244540519,31/10/2022
1667260800,0.467,0.4543,0.4636,49.66774616838879,01/11/2022
1667347200,0.4659,0.4451,0.4497,44.71380789079733,02/11/2022
1667433600,0.4598,0.4487,0.4548,46.810070148499165,03/11/2022
1667520000,0.5078,0.4532,0.5064,62.36036298993916,04/11/2022
1667606400,0.51,0.489,0.493,57.647052586850364,05/11/2022
1667692800,0.4947,0.468,0.4709,50.824281312897426,06/11/2022
1667779200,0.48,0.4585,0.4648,49.09700833283259,07/11/2022
1667865600,0.4669,0.3355,0.4059,36.27693600817985,08/11/2022
1667952000,0.411,0.316,0.3331,26.920357972297992,09/11/2022
1668038400,0.403,0.3301,0.3942,40.73602188272866,10/11/2022
1668124800,0.3991,0.3661,0.3843,39.435141340440886,11/11/2022
1668211200,0.3846,0.3592,0.3636,36.789661657173646,12/11/2022
1668297600,0.3694,0.3325,0.3408,34.07794903367814,13/11/2022
1668384000,0.3796,0.321,0.3776,41.564660495088106,14/11/2022
1668470400,0.3977,0.3668,0.3888,43.66175771992661,15/11/2022
1668556800,0.3915,0.3614,0.3752,41.70457116857871,16/11/2022
1668643200,0.3873,0.3691,0.3819,43.05875780097158,17/11/2022
1668729600,0.3878,0.3733,0.3829,43.27057551629143,18/11/2022
1668816000,0.3886,0.3752,0.3841,43.54198615525054,19/11/2022
1668902400,0.3969,0.3585,0.3608,39.58214990278249,20/11/2022
1668988800,0.369,0.3457,0.3645,40.50740689818981,21/11/2022
1669075200,0.3784,0.3513,0.3757,43.336216152014366,22/11/2022
1669161600,0.3824,0.3682,0.3815,44.79999194399568,23/11/2022
1669248000,0.405,0.3742,0.4018,49.69787126620962,24/11/2022
1669334400,0.4194,0.3888,0.4078,51.07952588298925,25/11/2022
1669420800,0.4146,0.3927,0.396,48.27138844678617,26/11/2022
1669507200,0.4096,0.3942,0.3962,48.32324449439433,27/11/2022
1669593600,0.3991,0.373,0.3888,46.46714608728876,28/11/2022
1669680000,0.4039,0.3829,0.3981,49.112547229741004,29/11/2022
1669766400,0.4117,0.3926,0.4078,51.78859812497819,30/11/2022
1669852800,0.4093,0.3944,0.3969,48.69001593478661,01/12/2022
1669939200,0.3975,0.3838,0.3961,48.46084054419443,02/12/2022
1670025600,0.3973,0.3853,0.3873,45.90147637005461,03/12/2022
1670112000,0.3932,0.386,0.3895,46.659913440363965,04/12/2022
1670198400,0.3954,0.38,0.3893,46.59595845757811,05/12/2022
1670284800,0.3925,0.3808,0.3914,47.41103623660522,06/12/2022
1670371200,0.3925,0.3733,0.3835,44.65019898063235,07/12/2022
1670457600,0.3962,0.3826,0.3941,48.94609519814785,08/12/2022
1670544000,0.3952,0.3843,0.3889,47.01818952658628,09/12/2022
1670630400,0.3893,0.3854,0.3865,46.11535967144169,10/12/2022
1670716800,0.3886,0.3778,0.3809,43.99269194857308,11/12/2022
1670803200,0.3898,0.3707,0.3874,47.039854341654454,12/12/2022
1670889600,0.397,0.3786,0.3952,50.51887041685291,13/12/2022
1670976000,0.3956,0.3768,0.3853,46.35647843475181,14/12/2022
1671062400,0.3867,0.3735,0.378,43.50973620379016,15/12/2022
1671148800,0.3799,0.344,0.3511,34.984167562672326,16/12/2022
1671235200,0.3598,0.3467,0.3545,36.673191584472534,17/12/2022
1671321600,0.3556,0.3473,0.3499,35.33569128234413,18/12/2022
1671408000,0.353,0.332,0.3389,32.30185473935225,19/12/2022
1671494400,0.3532,0.3359,0.3482,37.21027891908857,20/12/2022
1671580800,0.3505,0.3371,0.3449,36.20710823671665,21/12/2022
1671667200,0.3503,0.3414,0.3492,38.53250270950895,22/12/2022
1671753600,0.355,0.3471,0.3543,41.26709287853111,23/12/2022
1671840000,0.3544,0.3509,0.3517,40.28317629689744,24/12/2022
1671926400,0.3519,0.3439,0.3457,38.02976419396679,25/12/2022
1672012800,0.37,0.3455,0.3658,48.435986898380406,26/12/2022
1672099200,0.3731,0.3586,0.3675,49.212774002385366,27/12/2022
1672185600,0.3687,0.3546,0.3558,44.269839374380474,28/12/2022
1672272000,0.3577,0.3361,0.3421,39.29312232168722,29/12/2022
1672358400,0.3461,0.3337,0.3451,40.86093730897609,30/12/2022
1672444800,0.3453,0.3384,0.3389,38.639937850888835,31/12/2022
1672531200,0.34,0.3354,0.3387,38.56711289226971,01/01/2023
1672617600,0.3555,0.3,0.3482,43.969056610187614,02/01/2023
1672704000,0.352,0.3395,0.3436,42.04133406093862,03/01/2023
1672790400,0.3605,0.339,0.3472,44.106651723084006,04/01/2023
1672876800,0.3487,0.3333,0.338,40.16741258936149,05/01/2023
1672963200,0.3462,0.3311,0.3443,43.86468799348834,06/01/2023
1673049600,0.3457,0.3413,0.3442,43.818402521985554,07/01/2023
1673136000,0.3469,0.3354,0.3452,44.44965211914996,08/01/2023
1673222400,0.3576,0.3437,0.349,46.89161148918718,09/01/2023
1673308800,0.3541,0.3432,0.3507,47.993056920755585,10/01/2023
1673395200,0.3785,0.3477,0.3728,59.695602292654165,11/01/2023
1673481600,0.382,0.3607,0.3748,60.56051571974559,12/01/2023
1673568000,0.3868,0.368,0.3858,65.00819917072724,13/01/2023
1673654400,0.4089,0.3766,0.3953,68.32994961,14/01/2023
1673740800,0.3969,0.3795,0.3845,61.21541731282392,15/01/2023
1673827200,0.4064,0.3777,0.3855,61.613955140297286,16/01/2023
1673913600,0.3987,0.379,0.3868,62.15834321650222,17/01/2023
1674000000,0.3964,0.3655,0.3782,56.45442835788102,18/01/2023
1674086400,0.3965,0.3762,0.3928,62.710469638134335,19/01/2023
1674172800,0.4141,0.3859,0.4129,69.25847345990066,20/01/2023
1674259200,0.4166,0.3967,0.4034,63.576119798399596,21/01/2023
1674345600,0.4122,0.3962,0.4004,61.85036169379602,22/01/2023
1674432000,0.433,0.3995,0.4234,68.83500496,23/01/2023
1674518400,0.4312,0.4025,0.4078,60.71541300896627,24/01/2023
1674604800,0.4245,0.3965,0.417,63.45333178083543,25/01/2023
1674691200,0.4178,0.4053,0.4092,59.65710621437429,26/01/2023
1674777600,0.4135,0.3988,0.4128,60.82212007199974,27/01/2023
1674864000,0.4168,0.4055,0.4078,58.30378796257341,28/01/2023
1674950400,0.4173,0.4066,0.4134,60.28707698727889,29/01/2023
1675036800,0.4222,0.386,0.3934,50.963631700847365,30/01/2023
1675123200,0.4113,0.388,0.4057,55.519599891323814,31/01/2023
1675209600,0.4157,0.3962,0.4131,58.04514923030097,01/02/2023
1675296000,0.4192,0.408,0.4098,56.50438486005307,02/02/2023
1675382400,0.4137,0.4054,0.4117,57.20867303011218,03/02/2023
1675468800,0.4204,0.4075,0.4106,56.63689414514542,04/02/2023
1675555200,0.412,0.3942,0.3984,50.59683216982102,05/02/2023
1675641600,0.4037,0.3909,0.392,47.721669502417804,06/02/2023
1675728000,0.4048,0.3901,0.4036,52.94132118384231,07/02/2023
1675814400,0.406,0.3936,0.3975,50.108076555749584,08/02/2023
1675900800,0.4092,0.3726,0.3819,43.671346085996504,09/02/2023
1675987200,0.3878,0.3771,0.3817,43.59402914,10/02/2023
1676073600,0.3841,0.3798,0.3833,44.441458701969744,11/02/2023
1676160000,0.385,0.3716,0.3747,40.88584432814195,12/02/2023
1676246400,0.3783,0.3612,0.3703,39.159595283788036,13/02/2023
1676332800,0.3839,0.3644,0.3819,45.672037651559314,14/02/2023
1676419200,0.4024,0.3765,0.4011,54.37694384725694,15/02/2023
1676505600,0.4048,0.384,0.3841,47.170175719752635,16/02/2023
1676592000,0.4,0.3809,0.395,51.599503596733484,17/02/2023
1676678400,0.3976,0.3911,0.3943,51.30202930890764,18/02/2023
1676764800,0.3981,0.3845,0.3863,47.903085185133364,19/02/2023
1676851200,0.409,0.3774,0.3984,52.97759804015167,20/02/2023
1676937600,0.4025,0.3872,0.3919,50.151550976594166,21/02/2023
1677024000,0.3977,0.3828,0.3953,51.60577368189864,22/02/2023
1677110400,0.3979,0.3853,0.3882,48.42857017757519,23/02/2023
1677196800,0.3908,0.3723,0.3783,44.33022784365432,24/02/2023
1677283200,0.3795,0.3692,0.3778,44.127117687884606,25/02/2023
1677369600,0.3807,0.3745,0.3779,44.182200875333976,26/02/2023
1677456000,0.3801,0.3708,0.3785,44.53552139123901,27/02/2023
1677542400,0.3827,0.3719,0.3762,43.401395894261384,28/02/2023
1677628800,0.3848,0.3726,0.3835,47.93343076414469,01/03/2023
1677715200,0.3846,0.3737,0.3772,44.61330672379381,02/03/2023
1677801600,0.3806,0.3539,0.3774,44.74415504326355,03/03/2023
1677888000,0.38,0.368,0.3735,42.62925544877229,04/03/2023
1677974400,0.3774,0.3653,0.3668,39.20120112283451,05/03/2023
1678060800,0.3743,0.3589,0.3695,41.25146898799924,06/03/2023
1678147200,0.3844,0.3669,0.3801,48.58232699679313,07/03/2023
1678233600,0.4018,0.3723,0.3889,53.74289745835583,08/03/2023
1678320000,0.3976,0.3639,0.3706,43.87999080007518,09/03/2023
1678406400,0.3752,0.3571,0.37,43.59748321728229,10/03/2023
1678492800,0.3741,0.3582,0.3638,40.682748776224166,11/03/2023
1678579200,0.3715,0.3473,0.3714,45.49329191372398,12/03/2023
1678665600,0.38,0.3553,0.3724,46.11255018834695,13/03/2023
1678752000,0.387,0.3647,0.3724,46.11255018834695,14/03/2023
1678838400,0.3757,0.356,0.3589,39.14879630871636,15/03/2023
1678924800,0.367,0.3562,0.3647,43.12291224275136,16/03/2023
1679011200,0.3825,0.362,0.3798,51.92566118807628,17/03/2023
1679097600,0.3898,0.3691,0.3739,48.75081566630142,18/03/2023
1679184000,0.4,0.3736,0.3857,54.71449711,19/03/2023
1679270400,0.3913,0.3707,0.3734,48.39302743295584,20/03/2023
1679356800,0.4929,0.3728,0.4696,73.84510601184763,21/03/2023
1679443200,0.475,0.4069,0.4213,58.29868644277855,22/03/2023
1679529600,0.4557,0.4116,0.4438,62.28227293,23/03/2023
1679616000,0.444,0.4141,0.4259,57.570546529893875,24/03/2023
1679702400,0.465,0.4223,0.4429,60.61771909694223,25/03/2023
1679788800,0.4632,0.4403,0.4479,61.493645826802805,26/03/2023
1679875200,0.4888,0.4425,0.479,66.48662893858057,27/03/2023
1679961600,0.534,0.4666,0.5144,71.08293978140135,28/03/2023
1680048000,0.585,0.5145,0.5425,74.11743421077728,29/03/2023
1680134400,0.558,0.5214,0.5319,71.08698821862104,30/03/2023
1680220800,0.564,0.5257,0.5374,71.73280655356908,31/03/2023
1680307200,0.5375,0.4972,0.5095,63.93164752882748,01/04/2023
1680393600,0.529,0.5015,0.518,65.17427480562245,02/04/2023
1680480000,0.525,0.481,0.4959,59.44032623695771,03/04/2023
1680566400,0.5078,0.4871,0.5026,60.57283190060708,04/04/2023
1680652800,0.5271,0.4986,0.5055,61.07939482,05/04/2023
1680739200,0.5097,0.4913,0.5028,60.302568254530094,06/04/2023
1680825600,0.5156,0.4971,0.5126,62.182611632411906,07/04/2023
1680912000,0.513,0.5022,0.5048,59.75685943096961,08/04/2023
1680998400,0.5093,0.4983,0.5054,59.88649061,09/04/2023
1681084800,0.5199,0.5,0.5176,62.52950935465611,10/04/2023
1681171200,0.5283,0.511,0.5167,62.20390172434502,11/04/2023
1681257600,0.5179,0.4984,0.5049,57.94361050723037,12/04/2023
1681344000,0.5156,0.5014,0.5125,59.850887953765685,13/04/2023
1681430400,0.5465,0.5111,0.5227,62.32065768477733,14/04/2023
1681516800,0.5261,0.516,0.5192,60.93548678286947,15/04/2023
1681603200,0.5244,0.5152,0.5209,61.38443810099525,16/04/2023
1681689600,0.521,0.5066,0.5109,57.21871234,17/04/2023
1681776000,0.5391,0.5092,0.5324,63.02806469974766,18/04/2023
1681862400,0.5375,0.471,0.4911,49.20562026602983,19/04/2023
1681948800,0.4993,0.465,0.4752,45.10449996308304,20/04/2023
1682035200,0.4792,0.4403,0.4491,39.312291030300955,21/04/2023
1682121600,0.4761,0.4455,0.4719,45.853711458010295,22/04/2023
1682208000,0.472,0.4526,0.4647,44.23230022427015,23/04/2023
1682294400,0.4857,0.4469,0.4611,43.405840784291144,24/04/2023
1682380800,0.4723,0.4506,0.4695,45.943824350850015,25/04/2023
1682467200,0.4831,0.4329,0.4618,43.996099989272444,26/04/2023
1682553600,0.4699,0.4557,0.4667,45.577242214238375,27/04/2023
1682640000,0.483,0.4637,0.4796,49.61062938672842,28/04/2023
1682726400,0.4869,0.4709,0.478,49.124333058450496,29/04/2023
1682812800,0.4819,0.4687,0.4705,46.80814586347082,30/04/2023
1682899200,0.4724,0.4544,0.4649,45.09833169113141,01/05/2023
1682985600,0.4662,0.4574,0.4645,44.971966923131376,02/05/2023
1683072000,0.4655,0.4497,0.4632,44.535212709880014,03/05/2023
1683158400,0.465,0.4547,0.4608,43.691594991434805,04/05/2023
1683244800,0.4706,0.4545,0.4671,46.55362640279014,05/05/2023
1683331200,0.4695,0.4512,0.4582,43.21213009416636,06/05/2023
1683417600,0.4601,0.4457,0.449,40.01477853930969,07/05/2023
1683504000,0.4512,0.41,0.4283,33.93129482581432,08/05/2023
1683590400,0.4308,0.4202,0.4289,34.24335415651575,09/05/2023
1683676800,0.434,0.4119,0.4303,35.014645291328506,10/05/2023
1683763200,0.4305,0.4114,0.4207,32.22351872439391,11/05/2023
1683849600,0.4446,0.4157,0.4305,37.68443897962926,12/05/2023
1683936000,0.4306,0.4227,0.424,35.63365841248823,13/05/2023
1684022400,0.4317,0.421,0.4253,36.37936811975848,14/05/2023
1684108800,0.4304,0.4214,0.4273,37.577550974945844,15/05/2023
1684195200,0.443,0.4174,0.4425,45.91445178672098,16/05/2023
1684281600,0.4616,0.4375,0.4484,48.77431157837266,17/05/2023
1684368000,0.473,0.443,0.4596,53.77148210784098,18/05/2023
1684454400,0.4755,0.4573,0.4675,56.96077606634496,19/05/2023
1684540800,0.4719,0.4618,0.4685,57.361773236004076,20/05/2023
1684627200,0.4706,0.455,0.4575,51.66001531359323,21/05/2023
1684713600,0.4674,0.4496,0.4618,53.60157136485787,22/05/2023
1684800000,0.4672,0.4583,0.4651,55.09228608,23/05/2023
1684886400,0.4651,0.4457,0.453,48.889801994272496,24/05/2023
1684972800,0.4551,0.4431,0.4538,49.29624930217695,25/05/2023
1685059200,0.4699,0.4524,0.4684,56.14980257736771,26/05/2023
1685145600,0.4792,0.4652,0.4714,57.42330773288942,27/05/2023
1685232000,0.4863,0.4699,0.482,61.66020764503382,28/05/2023
1685318400,0.4954,0.4761,0.4946,65.99234604133264,29/05/2023
1685404800,0.5293,0.4893,0.5205,72.79671456,30/05/2023
1685491200,0.528,0.5009,0.5166,70.50898265852675,31/05/2023
1685577600,0.5167,0.5014,0.5065,64.82711042742659,01/06/2023
1685664000,0.5271,0.5033,0.5244,69.51567534612875,02/06/2023
1685750400,0.534,0.5144,0.5188,66.52785101474454,03/06/2023
1685836800,0.547,0.5151,0.5359,70.67293790539013,04/06/2023
1685923200,0.5431,0.4867,0.509,58.41738268911281,05/06/2023
1686009600,0.5328,0.4952,0.53,63.70838380247773,06/06/2023
1686096000,0.5384,0.507,0.5183,59.189589138495876,07/06/2023
1686182400,0.5278,0.5156,0.5236,60.554481428783724,08/06/2023
1686268800,0.5418,0.5205,0.538,64.07049065416969,09/06/2023
1686355200,0.5388,0.472,0.5067,53.00995204293013,10/06/2023
1686441600,0.5293,0.5027,0.5208,56.64119254370558,11/06/2023
1686528000,0.528,0.5086,0.5251,57.714380642202215,12/06/2023
1686614400,0.5658,0.5054,0.5192,55.67803878843043,13/06/2023
1686700800,0.5205,0.461,0.4801,44.4779629,14/06/2023
1686787200,0.4858,0.4663,0.4801,44.4779629,15/06/2023
1686873600,0.4833,0.4558,0.4759,43.39059979924951,16/06/2023
1686960000,0.4869,0.4694,0.4794,44.605935816152545,17/06/2023
1687046400,0.4979,0.4741,0.4868,47.18755652064499,18/06/2023
1687132800,0.4991,0.4811,0.4936,49.51589309170457,19/06/2023
1687219200,0.4967,0.4716,0.4929,49.27506314016982,20/06/2023
1687305600,0.5034,0.4892,0.4999,51.79970767,21/06/2023
1687392000,0.5272,0.4821,0.4938,49.48819226913705,22/06/2023
1687478400,0.5023,0.484,0.4961,50.38716437443088,23/06/2023
1687564800,0.4961,0.478,0.4865,46.65485027876479,24/06/2023
1687651200,0.4977,0.4829,0.4903,48.287710756942964,25/06/2023
1687737600,0.4919,0.4701,0.479,43.97690611590352,26/06/2023
1687824000,0.4851,0.4759,0.4838,46.175034053522545,27/06/2023
1687910400,0.4844,0.4493,0.4647,39.52879097009345,28/06/2023
1687996800,0.4773,0.4612,0.4747,44.06800463712207,29/06/2023
1688083200,0.4827,0.4498,0.4729,43.43597314443173,30/06/2023
1688169600,0.476,0.464,0.4732,43.58120856411156,01/07/2023
1688256000,0.4961,0.4697,0.4845,48.90312927894869,02/07/2023
1688342400,0.4914,0.4784,0.489,50.889840390258314,03/07/2023
1688428800,0.4935,0.4816,0.4872,50.051534555681066,04/07/2023
1688515200,0.4919,0.4696,0.4777,45.76649498330048,05/07/2023
1688601600,0.4842,0.4612,0.4622,39.782127902058726,06/07/2023
1688688000,0.4708,0.4575,0.4687,43.13985121157933,07/07/2023
1688774400,0.4748,0.4649,0.4704,44.01903591278746,08/07/2023
1688860800,0.4717,0.4664,0.468,43.00799590839578,09/07/2023
1688947200,0.48,0.4622,0.478,48.33293947021195,10/07/2023
1689033600,0.4784,0.4709,0.4753,47.05458448206535,11/07/2023
1689120000,0.4772,0.4648,0.471,45.01269310898962,12/07/2023
1689206400,0.938,0.4695,0.8153,88.40377703597508,13/07/2023
1689292800,0.8253,0.6686,0.7179,71.27005361,14/07/2023
1689379200,0.7362,0.6919,0.7145,70.75454028826412,15/07/2023
1689465600,0.79,0.702,0.7468,72.76963107514953,16/07/2023
1689552000,0.7662,0.7122,0.7374,71.23141359394532,17/07/2023
1689638400,0.785,0.7304,0.7779,73.80100491020994,18/07/2023
1689724800,0.8547,0.7685,0.8199,76.17737510355954,19/07/2023
1689811200,0.8489,0.771,0.7942,71.88090760041166,20/07/2023
1689897600,0.7987,0.7601,0.7713,68.19032177277863,21/07/2023
1689984000,0.7799,0.7215,0.7331,62.43193153574337,22/07/2023
1690070400,0.7525,0.7149,0.7384,62.90004265108998,23/07/2023
1690156800,0.743,0.6808,0.7021,57.60571185039456,24/07/2023
1690243200,0.7163,0.6743,0.7089,58.31356290343313,25/07/2023
1690329600,0.7313,0.6927,0.7161,59.09240030593722,26/07/2023
1690416000,0.7328,0.7061,0.7139,58.73132590861662,27/07/2023
1690502400,0.7189,0.7021,0.712,58.39943959219283,28/07/2023
1690588800,0.7158,0.7041,0.7121,58.41275979154914,29/07/2023
1690675200,0.7358,0.6825,0.7046,56.940188296823635,30/07/2023
1690761600,0.7205,0.685,0.6976,55.53303461914659,31/07/2023
1690848000,0.7082,0.6732,0.7069,57.05161930875571,01/08/2023
1690934400,0.7081,0.6762,0.685,52.50442723222332,02/08/2023
1691020800,0.6875,0.6543,0.663,48.336556142044195,03/08/2023
1691107200,0.6677,0.625,0.6356,43.685338870013496,04/08/2023
1691193600,0.6358,0.6106,0.6288,42.590016975780195,05/08/2023
1691280000,0.6388,0.6214,0.624,41.793433812503224,06/08/2023
1691366400,0.6299,0.5967,0.6236,41.72340021422719,07/08/2023
1691452800,0.6482,0.6141,0.6418,46.14538638584042,08/08/2023
1691539200,0.6662,0.6314,0.6433,46.50566256064034,09/08/2023
1691625600,0.6445,0.6241,0.6331,44.33375783887883,10/08/2023
1691712000,0.6413,0.6257,0.6318,44.05138535879851,11/08/2023
1691798400,0.6335,0.6224,0.6276,43.096351110994426,12/08/2023
1691884800,0.6385,0.6235,0.6256,42.62247649726642,13/08/2023
1691971200,0.6369,0.6241,0.6343,45.43324458432701,14/08/2023
1692057600,0.6348,0.58,0.6104,39.68225142963404,15/08/2023
1692144000,0.617,0.572,0.5889,35.34759918,16/08/2023
1692230400,0.5948,0.4226,0.5064,24.35420000243589,17/08/2023
1692316800,0.523,0.4829,0.5062,24.334441492507395,18/08/2023
1692403200,0.5249,0.5006,0.5199,28.607215258613905,19/08/2023
1692489600,0.5582,0.516,0.5384,34.02505941937925,20/08/2023
1692576000,0.5398,0.503,0.5245,32.05663871538161,21/08/2023
1692662400,0.5256,0.5032,0.521,31.5615138,22/08/2023
1692748800,0.5368,0.5157,0.5301,34.39857125389388,23/08/2023
1692835200,0.5319,0.5111,0.5187,32.57667900709967,24/08/2023
1692921600,0.5319,0.5078,0.5258,34.889651581633686,25/08/2023
1693008000,0.5283,0.5178,0.5231,34.40627226487014,26/08/2023
1693094400,0.5303,0.5163,0.5236,34.58700897070358,27/08/2023
1693180800,0.525,0.5102,0.5232,34.50509801646682,28/08/2023
1693267200,0.5496,0.5131,0.5398,40.77377394618013,29/08/2023
1693353600,0.5404,0.5216,0.5284,38.078345316676284,30/08/2023
1693440000,0.5288,0.495,0.511,34.346229798849805,31/08/2023
1693526400,0.512,0.4864,0.498,31.835674173258795,01/09/2023
1693612800,0.5029,0.4943,0.4988,32.16428397135853,02/09/2023
1693699200,0.5107,0.4971,0.5047,34.66584083319185,03/09/2023
1693785600,0.513,0.4966,0.5087,36.378797981889086,04/09/2023
1693872000,0.5088,0.499,0.5056,35.59979332281479,05/09/2023
1693958400,0.5058,0.4909,0.5033,35.00093758681753,06/09/2023
1694044800,0.5069,0.4965,0.505,35.859775057922874,07/09/2023
1694131200,0.5076,0.4941,0.505,35.859775057922874,08/09/2023
1694217600,0.5049,0.5015,0.5038,35.476031921587975,09/09/2023
1694304000,0.5039,0.4923,0.4969,33.27130205718973,10/09/2023
1694390400,0.4982,0.459,0.4744,27.310912225686565,11/09/2023
1694476800,0.4867,0.47,0.4804,30.867554635428107,12/09/2023
1694563200,0.4897,0.4723,0.4832,32.52673714389621,13/09/2023
1694649600,0.4941,0.4799,0.4892,36.067615804865916,14/09/2023
1694736000,0.5086,0.4874,0.5005,42.217763640002445,15/09/2023
1694822400,0.5035,0.4968,0.4998,41.94855688112833,16/09/2023
1694908800,0.5004,0.4894,0.4925,39.145197795959795,17/09/2023
1694995200,0.5077,0.4864,0.503,44.853783786068135,18/09/2023
1695081600,0.5166,0.5005,0.514,50.13152233725877,19/09/2023
1695168000,0.5254,0.5065,0.5212,53.28311801888508,20/09/2023
1695254400,0.5214,0.5001,0.5071,47.016592197529945,21/09/2023
1695340800,0.517,0.5036,0.5122,49.337508572608314,22/09/2023
1695427200,0.5138,0.5055,0.5076,47.32391147308808,23/09/2023
1695513600,0.5118,0.4984,0.5021,44.96113742149379,24/09/2023
1695600000,0.5072,0.4912,0.5056,46.782052606286776,25/09/2023
1695686400,0.5075,0.496,0.5019,45.08396258061633,26/09/2023
1695772800,0.5071,0.4968,0.4993,43.87867346446495,27/09/2023
1695859200,0.5102,0.4952,0.5098,49.72426200532883,28/09/2023
1695945600,0.5494,0.5061,0.5215,55.31012982013914,29/09/2023
1696032000,0.5218,0.5134,0.5149,51.81298535419323,30/09/2023
1696118400,0.526,0.5137,0.5241,55.99020064590307,01/10/2023
1696204800,0.5266,0.5075,0.5123,50.00290212020022,02/10/2023
1696291200,0.5479,0.5055,0.539,60.337864876536244,03/10/2023
1696377600,0.5426,0.5194,0.5326,57.28132162603324,04/10/2023
1696464000,0.5326,0.5155,0.5227,52.82364200146607,05/10/2023
1696550400,0.5298,0.5169,0.5255,53.91597178814758,06/10/2023
1696636800,0.5258,0.5197,0.5216,52.106255521567086,07/10/2023
1696723200,0.5234,0.5153,0.5174,50.153864413952256,08/10/2023
1696809600,0.5201,0.4875,0.5027,43.94716706911113,09/10/2023
1696896000,0.5027,0.4917,0.4965,41.60835283309824,10/10/2023
1696982400,0.4977,0.4788,0.4888,38.84353031999642,11/10/2023
1697068800,0.4889,0.4729,0.483,36.856854727631855,12/10/2023
1697155200,0.4907,0.4786,0.4851,38.091478622512845,13/10/2023
1697241600,0.4883,0.4835,0.4865,38.94851279531393,14/10/2023
1697328000,0.4902,0.485,0.4874,39.52807579650746,15/10/2023
1697414400,0.5109,0.485,0.4978,45.91717046693262,16/10/2023
1697500800,0.498,0.4845,0.4912,42.82490199347827,17/10/2023
1697587200,0.4924,0.4855,0.4878,41.28253372,18/10/2023
1697673600,0.5245,0.4769,0.5197,56.94900928581803,19/10/2023
1697760000,0.5309,0.5084,0.5149,54.58884027201691,20/10/2023
1697846400,0.5325,0.5109,0.5208,56.95051637512322,21/10/2023
1697932800,0.5242,0.5118,0.5226,57.67374034342342,22/10/2023
1698019200,0.5536,0.5199,0.5475,66.14642319709947,23/10/2023
1698105600,0.5866,0.5346,0.5588,69.16320608923961,24/10/2023
1698192000,0.5639,0.5404,0.5552,67.11136231372285,25/10/2023
1698278400,0.5695,0.5426,0.5533,65.99850608010088,26/10/2023
1698364800,0.5588,0.5325,0.543,60.17325291044753,27/10/2023
1698451200,0.5506,0.5405,0.5446,60.752758039104265,28/10/2023
1698537600,0.5614,0.5405,0.5561,64.72562741865937,29/10/2023
1698624000,0.5843,0.5494,0.578,70.78967373179427,30/10/2023
1698710400,0.6213,0.5627,0.5996,75.29988167177325,31/10/2023
1698796800,0.6164,0.5802,0.6085,76.88367971,01/11/2023
1698883200,0.6262,0.5865,0.6054,75.07788178994349,02/11/2023
1698969600,0.615,0.5914,0.6121,76.36970172563547,03/11/2023
1699056000,0.6181,0.6083,0.6149,76.90839198107669,04/11/2023
1699142400,0.663,0.6137,0.6607,83.52447893823285,05/11/2023
1699228800,0.7324,0.6584,0.7148,87.92534557931208,06/11/2023
1699315200,0.7155,0.65,0.685,75.89887792696855,07/11/2023
1699401600,0.699,0.6725,0.6869,76.12312332545078,08/11/2023
1699488000,0.7069,0.63,0.6665,68.72898673917703,09/11/2023
1699574400,0.6711,0.6359,0.6595,66.34750094668476,10/11/2023
1699660800,0.69,0.6401,0.6626,66.89458669950957,11/11/2023
1699747200,0.6709,0.6458,0.6613,66.40703740557822,12/11/2023
1699833600,0.75,0.6397,0.6702,68.12010978128909,13/11/2023
1699920000,0.6724,0.5967,0.6296,54.473283329502046,14/11/2023
1700006400,0.6504,0.6251,0.6481,58.54829713152082,15/11/2023
1700092800,0.653,0.6033,0.6119,49.25743398814449,16/11/2023
1700179200,0.6244,0.5859,0.6133,49.590597546997614,17/11/2023
1700265600,0.6144,0.589,0.6106,48.923448998727245,18/11/2023
1700352000,0.6286,0.6012,0.6258,52.77519700107002,19/11/2023
1700438400,0.6282,0.6061,0.6122,49.20014249912232,20/11/2023
1700524800,0.6178,0.5725,0.5788,41.72468009985624,21/11/2023
1700611200,0.6162,0.5774,0.6109,49.64365789,22/11/2023
1700697600,0.6238,0.6059,0.6209,51.83927751388406,23/11/2023
1700784000,0.6258,0.6155,0.6212,51.90702458320761,24/11/2023
1700870400,0.6238,0.6157,0.6228,52.29247438160916,25/11/2023
1700956800,0.6375,0.6064,0.6157,50.36350569266419,26/11/2023
1701043200,0.6168,0.5937,0.6039,47.24430180771687,27/11/2023
1701129600,0.6139,0.5957,0.6107,49.19697243527579,28/11/2023
1701216000,0.617,0.604,0.6091,48.73984267604708,29/11/2023
1701302400,0.6099,0.5982,0.6063,47.90102294473229,30/11/2023
1701388800,0.6143,0.6031,0.6125,49.95485445608159,01/12/2023
1701475200,0.6229,0.611,0.6208,52.646153545887046,02/12/2023
1701561600,0.6342,0.6168,0.6229,53.33000790708325,03/12/2023
1701648000,0.6439,0.582,0.6245,53.87653992571451,04/12/2023
1701734400,0.6307,0.6076,0.621,52.43012945188568,05/12/2023
1701820800,0.6437,0.6104,0.64,58.883392594458826,06/12/2023
1701907200,0.6544,0.6204,0.6432,59.87078355189531,07/12/2023
1701993600,0.6756,0.6373,0.6721,67.46886062469773,08/12/2023
1702080000,0.7,0.651,0.6584,61.52208605823177,09/12/2023
1702166400,0.6715,0.6468,0.6617,62.38218753313517,10/12/2023
1702252800,0.6628,0.6,0.6187,47.48683993370891,11/12/2023
1702339200,0.6263,0.6067,0.6192,47.64338803689646,12/12/2023
1702425600,0.6348,0.5925,0.6275,50.29246545657767,13/12/2023
1702512000,0.6379,0.6053,0.6316,51.59533456226371,14/12/2023
1702598400,0.6441,0.6116,0.6156,46.47584495,15/12/2023
1702684800,0.6258,0.61,0.6203,48.10478865671956,16/12/2023
1702771200,0.6237,0.6084,0.6103,44.968935689956425,17/12/2023
1702857600,0.6145,0.5778,0.6125,45.80593760494424,18/12/2023
1702944000,0.6167,0.5972,0.6047,43.29184517017146,19/12/2023
1703030400,0.6264,0.601,0.6171,48.16278628864265,20/12/2023
1703116800,0.6249,0.6103,0.6241,50.73533684942147,21/12/2023
1703203200,0.6317,0.6154,0.6244,50.84791966,22/12/2023
1703289600,0.6249,0.6106,0.6195,48.88296034756379,23/12/2023
1703376000,0.6295,0.6035,0.6121,45.992370398886976,24/12/2023
1703462400,0.6488,0.6082,0.6462,58.24533842003116,25/12/2023
1703548800,0.6469,0.6,0.6219,49.60809242113769,26/12/2023
1703635200,0.6421,0.6127,0.634,53.32009175671022,27/12/2023
1703721600,0.6584,0.6249,0.6346,53.50299551495383,28/12/2023
1703808000,0.6363,0.6121,0.623,49.467438561329935,29/12/2023
1703894400,0.6297,0.6158,0.6207,48.68335843945873,30/12/2023
1703980800,0.6285,0.6055,0.6156,46.907886118388774,31/12/2023
1704067200,0.6309,0.6083,0.6294,52.00816925990981,01/01/2024
1704153600,0.6405,0.6213,0.6246,50.201704207814174,02/01/2024
1704240000,0.6394,0.5,0.5823,37.75582082,03/01/2024
1704326400,0.5938,0.5692,0.5868,39.47491436631954,04/01/2024
1704412800,0.5885,0.553,0.5757,36.776745030356494,05/01/2024
1704499200,0.5758,0.5568,0.5679,34.96800888750737,06/01/2024
1704585600,0.573,0.5454,0.5515,31.46411186337933,07/01/2024
1704672000,0.5821,0.5442,0.5776,41.50911280614197,08/01/2024
1704758400,0.5793,0.5531,0.5669,38.98637155898854,09/01/2024
1704844800,0.615,0.5489,0.6008,49.465353519537786,10/01/2024
1704931200,0.624,0.5856,0.6019,49.76683487101435,11/01/2024
1705017600,0.6035,0.5515,0.5699,41.930040067167184,12/01/2024
1705104000,0.5775,0.563,0.5747,43.37055156387333,13/01/2024
1705190400,0.5932,0.5717,0.5763,43.87037974078159,14/01/2024
1705276800,0.5895,0.5687,0.5757,43.71456071917836,15/01/2024
1705363200,0.5797,0.5659,0.5757,43.71456071917836,16/01/2024
1705449600,0.5763,0.5611,0.5685,41.65548694186822,17/01/2024
1705536000,0.569,0.543,0.552,37.31744432739582,18/01/2024
1705622400,0.5537,0.5216,0.5443,35.461478801286376,19/01/2024
1705708800,0.5551,0.539,0.5534,39.30347715269349,20/01/2024
1705795200,0.5552,0.5451,0.5464,37.45631693592278,21/01/2024
1705881600,0.5497,0.5169,0.5275,32.953141530511616,22/01/2024
1705968000,0.5318,0.4962,0.5183,30.999439446342322,23/01/2024
1706054400,0.5194,0.511,0.5181,30.95647197190155,24/01/2024
1706140800,0.5182,0.5037,0.5138,29.99388097883356,25/01/2024
1706227200,0.5368,0.5084,0.5323,38.80966818455192,26/01/2024
1706313600,0.5349,0.5262,0.5303,38.24889537888851,27/01/2024
1706400000,0.5355,0.5211,0.5241,36.488735159333125,28/01/2024
1706486400,0.54,0.5193,0.5352,41.664583909133704,29/01/2024
1706572800,0.5393,0.5071,0.5107,34.90335319288903,30/01/2024
1706659200,0.5144,0.4853,0.5033,33.15335917465721,31/01/2024
1706745600,0.5107,0.49,0.5058,34.35090225656192,01/02/2024
1706832000,0.5142,0.4987,0.5105,36.64868888750393,02/02/2024
1706918400,0.527,0.506,0.5186,40.51302309838929,03/02/2024
1707004800,0.5192,0.5003,0.5032,36.014988993050906,04/02/2024
1707091200,0.5143,0.4969,0.5069,37.80177191018029,05/02/2024
1707177600,0.5112,0.4981,0.505,37.226879289620086,06/02/2024
1707264000,0.5155,0.4993,0.5138,41.65284472558202,07/02/2024
1707350400,0.52,0.5101,0.5147,42.102457815593354,08/02/2024
1707436800,0.5282,0.514,0.5262,47.653181005094446,09/02/2024
1707523200,0.5282,0.5186,0.5239,46.68908674,10/02/2024
1707609600,0.536,0.5216,0.5261,47.777428723109495,11/02/2024
1707696000,0.538,0.5143,0.5315,50.451281257446404,12/02/2024
1707782400,0.5338,0.514,0.5247,47.17563643919064,13/02/2024
1707868800,0.5418,0.5203,0.5378,53.446457460953255,14/02/2024
1707955200,0.5769,0.537,0.5622,62.39977171318348,15/02/2024
1708041600,0.5791,0.5523,0.5643,63.058281657797096,16/02/2024
1708128000,0.5655,0.5392,0.5496,55.70398948249726,17/02/2024
1708214400,0.5625,0.5471,0.5571,58.37156916,18/02/2024
1708300800,0.5679,0.5538,0.5626,60.261518505436186,19/02/2024
1708387200,0.5751,0.543,0.5622,60.04799748450852,20/02/2024
1708473600,0.5629,0.5326,0.5491,53.377546988338835,21/02/2024
1708560000,0.5517,0.5366,0.541,49.70115725789783,22/02/2024
1708646400,0.5437,0.5251,0.5342,46.78773438370698,23/02/2024
1708732800,0.5481,0.5313,0.545,51.63673422655076,24/02/2024
1708819200,0.5489,0.542,0.5425,50.489783231582976,25/02/2024
1708905600,0.5528,0.5288,0.5506,54.050950101406684,26/02/2024
1708992000,0.5976,0.5476,0.5861,65.69657901684525,27/02/2024
1709078400,0.6059,0.53,0.575,60.53073084004045,28/02/2024
1709164800,0.626,0.5669,0.5867,63.76499012,29/02/2024
1709251200,0.6034,0.5829,0.6013,67.35938479191991,01/03/2024
1709337600,0.6501,0.5993,0.6442,75.15739270420738,02/03/2024
1709424000,0.6446,0.59,0.6271,68.16668693,03/03/2024
1709510400,0.666,0.615,0.6477,71.59443252456362,04/03/2024
1709596800,0.6685,0.5386,0.5912,54.318532551390504,05/03/2024
1709683200,0.624,0.5754,0.6121,58.32464604241005,06/03/2024
1709769600,0.6394,0.6064,0.627,60.953633385485674,07/03/2024
1709856000,0.6338,0.6,0.62,59.068417927459414,08/03/2024
1709942400,0.6323,0.6158,0.6197,58.98421927769962,09/03/2024
1710028800,0.6278,0.5965,0.608,55.652388854624604,10/03/2024
1710115200,0.744,0.583,0.723,72.24667889292601,11/03/2024
1710201600,0.7332,0.6585,0.688,64.35408992550876,12/03/2024
1710288000,0.7026,0.6684,0.6891,64.48540596536674,13/03/2024
1710374400,0.7077,0.6378,0.669,60.126644588206105,14/03/2024
1710460800,0.6759,0.596,0.6342,53.39707906,15/03/2024
1710547200,0.6479,0.5915,0.6031,48.20460414319465,16/03/2024
1710633600,0.6249,0.5869,0.6191,50.852509920234155,17/03/2024
1710720000,0.6686,0.5946,0.6453,54.91686352559468,18/03/2024
1710806400,0.6489,0.5712,0.5845,45.511093006995864,19/03/2024
1710892800,0.6187,0.5681,0.6107,49.52311748,20/03/2024
1710979200,0.6546,0.5972,0.6404,53.68611833585421,21/03/2024
1711065600,0.6454,0.5985,0.6115,49.41538698627057,22/03/2024
1711152000,0.6329,0.6032,0.6167,50.183288438558314,23/03/2024
1711238400,0.6358,0.6133,0.6325,52.54075896855263,24/03/2024
1711324800,0.6629,0.6263,0.6406,53.749139308354586,25/03/2024
1711411200,0.653,0.625,0.6317,52.177138408695825,26/03/2024
1711497600,0.6349,0.6055,0.6118,48.74430364440105,27/03/2024
1711584000,0.6378,0.6033,0.6244,50.94499006029217,28/03/2024
1711670400,0.6455,0.6087,0.6301,51.95006359098004,29/03/2024
1711756800,0.6372,0.6178,0.6212,50.21988853519222,30/03/2024
1711843200,0.6301,0.6204,0.6292,51.77465085637051,31/03/2024
1711929600,0.6336,0.5947,0.611,48.09446836159072,01/04/2024
1712016000,0.6185,0.579,0.5854,43.41938747273159,02/04/2024
1712102400,0.593,0.5663,0.5742,41.51790564437299,03/04/2024
1712188800,0.6176,0.5623,0.5935,45.91353489851005,04/04/2024
1712275200,0.5939,0.5687,0.5871,44.713364700951914,05/04/2024
1712361600,0.5988,0.5852,0.593,46.11183178852279,06/04/2024
1712448000,0.6028,0.5894,0.5944,46.45792097345346,07/04/2024
1712534400,0.6265,0.5881,0.6147,51.338106131091415,08/04/2024
1712620800,0.6431,0.6012,0.6141,51.18959375456258,09/04/2024
1712707200,0.6204,0.5928,0.6172,51.96280046103827,10/04/2024
1712793600,0.6214,0.6029,0.6086,49.61470863842065,11/04/2024
1712880000,0.6159,0.5068,0.5468,36.759769735316894,12/04/2024
1712966400,0.5491,0.4188,0.4788,28.124901684408457,13/04/2024
1713052800,0.5073,0.4637,0.5033,34.128635615662816,14/04/2024
1713139200,0.5189,0.4811,0.4977,33.441045758523856,15/04/2024
1713225600,0.5021,0.4754,0.4965,33.286287512961394,16/04/2024
1713312000,0.5081,0.4715,0.4951,33.09386630855985,17/04/2024
1713398400,0.5057,0.4856,0.5025,35.22534523367014,18/04/2024
1713484800,0.5108,0.4665,0.503,35.37515412749609,19/04/2024
1713571200,0.53,0.4981,0.5288,42.734811103275064,20/04/2024
1713657600,0.5367,0.5183,0.5246,41.89830564153098,21/04/2024
1713744000,0.5715,0.5221,0.556,49.808422176235034,22/04/2024
1713830400,0.5576,0.5415,0.5445,47.27017356706297,23/04/2024
1713916800,0.5519,0.5212,0.5275,43.72304041598667,24/04/2024
1714003200,0.5327,0.5137,0.5254,43.29088317236058,25/04/2024
1714089600,0.5361,0.5143,0.5261,43.49138095101097,26/04/2024
1714176000,0.5265,0.508,0.5179,41.63439165398978,27/04/2024
1714262400,0.5253,0.5085,0.5103,39.93255555827403,28/04/2024
1714348800,0.5175,0.4986,0.5151,41.557383894053864,29/04/2024
1714435200,0.5198,0.4875,0.5006,38.19614549676767,30/04/2024
1714521600,0.5214,0.4782,0.5175,43.89224293223108,01/05/2024
1714608000,0.5245,0.5067,0.518,44.05652089282838,02/05/2024
1714694400,0.5367,0.5145,0.5317,48.505425699378996,03/05/2024
1714780800,0.541,0.5272,0.5302,48.05482072844888,04/05/2024
1714867200,0.5334,0.524,0.5296,47.86328366586593,05/05/2024
1714953600,0.5703,0.5247,0.5402,51.538256981051425,06/05/2024
1715040000,0.5443,0.5217,0.5245,46.329365196918545,07/05/2024
1715126400,0.53,0.5153,0.5171,44.06856952821319,08/05/2024
1715212800,0.5238,0.5087,0.5209,45.53828358398758,09/05/2024
1715299200,0.5209,0.497,0.5022,39.97188564687628,10/05/2024
1715385600,0.5079,0.5005,0.5059,41.49569357627059,11/05/2024
1715472000,0.5088,0.4957,0.4993,39.56627020290338,12/05/2024
1715558400,0.5121,0.4866,0.5053,42.19752520385935,13/05/2024
1715644800,0.5132,0.4972,0.5002,40.580185754183695,14/05/2024
1715731200,0.5196,0.4967,0.5188,48.354687411632426,15/05/2024
1715817600,0.5228,0.5123,0.5157,47.24517499801617,16/05/2024
1715904000,0.5292,0.5135,0.5234,50.295876526650005,17/05/2024
1715990400,0.5256,0.5186,0.5213,49.45589668004002,18/05/2024
1716076800,0.5236,0.5063,0.5096,44.951544361859426,19/05/2024
1716163200,0.538,0.5064,0.5377,55.44690355662109,20/05/2024
1716249600,0.5571,0.5319,0.537,55.16474696472983,21/05/2024
1716336000,0.5383,0.5224,0.5268,51.08534893061379,22/05/2024
1716422400,0.5488,0.5027,0.5289,51.87441662878289,23/05/2024
1716508800,0.5375,0.5168,0.536,54.54427156146272,24/05/2024
1716595200,0.5426,0.5318,0.5416,56.589855255223924,25/05/2024
1716681600,0.542,0.5255,0.5283,50.74866260320068,26/05/2024
1716768000,0.5409,0.5236,0.534,52.98829552386834,27/05/2024
1716854400,0.5355,0.5211,0.5287,50.680560602189985,28/05/2024
1716940800,0.5334,0.52,0.5238,48.57427530584425,29/05/2024
1717027200,0.5283,0.5127,0.5186,46.37174849079581,30/05/2024
1717113600,0.5259,0.5119,0.5176,45.9403383,31/05/2024
1717200000,0.5219,0.5174,0.5187,46.52962619199666,01/06/2024
1717286400,0.5209,0.508,0.5135,44.08325052306874,02/06/2024
1717372800,0.5232,0.5118,0.5199,47.72608882675953,03/06/2024
1717459200,0.5303,0.5182,0.5257,50.85105201969054,04/06/2024
1717545600,0.5326,0.524,0.5258,50.90554606324671,05/06/2024
1717632000,0.5281,0.5164,0.5215,48.41950502938223,06/06/2024
1717718400,0.528,0.4508,0.4991,38.00670255002705,07/06/2024
1717804800,0.5008,0.4897,0.4926,35.613332144427076,08/06/2024
1717891200,0.4992,0.4909,0.4986,39.406469416030866,09/06/2024
1717977600,0.506,0.4933,0.4969,38.71062027661084,10/06/2024
1718064000,0.497,0.4707,0.4802,32.617373257553425,11/06/2024
1718150400,0.4982,0.4742,0.4916,39.60590865875004,12/06/2024
1718236800,0.4917,0.4756,0.4769,34.61981790874688,13/06/2024
1718323200,0.4814,0.4601,0.4746,33.90069360639815,14/06/2024
1718409600,0.5053,0.474,0.4908,42.89781848678915,15/06/2024
1718496000,0.4997,0.4878,0.4891,42.247941748429945,16/06/2024
1718582400,0.5213,0.4838,0.5047,49.76823209937325,17/06/2024
1718668800,0.5096,0.469,0.491,44.311146334239005,18/06/2024
1718755200,0.4996,0.4868,0.4933,45.39368492807458,19/06/2024
1718841600,0.5023,0.4883,0.4888,43.607582019569136,20/06/2024
1718928000,0.4959,0.4797,0.4889,43.66063321442744,21/06/2024
1719014400,0.4897,0.4841,0.4866,42.66643421544517,22/06/2024
1719100800,0.4892,0.4742,0.4797,39.74264539407252,23/06/2024
1719187200,0.4825,0.462,0.474,37.459011831185386,24/06/2024
1719273600,0.4802,0.4731,0.4757,38.59232785433303,25/06/2024
1719360000,0.4783,0.4652,0.4698,36.14431306,26/06/2024
1719446400,0.4771,0.4657,0.4753,39.96724609193681,27/06/2024
1719532800,0.4811,0.4692,0.4716,38.305803264150065,28/06/2024
1719619200,0.4768,0.4716,0.4727,39.11612797985908,29/06/2024
1719705600,0.4784,0.4701,0.4761,41.666501048732094,30/06/2024
1719792000,0.4849,0.4754,0.477,42.35485602023865,01/07/2024
1719878400,0.4889,0.476,0.4853,48.40196574787914,02/07/2024
1719964800,0.4875,0.4611,0.4672,38.834657511130274,03/07/2024
1720051200,0.4697,0.4313,0.4329,27.67200103206835,04/07/2024
1720137600,0.4335,0.3823,0.4251,25.852173197430602,05/07/2024
1720224000,0.4497,0.4235,0.4488,38.98267513581218,06/07/2024
1720310400,0.4495,0.4182,0.4195,31.545274592090905,07/07/2024
1720396800,0.4438,0.4032,0.4316,36.899364945618736,08/07/2024
1720483200,0.4398,0.427,0.4356,38.608781176436636,09/07/2024
1720569600,0.4426,0.431,0.4388,40.008933691625195,10/07/2024
1720656000,0.4573,0.4363,0.4491,44.404179449363106,11/07/2024
1720742400,0.478,0.4445,0.4745,53.45958681094862,12/07/2024
1720828800,0.5661,0.4737,0.5257,65.61678007,13/07/2024
1720915200,0.54,0.5136,0.5205,63.79413581479018,14/07/2024
1721001600,0.5404,0.5203,0.5372,66.96754222691536,15/07/2024
1721088000,0.5945,0.5309,0.5793,73.31694215488842,16/07/2024
1721174400,0.6378,0.5783,0.626,78.29976735543202,17/07/2024
1721260800,0.6369,0.5575,0.5697,63.020625541625414,18/07/2024
1721347200,0.5867,0.54,0.5733,63.510945854358205,19/07/2024
1721433600,0.6047,0.5707,0.5937,66.24246006983311,20/07/2024
1721520000,0.608,0.5721,0.5984,66.85802186771184,21/07/2024
1721606400,0.6229,0.5855,0.608,68.13610128483629,22/07/2024
1721692800,0.617,0.5797,0.5975,65.17558729909464,23/07/2024
1721779200,0.6327,0.5915,0.6179,68.07767114798732,24/07/2024
1721865600,0.629,0.5844,0.5996,63.00532355209135,25/07/2024
1721952000,0.6093,0.586,0.6034,63.61161890717447,26/07/2024
1722038400,0.6091,0.5833,0.5956,61.38768462088938,27/07/2024
1722124800,0.6161,0.591,0.6012,62.403947031907904,28/07/2024
1722211200,0.6124,0.5921,0.6019,62.53668066088176,29/07/2024
1722297600,0.6379,0.5953,0.6277,67.14131589,30/07/2024
1722384000,0.6586,0.6217,0.623,65.56045458668972,31/07/2024
1722470400,0.6303,0.568,0.5964,57.332808546300356,01/08/2024
1722556800,0.597,0.5464,0.5607,48.53010395,02/08/2024
1722643200,0.5777,0.5406,0.5558,47.45316607244141,03/08/2024
1722729600,0.559,0.5136,0.5228,40.87454456673231,04/08/2024
1722816000,0.5257,0.4319,0.4889,35.43923280206141,05/08/2024
1722902400,0.5188,0.4877,0.5062,39.83605522093366,06/08/2024
1722988800,0.6434,0.4922,0.6002,56.97989622676576,07/08/2024
1723075200,0.6424,0.5785,0.6166,59.16611302300202,08/08/2024
1723161600,0.6245,0.5656,0.5805,52.80484646469167,09/08/2024
1723248000,0.6022,0.5779,0.5841,53.34356520964964,10/08/2024
1723334400,0.5935,0.5452,0.5528,48.19278274846827,11/08/2024
1723420800,0.5795,0.5501,0.5684,50.74549617,12/08/2024
1723507200,0.5834,0.5626,0.577,52.14538692013242,13/08/2024
1723593600,0.5828,0.5641,0.5687,50.649202493247365,14/08/2024
1723680000,0.5742,0.5504,0.5607,49.18435374877257,15/08/2024
1723766400,0.5723,0.5535,0.5638,49.79034147729954,16/08/2024
1723852800,0.571,0.5611,0.5665,50.34574622736433,17/08/2024
1723939200,0.5845,0.5625,0.5631,49.601668265627275,18/08/2024
1724025600,0.6091,0.5608,0.5985,56.76620405000892,19/08/2024
1724112000,0.615,0.5875,0.5937,55.61179045729528,20/08/2024
1724198400,0.6056,0.584,0.5999,56.832913566548385,21/08/2024
1724284800,0.6049,0.5923,0.5976,56.215088462554306,22/08/2024
1724371200,0.616,0.5909,0.6109,58.99128542560289,23/08/2024
1724457600,0.631,0.6043,0.6127,59.36678764100268,24/08/2024
1724544000,0.614,0.595,0.6,55.505033545193506,25/08/2024
1724630400,0.6021,0.5782,0.5874,51.898054250453015,26/08/2024
1724716800,0.6003,0.5528,0.5666,46.52329274580464,27/08/2024
1724803200,0.5845,0.5558,0.5693,47.28645253398696,28/08/2024
1724889600,0.577,0.5573,0.5619,45.37518337,29/08/2024
1724976000,0.5678,0.5462,0.5667,46.875134681706264,30/08/2024
1725062400,0.5721,0.5624,0.5662,46.73118608890796,31/08/2024
1725148800,0.5667,0.5434,0.5472,41.51409147300038,01/09/2024
1725235200,0.5688,0.5443,0.5677,48.22972959648788,02/09/2024
1725321600,0.5724,0.5565,0.5572,45.35696429567394,03/09/2024
1725408000,0.5648,0.5326,0.5579,45.58964496,04/09/2024
1725494400,0.5598,0.5399,0.5444,41.885330532375384,05/09/2024
1725580800,0.5473,0.5026,0.5211,36.389596470053284,06/09/2024
1725667200,0.5329,0.5197,0.5248,37.78559575,07/09/2024
1725753600,0.5316,0.5208,0.5295,39.59894877006408,08/09/2024
1725840000,0.5431,0.5269,0.5395,43.38029006835993,09/09/2024
1725926400,0.5428,0.5337,0.5408,43.87222452888354,10/09/2024
1726012800,0.5413,0.5231,0.5348,42.05603762279164,11/09/2024
1726099200,0.5884,0.5334,0.5626,51.975951134240276,12/09/2024
1726185600,0.5745,0.5556,0.5728,55.01873706583725,13/09/2024
1726272000,0.5992,0.5704,0.5956,60.97144361407262,14/09/2024
1726358400,0.5958,0.5686,0.5706,52.73119545,15/09/2024
1726444800,0.5916,0.5598,0.5866,56.75904930691979,16/09/2024
1726531200,0.5934,0.5789,0.5839,55.89350580386666,17/09/2024
1726617600,0.5858,0.562,0.5852,56.239524916473535,18/09/2024
1726704000,0.5945,0.581,0.5868,56.68987300079685,19/09/2024
1726790400,0.593,0.5763,0.5851,56.03008983215738,20/09/2024
1726876800,0.6128,0.58,0.5976,59.74040596358188,21/09/2024
1726963200,0.6053,0.5778,0.5871,55.503582927734534,22/09/2024
1727049600,0.596,0.5787,0.5847,54.55126145034582,23/09/2024
1727136000,0.5927,0.5814,0.5911,56.68552960420364,24/09/2024
1727222400,0.5957,0.5824,0.5831,53.315196245139106,25/09/2024
1727308800,0.5964,0.5739,0.5905,55.92563285542315,26/09/2024
1727395200,0.5972,0.5824,0.5888,55.16252896510861,27/09/2024
1727481600,0.6259,0.5856,0.6138,63.13001773012487,28/09/2024
1727568000,0.6649,0.6076,0.6412,69.52232231092951,29/09/2024
1727654400,0.6548,0.6088,0.6114,57.787672836541056,30/09/2024
1727740800,0.6342,0.5778,0.5967,53.03242565938949,01/10/2024
1727827200,0.6069,0.5267,0.5383,39.22339324872142,02/10/2024
1727913600,0.5445,0.5068,0.5217,36.327780091637734,03/10/2024
1728000000,0.539,0.51,0.534,39.86994431272848,04/10/2024
1728086400,0.5352,0.526,0.5294,38.996211745313474,05/10/2024
1728172800,0.5372,0.5279,0.5336,40.28299979891556,06/10/2024
1728259200,0.5459,0.5286,0.5286,39.222309076257545,07/10/2024
1728345600,0.5358,0.5209,0.531,40.03845108,08/10/2024
1728432000,0.5346,0.521,0.5245,38.529411243565136,09/10/2024
1728518400,0.545,0.5228,0.5305,40.749340832769775,10/10/2024
1728604800,0.5419,0.5296,0.5388,43.77429145303902,11/10/2024
1728691200,0.5432,0.5353,0.5393,43.95990112002088,12/10/2024
1728777600,0.5395,0.5252,0.5321,41.81904753213438,13/10/2024
1728864000,0.5524,0.5282,0.5483,47.959987525687744,14/10/2024
1728950400,0.5556,0.5315,0.5417,45.83729723617069,15/10/2024
1729036800,0.5538,0.5375,0.5482,48.26580433597639,16/10/2024
1729123200,0.5666,0.5419,0.5441,46.83919948284689,17/10/2024
1729209600,0.5532,0.5397,0.5465,47.811611031636254,18/10/2024
1729296000,0.55,0.5406,0.544,46.850255542510645,19/10/2024
1729382400,0.549,0.5366,0.5482,48.71589359,20/10/2024
1729468800,0.5608,0.5409,0.5449,47.31070391,21/10/2024
1729555200,0.5498,0.5291,0.5339,42.87158065385479,22/10/2024
1729641600,0.5341,0.5117,0.5258,39.90254503668334,23/10/2024
1729728000,0.5338,0.5241,0.532,43.148052497374046,24/10/2024
1729814400,0.5322,0.486,0.5022,33.721673309999034,25/10/2024
1729900800,0.5154,0.4989,0.5134,39.10615092492773,26/10/2024
1729987200,0.518,0.5108,0.5168,40.681609459328534,27/10/2024
1730073600,0.5217,0.5113,0.5195,41.965677393113104,28/10/2024
1730160000,0.5305,0.5185,0.5284,46.10702536260114,29/10/2024
1730246400,0.5285,0.5194,0.5229,44.01661839613395,30/10/2024
1730332800,0.5238,0.5031,0.5095,39.33717979910003,31/10/2024
1730419200,0.5244,0.5025,0.5131,41.14737456874825,01/11/2024
1730505600,0.516,0.5063,0.5103,40.143998923455136,02/11/2024
1730592000,0.5111,0.4917,0.503,37.57164263953594,03/11/2024
1730678400,0.5147,0.4957,0.5035,37.86532398001073,04/11/2024
1730764800,0.5191,0.5019,0.514,43.84013880427293,05/11/2024
1730851200,0.5469,0.514,0.5418,55.92459045161589,06/11/2024
1730937600,0.5785,0.5377,0.5556,60.47163066644832,07/11/2024
1731024000,0.56,0.5413,0.5537,59.56056341933091,08/11/2024
1731110400,0.562,0.5436,0.5593,61.40615626,09/11/2024
1731196800,0.6187,0.5555,0.5884,69.25772519,10/11/2024
1731283200,0.633,0.5703,0.6207,75.27131333860112,11/11/2024
1731369600,0.7398,0.5968,0.704,83.97655377531386,12/11/2024
1731456000,0.748,0.64,0.6898,78.87891923383529,13/11/2024
1731542400,0.8473,0.6822,0.7736,84.75881611100291,14/11/2024
1731628800,0.9279,0.7704,0.8922,89.29921907712202,15/11/2024
1731715200,1.2698,0.8778,1.1209,93.38905216958653,16/11/2024
1731801600,1.1603,1.0026,1.0543,83.39333001183965,17/11/2024
1731888000,1.1865,1.0543,1.1137,84.94142945777513,18/11/2024
1731974400,1.148,1.0688,1.1003,83.06032478777294,19/11/2024
1732060800,1.151,1.0556,1.1041,83.17412277834566,20/11/2024
1732147200,1.2643,1.0774,1.247,86.77272088811714,21/11/2024
1732233600,1.5,1.247,1.4726,90.29987545830478,22/11/2024
1732320000,1.63,1.4033,1.4685,89.83105139,23/11/2024
1732406400,1.513,1.2775,1.4331,85.69412413889329,24/11/2024
1732492800,1.5393,1.355,1.4142,83.48359735663297,25/11/2024
1732579200,1.4588,1.2833,1.3984,81.58883207130152,26/11/2024
1732665600,1.5217,1.3524,1.4696,83.41551755478461,27/11/2024
1732752000,1.5465,1.4292,1.5421,85.04284222835044,28/11/2024
1732838400,1.8149,1.5233,1.8006,89.13607381393867,29/11/2024
1732924800,1.9575,1.7635,1.9513,90.72895480154003,30/11/2024
1733011200,2.35,1.8475,2.2937,93.17682431396409,01/12/2024
1733097600,2.8723,2.2011,2.7245,94.97466500166811,02/12/2024
1733184000,2.9092,2.25,2.5102,83.22679857056406,03/12/2024
1733270400,2.68,2.28,2.3574,76.00752214829315,04/12/2024
1733356800,2.4942,2.1743,2.2446,71.10413939781424,05/12/2024
1733443200,2.4637,2.2252,2.4257,74.00377570856314,06/12/2024
1733529600,2.6196,2.384,2.6099,76.57822082,07/12/2024
1733616000,2.6469,2.4843,2.6013,76.19880535253122,08/12/2024
1733702400,2.6076,2.0012,2.2124,61.38693543330929,09/12/2024
1733788800,2.42,1.9,2.3709,64.42233053900648,10/12/2024
1733875200,2.4703,2.2303,2.3941,64.85779564435936,11/12/2024
1733961600,2.484,2.308,2.3384,62.86822681167005,12/12/2024
1734048000,2.4788,2.284,2.4217,64.61635717828848,13/12/2024
1734134400,2.5319,2.3548,2.4005,63.79320881555931,14/12/2024
1734220800,2.473,2.3677,2.4469,64.84867459296777,15/12/2024
1734307200,2.5872,2.3333,2.4841,65.71167312219295,16/12/2024
1734393600,2.7281,2.4401,2.5673,67.62605696,17/12/2024
1734480000,2.5921,2.2478,2.3103,57.03336791885661,18/12/2024
1734566400,2.4317,2.1595,2.239,54.48360902714918,19/12/2024
1734652800,2.355,1.9601,2.2793,55.689415944422166,20/12/2024
1734739200,2.3858,2.1915,2.238,54.107451495888675,21/12/2024
1734825600,2.2938,2.1604,2.2031,52.74394648904512,22/12/2024
1734912000,2.2789,2.1308,2.2617,54.80344672972907,23/12/2024
1734998400,2.3507,2.2138,2.3238,56.94489560964063,24/12/2024
1735084800,2.3325,2.2615,2.2973,55.731391534352205,25/12/2024
1735171200,2.3164,2.1277,2.1559,49.65136032569524,26/12/2024
1735257600,2.2379,2.1149,2.1466,49.270634533123136,27/12/2024
1735344000,2.2076,2.1343,2.1843,50.913808589788054,28/12/2024
1735430400,2.1976,2.0711,2.0942,46.99591719215432,29/12/2024
1735516800,2.1526,1.9954,2.0587,45.50994274140989,30/12/2024
1735603200,2.1491,2.0126,2.0836,46.781024253017215,31/12/2024
1735689600,2.3545,2.0811,2.3328,57.47292709172451,01/01/2025
1735776000,2.4522,2.3297,2.4024,59.896292480655156,02/01/2025
1735862400,2.4798,2.3966,2.4547,61.66410478012433,03/01/2025
1735948800,2.509,2.3999,2.4201,59.786459475030206,04/01/2025
1736035200,2.4285,2.3273,2.3994,58.636121931600485,05/01/2025
1736121600,2.4584,2.3674,2.42,59.47184209666483,06/01/2025
1736208000,2.4683,2.2572,2.2712,51.39436828545849,07/01/2025
1736294400,2.3986,2.2001,2.3731,55.81972717969061,08/01/2025
1736380800,2.3956,2.2351,2.2722,50.879920062494456,09/01/2025
1736467200,2.3699,2.2465,2.3414,53.89350868,10/01/2025
1736553600,2.6036,2.3249,2.5764,62.342785613401034,11/01/2025
1736640000,2.5835,2.47,2.5046,58.79745096795003,12/01/2025
1736726400,2.5634,2.3297,2.5232,59.44092679536835,13/01/2025
1736812800,2.7,2.5126,2.6673,64.11653627,14/01/2025
1736899200,3.2,2.6492,3.1429,74.54611613051439,15/01/2025
1736985600,3.4,2.9228,3.2451,76.15028257,16/01/2025
1737072000,3.3544,3.1758,3.2922,76.87364710868597,17/01/2025
1737158400,3.2996,3.058,3.2697,75.69258267213777,18/01/2025
1737244800,3.2929,2.8277,2.9587,61.60399291196464,19/01/2025
1737331200,3.3695,2.909,3.1053,64.91872082,20/01/2025
1737417600,3.246,3.0124,3.1738,66.37925085563057,21/01/2025
1737504000,3.2854,3.1237,3.1803,66.52168239411719,22/01/2025
1737590400,3.1868,3.0374,3.1194,63.79476224028454,23/01/2025
1737676800,3.2031,3.055,3.1009,62.95055728777783,24/01/2025
1737763200,3.1446,3.0784,3.108,63.15209068597241,25/01/2025
1737849600,3.1443,3.0115,3.0223,58.981582972272996,26/01/2025
1737936000,3.0587,2.6559,3.0552,60.07172114033382,27/01/2025
1738022400,3.214,3.0062,3.0572,60.14107123415909,28/01/2025
1738108800,3.1363,2.9673,3.0683,60.55060011120442,29/01/2025
1738195200,3.1544,3.0466,3.1276,62.75237968090969,30/01/2025
1738281600,3.1333,3.003,3.0361,57.42643807759914,31/01/2025
1738368000,3.0727,2.8281,2.8778,49.58554088,01/02/2025
1738454400,2.9559,2.4603,2.58,38.84129297436102,02/02/2025
1738540800,2.7814,1.7711,2.7001,44.101735581323226,03/02/2025
1738627200,2.7874,2.4209,2.5274,38.91794019,04/02/2025
1738713600,2.5692,2.3384,2.381,35.146496463059776,05/02/2025
1738800000,2.4699,2.2772,2.325,33.797311255925976,06/02/2025
1738886400,2.542,2.2655,2.3968,37.12970368612277,07/02/2025
1738972800,2.4372,2.3506,2.419,38.16608710135036,08/02/2025
1739059200,2.5079,2.3113,2.3928,37.38287277958227,09/02/2025
1739145600,2.4733,2.3235,2.4237,38.97348182198078,10/02/2025
1739232000,2.529,2.3708,2.4131,38.611142861622135,11/02/2025
1739318400,2.4962,2.3323,2.4734,41.91921113345791,12/02/2025
1739404800,2.6061,2.4154,2.5599,46.382689364048574,13/02/2025
1739491200,2.8356,2.53,2.7384,54.203934205433974,14/02/2025
1739577600,2.8335,2.713,2.7619,55.131880931426004,15/02/2025
1739664000,2.8054,2.6879,2.7283,53.46382354964977,16/02/2025
1739750400,2.7648,2.6075,2.6599,50.13816167984609,17/02/2025
1739836800,2.6699,2.4693,2.5628,45.784228237863324,18/02/2025
1739923200,2.747,2.5121,2.7378,53.604051523974555,19/02/2025
1740009600,2.749,2.6671,2.6877,51.321830040613904,20/02/2025
1740096000,2.716,2.5076,2.5721,46.41170565400779,21/02/2025
1740182400,2.6099,2.5505,2.574,46.50230100524583,22/02/2025
1740268800,2.6016,2.5201,2.5763,46.61994612202307,23/02/2025
1740355200,2.609,2.2336,2.2783,35.67379912072303,24/02/2025
1740441600,2.3663,2.0637,2.3222,37.983879253415715,25/02/2025
1740528000,2.3314,2.1507,2.1982,34.24316224526528,26/02/2025
1740614400,2.2577,2.1453,2.1985,34.26003046652491,27/02/2025
1740700800,2.2017,1.951,2.1453,32.66003035063416,28/02/2025
1740787200,2.2199,2.1214,2.1916,35.483960876149325,01/03/2025
1740873600,2.999,2.1735,2.9396,62.69892369190358,02/03/2025
1740960000,2.9676,2.2976,2.3873,46.950464465917904,03/03/2025
1741046400,2.5388,2.2123,2.4543,48.635937442366405,04/03/2025
1741132800,2.5409,2.408,2.4998,49.80233079930992,05/03/2025
1741219200,2.6461,2.4707,2.6001,52.37000785812028,06/03/2025
1741305600,2.6217,2.3435,2.3855,46.848405462692945,07/03/2025
1741392000,2.4106,2.3013,2.3261,45.420894077236596,08/03/2025
1741478400,2.351,2.083,2.1387,41.159757989655525,09/03/2025
1741564800,2.2613,1.9925,2.0216,38.71560827589143,10/03/2025
1741651200,2.2138,1.9,2.1711,43.341436803523656,11/03/2025
1741737600,2.2769,2.1333,2.2396,45.37593689439476,12/03/2025
1741824000,2.347,2.2137,2.2527,45.77693436381739,13/03/2025
1741910400,2.3893,2.2371,2.3564,48.97046706899786,14/03/2025
1741996800,2.4751,2.3525,2.3911,50.03099809137785,15/03/2025
1742083200,2.4109,2.2677,2.2938,47.07656218391305,16/03/2025
1742169600,2.3788,2.2915,2.3382,48.56906326,17/03/2025
1742256000,2.3399,2.2225,2.2851,46.86679464604529,18/03/2025
1742342400,2.59,2.2653,2.5469,55.20314072854212,19/03/2025
1742428800,2.5638,2.389,2.4361,51.51903376781223,20/03/2025
1742515200,2.4669,2.3564,2.3809,49.73812428141363,21/03/2025
1742601600,2.417,2.3594,2.3711,49.41155573938306,22/03/2025
1742688000,2.4409,2.365,2.4393,51.78412020828627,23/03/2025
1742774400,2.5044,2.4134,2.4501,52.16669919590118,24/03/2025
1742860800,2.4783,2.4071,2.4492,52.12957828140512,25/03/2025
1742947200,2.4794,2.328,2.3494,48.046741977681435,26/03/2025
1743033600,2.39,2.3021,2.341,47.70805159512935,27/03/2025
1743120000,2.3433,2.1535,2.2073,42.56492094734991,28/03/2025
1743206400,2.2267,2.0607,2.1351,40.05378670197817,29/03/2025
1743292800,2.2142,2.1077,2.1369,40.14858761,30/03/2025
1743379200,2.1415,2.0238,2.0899,38.43922048340931,31/03/2025
1743465600,2.1999,2.065,2.1387,41.236767541592414,01/04/2025
1743552000,2.233,1.9841,2.0237,36.97276088546721,02/04/2025
1743638400,2.082,1.96,2.0648,39.38511580492441,03/04/2025
1743724800,2.1626,2.016,2.1302,43.11609585128707,04/04/2025
1743811200,2.1764,2.1139,2.1442,43.91197796028511,05/04/2025
1743897600,2.1592,1.8625,1.9218,35.43118510464903,06/04/2025
1743984000,2.0109,1.6134,1.8987,34.68194877335701,07/04/2025
1744070400,1.975,1.777,1.7963,31.50184162118485,08/04/2025
1744156800,2.0897,1.7218,2.0529,45.08925970282395,09/04/2025
1744243200,2.0572,1.9223,1.9658,42.04083441,10/04/2025
1744329600,2.0647,1.9475,2.0225,44.66361996931692,11/04/2025
1744416000,2.1862,2.0033,2.1598,50.50450302377235,12/04/2025
1744502400,2.2475,2.0801,2.1196,48.87775888888748,13/04/2025
1744588800,2.1804,2.1038,2.1275,49.22388498043013,14/04/2025
1744675200,2.1853,2.0837,2.0842,47.33229290523378,15/04/2025
1744761600,2.13,2.0355,2.0834,47.29612994463496,16/04/2025
1744848000,2.1146,2.0524,2.0673,46.525723089082504,17/04/2025
1744934400,2.0896,2.0434,2.0619,46.253583025919475,18/04/2025
1745020800,2.0975,2.0586,2.0877,47.82387987964589,19/04/2025
1745107200,2.0945,2.0388,2.0787,47.30466905434573,20/04/2025
1745193600,2.1409,2.0594,2.0855,47.76609552911008,21/04/2025
1745280000,2.2504,2.0638,2.2139,55.66115711441951,22/04/2025
1745366400,2.301,2.1902,2.2184,55.91266352943854,23/04/2025
1745452800,2.2354,2.1166,2.2049,54.90644121,24/04/2025
1745539200,2.2193,2.1634,2.1812,53.09978391845811,25/04/2025
1745625600,2.2483,2.1796,2.1912,53.79068888498817,26/04/2025
1745712000,2.2948,2.1581,2.252,57.855775472676314,27/04/2025
1745798400,2.363,2.2184,2.2949,60.49644972672338,28/04/2025
1745884800,2.3147,2.2217,2.238,55.52687049616693,29/04/2025
1745971200,2.2588,2.1235,2.1908,51.730644692024796,30/04/2025
1746057600,2.2567,2.1868,2.2123,53.296945841280014,01/05/2025
1746144000,2.2411,2.192,2.2093,53.03832646582239,02/05/2025
1746230400,2.22,2.176,2.1872,51.07225425,03/05/2025
1746316800,2.2188,2.151,2.156,48.347480160568566,04/05/2025
1746403200,2.2,2.1067,2.1306,46.187100979853284,05/05/2025
1746489600,2.1595,2.0777,2.155,48.56480254682631,06/05/2025
1746576000,2.1716,2.1039,2.1265,46.00773876688697,07/05/2025
1746662400,2.3297,2.1176,2.3272,61.41500475466446,08/05/2025
1746748800,2.4291,2.2845,2.3439,62.37706121820938,09/05/2025
1746835200,2.477,2.3359,2.4711,68.76522223840952,10/05/2025
1746921600,2.4844,2.3283,2.367,59.81414437882071,11/05/2025
1747008000,2.6549,2.3515,2.5439,67.54532090921901,12/05/2025
1747094400,2.6053,2.4215,2.5829,68.96298635796451,13/05/2025
1747180800,2.6516,2.5194,2.5503,66.35382998745624,14/05/2025
1747267200,2.5719,2.3525,2.3856,55.026736454033916,15/05/2025
1747353600,2.4399,2.3471,2.3798,54.67278575696765,16/05/2025
1747440000,2.3892,2.2984,2.3531,52.983219183870276,17/05/2025
1747526400,2.4497,2.332,2.428,56.99788298288477,18/05/2025
1747612800,2.441,2.2827,2.3803,53.84462233021888,19/05/2025
1747699200,2.409,2.3141,2.3565,52.29021500187862,20/05/2025
1747785600,2.4288,2.3308,2.3952,54.58599865786287,21/05/2025
1747872000,2.4555,2.3881,2.4311,56.6690038,22/05/2025
1747958400,2.4799,2.2838,2.2966,47.81951370877258,23/05/2025
1748044800,2.36,2.2859,2.3303,49.929347388792536,24/05/2025
1748131200,2.345,2.266,2.3417,50.65617685893026,25/05/2025
1748217600,2.3593,2.2958,2.3103,48.56503977002851,26/05/2025
1748304000,2.3543,2.2671,2.3168,49.034067438025254,27/05/2025
1748390400,2.3232,2.2265,2.2742,46.069030854494294,28/05/2025
1748476800,2.3125,2.238,2.2442,44.04897097801722,29/05/2025
1748563200,2.2523,2.1297,2.1398,37.83200547510743,30/05/2025
1748649600,2.2065,2.0794,2.1738,40.76418244747988,31/05/2025
1748736000,2.1879,2.1231,2.1792,41.238225460346044,01/06/2025
1748822400,2.2045,2.1357,2.1965,42.81706089,02/06/2025
1748908800,2.2821,2.1838,2.2446,47.074882374630796,03/06/2025
1748995200,2.2658,2.1951,2.2009,43.87825943887515,04/06/2025
1749081600,2.2265,2.0591,2.0936,37.19889454020587,05/06/2025
1749168000,2.1903,2.0812,2.1598,42.96726239010071,06/06/2025
1749254400,2.1912,2.1475,2.1769,44.38820129591249,07/06/2025
1749340800,2.2988,2.1661,2.267,51.27637572951301,08/06/2025
1749427200,2.3293,2.2223,2.3211,54.88941599393455,09/06/2025
1749513600,2.3276,2.2601,2.3074,53.80140123107162,10/06/2025
1749600000,2.3379,2.2524,2.2704,50.86873297,11/06/2025
1749686400,2.2733,2.1706,2.1899,45.10771747558603,12/06/2025
1749772800,2.1918,2.0828,2.1472,42.36683258021283,13/06/2025
1749859200,2.1801,2.1093,2.1394,41.866387019920225,14/06/2025
1749945600,2.1759,2.1375,2.1655,44.239865219289726,15/06/2025
1750032000,2.337,2.1512,2.238,50.30888878,16/06/2025
1750118400,2.2572,2.1417,2.159,44.611037607177785,17/06/2025
1750204800,2.1808,2.1181,2.1705,45.5773149,18/06/2025
1750291200,2.1855,2.1441,2.1648,45.15681725568748,19/06/2025
1750377600,2.1797,2.0852,2.1194,41.84529875956263,20/06/2025
1750464000,2.145,2,2.0632,38.11874336038891,21/06/2025
1750550400,2.0898,1.9083,2.0172,35.34423703,22/06/2025
1750636800,2.1706,1.9615,2.1584,47.88377753,23/06/2025
1750723200,2.2165,2.1316,2.1898,50.196959877686396,24/06/2025
1750809600,2.2296,2.1696,2.1859,49.90070652235296,25/06/2025
1750896000,2.2127,2.0956,2.1054,44.11344870119587,26/06/2025
1750982400,2.1556,2.0671,2.1419,47.10869204,27/06/2025
1751068800,2.2079,2.1336,2.1854,50.51276649815759,28/06/2025
1751155200,2.2198,2.1754,2.2061,52.09285286497509,29/06/2025
1751241600,2.3271,2.165,2.2362,54.37413798,30/06/2025
1751328000,2.2537,2.1475,2.172,49.01314717097559,01/07/2025
1751414400,2.2917,2.157,2.2336,53.72734165371767,02/07/2025
1751500800,2.3135,2.2243,2.2569,55.40683198671543,03/07/2025
1751587200,2.2678,2.196,2.2205,52.218195135253424,04/07/2025
1751673600,2.2339,2.2014,2.2178,51.97923870582316,05/07/2025
1751760000,2.29,2.2086,2.2709,56.22217476400297,06/07/2025
1751846400,2.3537,2.2552,2.2708,56.21210179650943,07/07/2025
1751932800,2.3223,2.2485,2.3108,59.349437727710125,08/07/2025
1752019200,2.4288,2.2975,2.4038,65.53275022284257,09/07/2025
1752105600,2.5678,2.3931,2.5471,72.47920916832594,10/07/2025
1752192000,2.975,2.5119,2.7322,78.50527256182677,11/07/2025
1752278400,2.8479,2.6629,2.7395,78.70332749474436,12/07/2025
1752364800,2.8949,2.7232,2.8361,81.17518478075218,13/07/2025
1752451200,3.035,2.8207,2.9582,83.74356938,14/07/2025
1752537600,2.9582,2.8038,2.919,79.97116828735894,15/07/2025
1752624000,3.1,2.8774,3.038,82.54216930665712,16/07/2025
1752710400,3.5495,2.9873,3.4814,88.47733617330904,17/07/2025
1752796800,3.6607,3.3439,3.4135,83.78010099553043,18/07/2025
1752883200,3.4855,3.3547,3.4244,83.92761457839582,19/07/2025
1752969600,3.5579,3.3856,3.454,84.3440178,20/07/2025
1753056000,3.6495,3.4076,3.5495,85.63695275,21/07/2025
1753142400,3.5787,3.4218,3.5504,85.64898101472178,22/07/2025
1753228800,3.5519,3.02,3.1838,62.638243700261086,23/07/2025
1753315200,3.2651,2.9555,3.1453,60.79109750157686,24/07/2025
1753401600,3.1618,2.9981,3.1423,60.64103454,25/07/2025
1753488000,3.2181,3.1088,3.1662,61.45731025172936,26/07/2025
1753574400,3.2515,3.1564,3.2389,63.90925267149755,27/07/2025
1753660800,3.3308,3.1073,3.1235,57.640878393559255,28/07/2025
1753747200,3.1856,3.0533,3.128,57.81463621692609,29/07/2025
1753833600,3.1621,3.001,3.0966,56.085806539011976,30/07/2025
1753920000,3.1784,3.0108,3.0224,52.11960763551383,31/07/2025
1754006400,3.059,2.892,2.9613,49.044010247737674,01/08/2025
1754092800,3.0206,2.7387,2.7695,40.887396774001175,02/08/2025
1754179200,2.9625,2.728,2.948,49.33287873667833,03/08/2025
1754265600,3.0899,2.9312,3.0716,54.211181235129466,04/08/2025
1754352000,3.1072,2.9164,2.9623,49.65796966704397,05/08/2025
1754438400,3.0187,2.9014,2.9908,50.81793523749412,06/08/2025
1754524800,3.3338,2.9641,3.3197,61.76659668592419,07/08/2025
1754611200,3.3825,3.2051,3.2859,60.28142957657013,08/08/2025
1754697600,3.3475,3.2083,3.2259,57.63227880676422,09/08/2025
1754784000,3.2795,3.1521,3.187,55.916558080076406,10/08/2025
1754870400,3.3342,3.1176,3.1295,53.38658514841001,11/08/2025
1754956800,3.3067,3.1041,3.2676,58.27010797616777,12/08/2025
1755043200,3.335,3.2026,3.2744,58.50065708080414,13/08/2025
1755129600,3.3512,2.9915,3.0792,49.96666682818596,14/08/2025
1755216000,3.1427,3.0024,3.0779,49.914443342842326,15/08/2025
1755302400,3.156,3.0715,3.1055,51.08338354686405,16/08/2025
1755388800,3.1472,3.0773,3.0877,50.26854473441296,17/08/2025
1755475200,3.0969,2.9404,3.0616,49.033479345245546,18/08/2025
1755561600,3.0808,2.8488,2.8608,40.74022561010778,19/08/2025
1755648000,2.9896,2.8184,2.9512,45.23133661358358,20/08/2025
1755734400,2.9588,2.8424,2.8519,41.509897184850296,21/08/2025
1755820800,3.1056,2.7826,3.0744,51.198667558591374,22/08/2025
1755907200,3.0756,2.9697,3.0485,50.15713363437003,23/08/2025
1755993600,3.128,2.987,3.0258,49.21220638188822,24/08/2025
1756080000,3.0535,2.8223,2.8584,42.80749248935522,25/08/2025
1756166400,3.0817,2.8459,3.0123,49.335737853631755,26/08/2025
1756252800,3.0454,2.9621,2.9688,47.679125362701136,27/08/2025
1756339200,3.0263,2.9432,2.9665,47.58813796,28/08/2025
1756425600,2.9768,2.7734,2.8195,42.06317656812419,29/08/2025
1756512000,2.8349,2.7604,2.8181,42.01314879726882,30/08/2025
1756598400,2.8693,2.7707,2.7757,40.444272794396014,31/08/2025
1756684800,2.839,2.6975,2.7589,39.809931582325085,01/09/2025
1756771200,2.8641,2.7484,2.862,45.46308216221171,02/09/2025
1756857600,2.8867,2.811,2.8443,44.68710801768114,03/09/2025
1756944000,2.8629,2.7842,2.7946,42.493885843469215,04/09/2025
1757030400,2.8849,2.778,2.8147,43.69740536675385,05/09/2025
1757116800,2.8289,2.7927,2.8098,43.458624349255786,06/09/2025
1757203200,2.9285,2.8092,2.877,47.681041297408015,07/09/2025
1757289600,2.9964,2.8627,2.9697,52.90570335895795,08/09/2025
1757376000,3.0365,2.9337,2.9474,51.571510004417554,09/09/2025
1757462400,3.024,2.9357,2.9834,53.605573080633555,10/09/2025
1757548800,3.049,2.9507,3.0398,56.675699998317256,11/09/2025
1757635200,3.1376,3.018,3.1054,59.991950385789806,12/09/2025
1757721600,3.1858,3.089,3.1193,60.67876348546248,13/09/2025
1757808000,3.1267,3.0099,3.0279,54.10188705673468,14/09/2025
1757894400,3.0669,2.9532,2.9969,52.04157240284326,15/09/2025
1757980800,3.0586,2.9642,3.0376,54.49191653887897,16/09/2025
1758067200,3.1079,2.9814,3.0841,57.18355065177889,17/09/2025
1758153600,3.1397,3.0558,3.0735,56.36513184467745,18/09/2025
1758240000,3.0941,2.9784,2.9901,50.26905951201691,19/09/2025
1758326400,3.0091,2.9652,2.975,49.230879276373514,20/09/2025
1758412800,3.0135,2.9523,2.9701,48.87811043307691,21/09/2025
1758499200,2.9755,2.6975,2.8526,41.24575842030588,22/09/2025
1758585600,2.8964,2.7991,2.8247,39.66206775744222,23/09/2025
1758672000,2.9955,2.7883,2.9257,47.51808754711804,24/09/2025
1758758400,2.9446,2.7244,2.7435,37.92515849564175,25/09/2025
1758844800,2.809,2.6984,2.7835,40.75299926277808,26/09/2025
1758931200,2.8287,2.7619,2.8047,42.25447466368245,27/09/2025
1759017600,2.8675,2.7661,2.8674,46.56742372745174,28/09/2025
1759104000,2.9289,2.8454,2.8801,47.423996812543265,29/09/2025
1759190400,2.9077,2.8132,2.8468,45.37021482221571,30/09/2025
1759276800,2.9616,2.8141,2.9485,52.18128688883741,01/10/2025
1759363200,3.0998,2.9403,3.0389,57.27988265121103,02/10/2025
1759449600,3.0948,3.0041,3.0401,57.34489878974346,03/10/2025
1759536000,3.0522,2.939,2.9685,52.23655923433101,04/10/2025
1759622400,3.0716,2.9468,2.9697,52.31323105415485,05/10/2025
1759708800,3.0506,2.9551,2.9883,53.55766149963281,06/10/2025
1759795200,3.0012,2.8489,2.852,44.41155411411143,07/10/2025
1759881600,2.9248,2.8303,2.8797,46.41432821399027,08/10/2025
1759968000,2.8801,2.7714,2.8021,41.86388595253494,09/10/2025
1760054400,2.8372,1.2543,2.3704,26.373228565717426,10/10/2025
1760140800,2.5061,2.3,2.3819,27.146586754911482,11/10/2025
1760227200,2.5841,2.3121,2.5282,36.31166166494841,12/10/2025
1760313600,2.646,2.5125,2.6052,40.55066901308964,13/10/2025
1760400000,2.6208,2.3888,2.5033,37.037389063066996,14/10/2025
1760486400,2.5475,2.3754,2.4109,34.14826711195788,15/10/2025
1760572800,2.4665,2.2833,2.328,31.75492980748824,16/10/2025
1760659200,2.4,2.1901,2.2936,30.790564697440985,17/10/2025
1760745600,2.3915,2.2894,2.3596,34.87691394379475,18/10/2025
1760832000,2.4195,2.3177,2.3908,36.77728607234687,19/10/2025
1760918400,2.5529,2.3547,2.4948,42.77209013142024,20/10/2025
1761004800,2.5323,2.4011,2.4222,39.926018499585425,21/10/2025
1761091200,2.4375,2.3255,2.3647,37.78173054065287,22/10/2025
1761177600,2.4259,2.3617,2.3947,39.60424756109086,23/10/2025
1761264000,2.516,2.3863,2.5103,46.15001423910424,24/10/2025
1761350400,2.6542,2.5021,2.5959,50.43391459,25/10/2025
1761436800,2.6624,2.592,2.6461,52.80508938396901,26/10/2025
1761523200,2.6975,2.6013,2.634,52.157408188102266,27/10/2025
1761609600,2.6887,2.5675,2.6034,50.47143036153287,28/10/2025
1761696000,2.664,2.537,2.5502,47.591136357373585,29/10/2025
1761782400,2.5944,2.3769,2.4393,42.186468869591906,30/10/2025
1761868800,2.5546,2.4311,2.5097,46.35157149358405,31/10/2025
1761955200,2.5233,2.476,2.5053,46.12789284643486,01/11/2025
1762041600,2.5549,2.478,2.5267,47.45598765,02/11/2025
1762128000,2.5322,2.2631,2.3096,37.38644000213194,03/11/2025
1762214400,2.3655,2.0665,2.2053,33.68811691245132,04/11/2025
1762300800,2.3766,2.1015,2.3432,41.87499594432362,05/11/2025
1762387200,2.416,2.1796,2.213,37.20458707277516,06/11/2025
1762473600,2.3729,2.1536,2.3154,42.62459069889625,07/11/2025
1762560000,2.3381,2.2424,2.2863,41.52764119582845,08/11/2025
1762646400,2.395,2.2392,2.3662,45.66253412461458,09/11/2025
1762732800,2.5808,2.3462,2.526,52.84474900227472,10/11/2025
1762819200,2.57,2.3787,2.3915,47.19086208904308,11/11/2025
1762905600,2.4491,2.3166,2.3879,47.04577432128852,12/11/2025
1762992000,2.5264,2.2757,2.3225,44.37654257,13/11/2025
1763078400,2.3416,2.2256,2.2443,41.35513838,14/11/2025
1763164800,2.3034,2.2111,2.2372,41.081649602374235,15/11/2025
1763251200,2.28,2.1558,2.2149,40.18281133294332,16/11/2025
1763337600,2.3077,2.1146,2.1637,38.12055486,17/11/2025
1763424000,2.2413,2.1064,2.2172,41.49912708927829,18/11/2025
1763510400,2.2196,2.0244,2.1098,37.117813259706175,19/11/2025
1763596800,2.1498,1.9743,1.9999,33.24944432639832,20/11/2025
1763683200,2.0308,1.8209,1.9509,31.664891996415037,21/11/2025
1763769600,1.9671,1.889,1.9509,31.664891996415037,22/11/2025
1763856000,2.0846,1.9497,2.0491,38.47930147983362,23/11/2025
1763942400,2.2868,2.0238,2.2276,48.52716731089904,24/11/2025
1764028800,2.2652,2.1482,2.2024,47.35137090001721,25/11/2025
1764115200,2.2547,2.1447,2.2233,48.46660583545924,26/11/2025
1764201600,2.2347,2.1727,2.1999,47.25956145020069,27/11/2025
1764288000,2.2752,2.1565,2.1795,46.17979063105117,28/11/2025
1764374400,2.2231,2.1666,2.2009,47.53400708059704,29/11/2025
1764460800,2.215,2.1524,2.155,44.92307386800585,30/11/2025
1764547200,2.1609,1.9835,2.0297,38.677494420674385,01/12/2025
1764633600,2.1831,1.995,2.1532,46.56325896633936,02/12/2025
1764720000,2.219,2.1414,2.1976,49.09758784995493,03/12/2025
1764806400,2.2146,2.0691,2.096,43.95982148983131,04/12/2025
1764892800,2.113,2.0125,2.0344,41.148321980696466,05/12/2025
1764979200,2.0504,2.0154,2.0309,40.987919904170596,06/12/2025
1765065600,2.1109,1.9894,2.0442,41.91452289508739,07/12/2025
1765152000,2.1239,2.0319,2.0724,43.92502268377605,08/12/2025
1765238400,2.178,2.0419,2.1062,46.32316866788317,09/12/2025
1765324800,2.1108,2.0346,2.0418,42.586122528546134,10/12/2025
1765411200,2.057,1.9767,2.034,42.142671483939324,11/12/2025
1765497600,2.0478,1.9692,2.0074,40.59038295205151,12/12/2025
1765584000,2.0482,2.0068,2.0227,41.91565178394325,13/12/2025
1765670400,2.0306,1.9527,1.9784,39.18971185956691,14/12/2025
1765756800,2.0143,1.8695,1.8981,34.774987962519845,15/12/2025
1765843200,1.9491,1.852,1.9297,37.746983140605714,16/12/2025
1765929600,1.9874,1.8474,1.8627,34.18982469712772,17/12/2025
1766016000,1.9341,1.8,1.8076,31.556125804239315,18/12/2025
1766102400,1.9213,1.7711,1.9092,40.63671385,19/12/2025
1766188800,1.9588,1.8936,1.9335,42.59827382189411,20/12/2025
1766275200,1.9498,1.8948,1.9223,41.91087806176349,21/12/2025
1766361600,1.9493,1.8917,1.9043,40.77215611118659,22/12/2025
1766448000,1.91,1.863,1.8734,38.822127762859296,23/12/2025
1766534400,1.8783,1.8372,1.8628,38.14809322432838,24/12/2025
1766620800,1.8892,1.8291,1.8326,36.21869710389818,25/12/2025
1766707200,1.8833,1.8246,1.8437,37.470495164632624,26/12/2025
1766793600,1.8788,1.8417,1.8735,40.82813504023762,27/12/2025
1766880000,1.8796,1.8539,1.8654,40.19632157906486,28/12/2025
1766966400,1.918,1.845,1.8508,39.02408680278179,29/12/2025
1767052800,1.8864,1.8439,1.8776,42.347707771176104,30/12/2025
1767139200,1.8839,1.8123,1.8423,39.30847497588005,31/12/2025
1767225600,1.8811,1.8261,1.8799,43.92486221351626,01/01/2026
1767312000,2.0315,1.8689,2.0069,56.07730796510663,02/01/2026
1767398400,2.0561,1.9844,2.0182,56.97085106187073,03/01/2026
1767484800,2.1204,2.0163,2.0909,62.28658316,04/01/2026
1767571200,2.3695,2.0877,2.3478,74.34682147520569,05/01/2026
1767657600,2.4172,2.2046,2.3042,70.24137779784549,06/01/2026
1767744000,2.3205,2.1517,2.1657,59.0806844,07/01/2026
1767830400,2.1925,2.0649,2.1232,56.13326266731616,08/01/2026
1767916800,2.1622,2.0727,2.0958,54.25405287702212,09/01/2026
1768003200,2.1106,2.0806,2.0907,53.89240423724143,10/01/2026
1768089600,2.11,2.045,2.0745,52.69091492694845,11/01/2026
1768176000,2.1086,2.035,2.054,51.13726427026294,12/01/2026
1768262400,2.185,2.0474,2.1655,58.33357012207141,13/01/2026
1768348800,2.1924,2.1116,2.1394,56.24538475,14/01/2026
1768435200,2.1434,2.0532,2.0789,51.63151907481605,15/01/2026
1768521600,2.0866,2.0263,2.0678,50.80802093846205,16/01/2026
1768608000,2.0834,2.0536,2.0631,50.44116765391727,17/01/2026
1768694400,2.0679,1.9861,1.9914,45.09222678684219,18/01/2026
1768780800,2.0299,1.847,1.986,44.70770203489292,19/01/2026
1768867200,1.9909,1.87,1.89,38.43305026235523,20/01/2026
1768953600,1.9907,1.8712,1.9476,43.55211788558827,21/01/2026
1769040000,1.9679,1.9016,1.9236,41.98566371356696,22/01/2026
1769126400,1.9656,1.8873,1.9196,41.716356357401935,23/01/2026
1769212800,1.9276,1.91,1.9143,41.338003297495725,24/01/2026
1769299200,1.9168,1.8111,1.8356,36.10193915589976,25/01/2026
1769385600,1.946,1.8331,1.9041,42.88333123887004,26/01/2026
1769472000,1.9295,1.8741,1.9158,43.97697950857818,27/01/2026
1769558400,1.9427,1.8944,1.9111,43.61569092669328,28/01/2026
1769644800,1.9134,1.778,1.8076,36.503676602584335,29/01/2026
1769731200,1.8131,1.7107,1.7352,32.51018965869589,30/01/2026
1769817600,1.7547,1.5028,1.6472,28.437872840076878,31/01/2026
1769904000,1.6805,1.5526,1.5908,26.174857508819983,01/02/2026
1769990400,1.6571,1.5307,1.6198,29.29066569576382,02/02/2026
1770076800,1.6339,1.5274,1.5791,27.53427487550698,03/02/2026
1770163200,1.6122,1.4948,1.512,24.88491545308281,04/02/2026
1770249600,1.5154,1.1371,1.2146,17.05296087929318,05/02/2026
1770336000,1.5442,1.1172,1.4698,35.74195368211868,06/02/2026
1770422400,1.4879,1.3858,1.4231,34.22239893298904,07/02/2026
1770508800,1.4703,1.4099,1.4308,34.71524170662673,08/02/2026
1770595200,1.4642,1.3728,1.437,35.136661864715876,09/02/2026
1770681600,1.4532,1.3916,1.3999,33.73342543133677,10/02/2026
1770768000,1.4205,1.3421,1.3697,32.59237693,11/02/2026
1770854400,1.4082,1.3461,1.3635,32.35044491454046,12/02/2026
1770940800,1.4285,1.3485,1.4071,35.950997573348246,13/02/2026
1771027200,1.5138,1.4051,1.5094,43.54360881659401,14/02/2026
1771113600,1.6714,1.445,1.4753,41.766279074636316,15/02/2026
1771200000,1.5171,1.4485,1.4876,42.67519062772745,16/02/2026
1771286400,1.495,1.4268,1.4743,41.913407644597555,17/02/2026
1771372800,1.4943,1.4102,1.4219,38.96242846980446,18/02/2026
1771459200,1.4381,1.382,1.4068,38.12931807121561,19/02/2026
1771545600,1.4389,1.3775,1.4292,40.17298276718464,20/02/2026
1771632000,1.4642,1.4198,1.4304,40.28677515,21/02/2026
1771718400,1.4338,1.38,1.3932,37.88137185044322,22/02/2026
1771804800,1.4248,1.3301,1.3518,35.351626089886565,23/02/2026
1771891200,1.3676,1.3124,1.3482,35.1319211,24/02/2026
1771977600,1.4935,1.3404,1.4339,44.046853308621145,25/02/2026
1772064000,1.4691,1.3827,1.4027,41.79485388,26/02/2026
1772150400,1.4262,1.3386,1.3501,38.24475010618204,27/02/2026